Outlier,1.022726984
Outlier,1.02007498
Normal,1.01919001
Normal,1.017277578
Normal,1.010532521
Normal,0.992397729
Normal,0.981746223
Normal,0.974823873
Normal,0.968634826
Normal,0.966347481
Normal,0.965642074
Normal,0.959323322
Normal,0.949921808
Normal,0.939787081
Normal,0.938075068
Normal,0.931741271
Normal,0.925968927
Normal,0.920606118
Outlier,0.911317065
Normal,0.910701633
Normal,0.900621943
Normal,0.899789953
Normal,0.899119332
Normal,0.893915703
Normal,0.892326973
Normal,0.882797557
Normal,0.876320674
Normal,0.875720619
Normal,0.865114081
Outlier,0.855229317
Normal,0.845298492
Normal,0.842421499
Normal,0.839810865
Normal,0.833418452
Outlier,0.8324212
Normal,0.831190592
Normal,0.830905617
Normal,0.830903417
Normal,0.830647151
Normal,0.829562695
Normal,0.820889189
Normal,0.820541882
Normal,0.817796577
Normal,0.817118514
Normal,0.816615614
Outlier,0.814585556
Normal,0.814548416
Normal,0.811423499
Normal,0.805231481
Normal,0.804837371
Normal,0.799363308
Normal,0.797097152
Normal,0.796617407
Normal,0.791917125
Normal,0.791199757
Normal,0.787345222
Normal,0.782036739
Normal,0.778574805
Normal,0.777460645
Normal,0.777191353
Normal,0.77413355
Normal,0.772903115
Normal,0.772441355
Normal,0.771928453
Normal,0.771560678
Normal,0.768251849
Normal,0.767208479
Normal,0.764873163
Normal,0.763477275
Normal,0.763264305
Normal,0.760671765
Normal,0.759460093
Normal,0.755185454
Normal,0.750611406
Normal,0.750560836
Normal,0.749798975
Normal,0.748313382
Normal,0.748203479
Normal,0.747149772
Normal,0.744608929
Normal,0.7445693
Normal,0.743637425
Normal,0.740388557
Normal,0.739666781
Normal,0.739065353
Normal,0.736751215
Normal,0.735268499
Normal,0.729858688
Normal,0.728849897
Normal,0.728099264
Normal,0.72150785
Normal,0.721415122
Normal,0.721042086
Normal,0.720321502
Outlier,0.717443166
Normal,0.715284971
Normal,0.714068423
Normal,0.712113626
Normal,0.711659591
Normal,0.711121671
Normal,0.710653722
Normal,0.709416713
Normal,0.708882332
Normal,0.708623358
Normal,0.7085068
Outlier,0.707320704
Normal,0.70653365
Normal,0.706185159
Normal,0.705761261
Normal,0.704669156
Normal,0.702656462
Normal,0.700306982
Normal,0.699907096
Normal,0.699582055
Normal,0.698151914
Normal,0.696749623
Normal,0.696635953
Normal,0.69527863
Normal,0.69516658
Normal,0.694340426
Outlier,0.69430922
Normal,0.692676713
Normal,0.692530955
Outlier,0.692482962
Normal,0.688197831
Normal,0.687688273
Normal,0.687163045
Normal,0.686597512
Normal,0.686322126
Normal,0.685359172
Normal,0.685252903
Normal,0.685236774
Normal,0.684102276
Normal,0.683916616
Normal,0.683448631
Outlier,0.683152559
Normal,0.682733909
Normal,0.682280799
Normal,0.680516372
Normal,0.680308717
Normal,0.679355631
Normal,0.679223095
Normal,0.67887413
Normal,0.675974669
Normal,0.675345388
Normal,0.675198197
Normal,0.673710608
Normal,0.673386888
Normal,0.673274592
Normal,0.673249666
Normal,0.673246866
Normal,0.673201498
Normal,0.672478571
Normal,0.671827021
Normal,0.671545258
Normal,0.671419095
Normal,0.670471794
Normal,0.669536628
Outlier,0.66914337
Normal,0.668242353
Normal,0.667001097
Normal,0.666563555
Normal,0.665562459
Normal,0.664296757
Normal,0.664037168
Normal,0.663340481
Normal,0.663082792
Normal,0.662998016
Normal,0.661179563
Normal,0.66113555
Normal,0.659971632
Normal,0.659861502
Normal,0.659840489
Normal,0.659122171
Outlier,0.657943878
Normal,0.657433659
Normal,0.656445295
Normal,0.655956758
Normal,0.655700088
Normal,0.655406668
Normal,0.655310588
Normal,0.655218517
Normal,0.654522395
Normal,0.653491334
Normal,0.653311678
Normal,0.653278749
Normal,0.652958051
Normal,0.652198062
Normal,0.651520982
Normal,0.65147136
Normal,0.649689166
Normal,0.649357378
Normal,0.648818706
Normal,0.64863852
Normal,0.648366692
Normal,0.646345228
Normal,0.645518551
Normal,0.645482231
Normal,0.645161323
Normal,0.645044987
Normal,0.645005937
Normal,0.6448988
Normal,0.644766939
Normal,0.644671176
Normal,0.644554306
Normal,0.644430157
Normal,0.644159436
Normal,0.643705033
Normal,0.643615249
Normal,0.643089767
Normal,0.642405991
Normal,0.642047665
Normal,0.641616028
Normal,0.641330205
Normal,0.639595192
Normal,0.638924165
Normal,0.638540344
Normal,0.638252149
Normal,0.638064235
Normal,0.637162956
Normal,0.63601508
Normal,0.635706644
Normal,0.634644851
Normal,0.634543551
Normal,0.633549663
Normal,0.633519712
Normal,0.632885541
Normal,0.632001761
Normal,0.63180488
Normal,0.63121106
Normal,0.630291148
Normal,0.630146671
Normal,0.629880291
Normal,0.629737264
Normal,0.629501766
Normal,0.628781831
Normal,0.628483708
Normal,0.628191409
Normal,0.627904212
Normal,0.627894928
Normal,0.627719005
Normal,0.626845067
Normal,0.626613136
Normal,0.626443039
Normal,0.625159169
Normal,0.624982433
Normal,0.624453815
Normal,0.624334818
Normal,0.62397016
Normal,0.623886124
Normal,0.623515087
Normal,0.62333876
Normal,0.622394522
Normal,0.621553458
Normal,0.621176578
Normal,0.62114254
Normal,0.620348167
Normal,0.620175292
Normal,0.620133574
Normal,0.619937846
Normal,0.619856139
Normal,0.61957368
Normal,0.619263508
Normal,0.618804598
Normal,0.618804072
Normal,0.618505582
Normal,0.617841115
Normal,0.616552748
Normal,0.61639324
Normal,0.616179696
Normal,0.616011605
Normal,0.615957751
Normal,0.615385261
Normal,0.615318934
Normal,0.615138055
Normal,0.614697986
Normal,0.6137069
Normal,0.613691306
Normal,0.613578807
Normal,0.613406118
Normal,0.613306473
Normal,0.613192271
Normal,0.6130816
Normal,0.613016817
Normal,0.612455047
Normal,0.612295121
Normal,0.611758517
Normal,0.611738917
Normal,0.611592205
Normal,0.611325493
Normal,0.611129549
Normal,0.611119983
Normal,0.610982642
Normal,0.610703181
Normal,0.610423712
Normal,0.610378703
Normal,0.610112207
Normal,0.609762974
Normal,0.609637673
Normal,0.608915855
Normal,0.608903793
Normal,0.608842616
Normal,0.608505861
Normal,0.608155007
Normal,0.60790726
Normal,0.607557196
Normal,0.607380319
Normal,0.606580781
Normal,0.60636543
Normal,0.606347568
Normal,0.606136905
Normal,0.605627887
Normal,0.605427084
Normal,0.605207765
Normal,0.60498972
Normal,0.604925291
Normal,0.604604536
Outlier,0.604002876
Normal,0.603759889
Normal,0.603268259
Normal,0.601215087
Normal,0.601148896
Normal,0.600951558
Normal,0.600590821
Normal,0.600279272
Normal,0.599943393
Normal,0.599773901
Normal,0.599607225
Normal,0.599229057
Normal,0.599169834
Normal,0.599161206
Normal,0.599091454
Normal,0.599068239
Normal,0.59843539
Normal,0.597268892
Normal,0.596149685
Normal,0.5959467
Normal,0.595346595
Normal,0.595221635
Normal,0.595122264
Outlier,0.595000373
Normal,0.594806424
Normal,0.594685229
Normal,0.594363429
Normal,0.594184104
Normal,0.593787243
Normal,0.593565316
Normal,0.59332704
Normal,0.593235361
Normal,0.592555807
Outlier,0.592459184
Normal,0.592324089
Normal,0.592159878
Normal,0.592050867
Normal,0.591953458
Normal,0.591905431
Normal,0.59148246
Normal,0.590526642
Normal,0.590471489
Normal,0.590110269
Normal,0.590073594
Normal,0.589944146
Normal,0.589918516
Normal,0.589545503
Normal,0.589538431
Normal,0.589285312
Normal,0.588869208
Normal,0.588700686
Normal,0.588694267
Normal,0.58805001
Normal,0.587457806
Normal,0.587128209
Normal,0.586703128
Normal,0.586519435
Normal,0.586166474
Normal,0.585757535
Normal,0.585283092
Normal,0.585000952
Normal,0.584704113
Normal,0.584554392
Outlier,0.583816591
Normal,0.583471301
Normal,0.583237146
Normal,0.583151276
Normal,0.583015806
Outlier,0.582850787
Normal,0.582200675
Normal,0.582107403
Normal,0.582063476
Normal,0.581291208
Normal,0.581091835
Normal,0.580977068
Normal,0.58088082
Normal,0.580879233
Normal,0.580673229
Normal,0.58059976
Normal,0.580574539
Normal,0.580151725
Normal,0.580133247
Normal,0.579663805
Outlier,0.579499256
Normal,0.579002803
Normal,0.578822538
Normal,0.578450672
Normal,0.578353582
Normal,0.57820267
Normal,0.577997917
Normal,0.577733059
Normal,0.577117501
Normal,0.577104938
Normal,0.577102925
Normal,0.577050057
Normal,0.576260452
Normal,0.575577087
Normal,0.575361719
Normal,0.574380087
Normal,0.574169107
Normal,0.57409114
Normal,0.573592471
Normal,0.573566148
Normal,0.573303239
Normal,0.573187612
Normal,0.573135776
Normal,0.573075154
Normal,0.572796818
Normal,0.572690039
Normal,0.572490182
Normal,0.572458342
Normal,0.572298576
Normal,0.572268851
Normal,0.57223155
Normal,0.572109761
Normal,0.572105105
Normal,0.571561906
Normal,0.571104173
Normal,0.571088603
Normal,0.570730423
Normal,0.570559725
Normal,0.569885549
Normal,0.569297576
Normal,0.569229059
Normal,0.568294534
Normal,0.568281146
Normal,0.568012065
Normal,0.567790215
Normal,0.56733548
Normal,0.566893639
Normal,0.566539399
Normal,0.56624198
Normal,0.566153326
Normal,0.566004466
Normal,0.565843264
Normal,0.565741614
Normal,0.565425744
Normal,0.565176407
Normal,0.564882332
Normal,0.564610166
Normal,0.56441802
Normal,0.564406975
Normal,0.564383334
Normal,0.564336623
Normal,0.564306237
Normal,0.563961379
Normal,0.563798876
Normal,0.563750186
Outlier,0.563516454
Normal,0.56351443
Normal,0.56339704
Normal,0.563087202
Normal,0.562878422
Normal,0.562877694
Normal,0.562822062
Normal,0.562647592
Normal,0.562175508
Normal,0.562160081
Normal,0.562025751
Normal,0.561916724
Normal,0.561366818
Normal,0.561102793
Normal,0.561021628
Normal,0.560726664
Normal,0.560371063
Normal,0.559734228
Normal,0.559661279
Normal,0.559471894
Normal,0.559359969
Normal,0.559332346
Normal,0.558995989
Normal,0.558783547
Normal,0.558748048
Normal,0.558284658
Normal,0.558108809
Normal,0.55797411
Normal,0.557866018
Normal,0.557832665
Normal,0.557119491
Normal,0.557072555
Normal,0.557027505
Outlier,0.556855198
Normal,0.556653323
Normal,0.556485419
Normal,0.556316448
Normal,0.556001688
Normal,0.5559897
Normal,0.555802024
Normal,0.555371946
Normal,0.555202327
Normal,0.554581264
Normal,0.554380066
Normal,0.554354753
Normal,0.553724846
Normal,0.553529934
Normal,0.553220263
Normal,0.552953856
Normal,0.552649049
Normal,0.552548533
Normal,0.552490801
Normal,0.552322366
Normal,0.552290197
Normal,0.552171058
Normal,0.551704836
Normal,0.55163012
Normal,0.550779247
Normal,0.550713447
Normal,0.550366775
Normal,0.549975458
Normal,0.549669674
Normal,0.549330458
Normal,0.548350887
Normal,0.547419471
Normal,0.547402594
Normal,0.547324117
Normal,0.546658326
Normal,0.546403488
Normal,0.545861278
Normal,0.545595581
Normal,0.545571703
Normal,0.545446637
Normal,0.545399216
Normal,0.545297049
Normal,0.545019588
Normal,0.544882803
Normal,0.544787625
Normal,0.54436205
Normal,0.543782514
Normal,0.543642493
Normal,0.543430648
Normal,0.543398822
Normal,0.543395226
Normal,0.543047835
Normal,0.542799014
Normal,0.542767618
Normal,0.542602867
Normal,0.542495752
Normal,0.54230635
Normal,0.541846535
Normal,0.541580592
Normal,0.541467661
Normal,0.541090966
Normal,0.540410571
Normal,0.540086645
Normal,0.539444194
Normal,0.539392676
Normal,0.539311468
Normal,0.539292821
Normal,0.539220355
Normal,0.539052064
Normal,0.53888354
Normal,0.538799055
Normal,0.538585178
Normal,0.538236135
Normal,0.537697226
Normal,0.537691921
Normal,0.537473846
Normal,0.537428551
Normal,0.537368671
Normal,0.537105606
Normal,0.536993229
Normal,0.536989252
Normal,0.536835985
Normal,0.53673673
Normal,0.536456637
Normal,0.536233506
Normal,0.53613917
Normal,0.535044163
Normal,0.534855966
Normal,0.534615653
Outlier,0.534451936
Normal,0.534416981
Normal,0.534362963
Normal,0.534312606
Normal,0.53367647
Normal,0.533632815
Normal,0.53340151
Normal,0.533356973
Normal,0.533143622
Normal,0.532387722
Normal,0.532219287
Normal,0.531670714
Normal,0.531468616
Normal,0.531287916
Normal,0.53044807
Normal,0.530427233
Normal,0.530312473
Normal,0.530151493
Normal,0.529547434
Normal,0.529256152
Outlier,0.529009938
Normal,0.528917897
Normal,0.528662625
Normal,0.528086901
Normal,0.528013739
Normal,0.527949275
Normal,0.527678908
Normal,0.527611983
Normal,0.527362514
Normal,0.527333388
Normal,0.527329979
Normal,0.526858905
Normal,0.52675731
Normal,0.526409578
Normal,0.526311629
Normal,0.526153419
Normal,0.525736565
Normal,0.525156269
Normal,0.524798132
Normal,0.524572434
Normal,0.524286113
Normal,0.523728275
Normal,0.523481833
Normal,0.523140694
Normal,0.522768226
Normal,0.522711772
Normal,0.522637295
Normal,0.52240425
Normal,0.522321472
Normal,0.521978386
Normal,0.521695532
Normal,0.521049321
Normal,0.520907665
Normal,0.520743584
Normal,0.520734431
Normal,0.52069868
Normal,0.520210927
Normal,0.520026313
Normal,0.5200052
Normal,0.519678116
Normal,0.519300997
Normal,0.519140106
Normal,0.518823001
Normal,0.518686287
Normal,0.518575908
Normal,0.518351683
Normal,0.518275595
Normal,0.518215682
Normal,0.518015605
Normal,0.517801874
Normal,0.517234935
Normal,0.517148696
Normal,0.51682168
Normal,0.516819527
Normal,0.516591229
Normal,0.516532813
Normal,0.516371451
Normal,0.516279889
Normal,0.516209715
Normal,0.51605452
Normal,0.515946693
Normal,0.51564441
Normal,0.5155402
Normal,0.515522533
Normal,0.514925568
Normal,0.514803571
Normal,0.514112279
Normal,0.513847621
Normal,0.513845408
Normal,0.513662338
Normal,0.513659056
Normal,0.513029029
Normal,0.512876023
Normal,0.512074423
Normal,0.511954871
Normal,0.511841406
Normal,0.511793685
Normal,0.511716671
Normal,0.511656655
Normal,0.511436838
Normal,0.511114145
Normal,0.51096298
Normal,0.510425043
Normal,0.50988926
Normal,0.509833688
Normal,0.509603239
Normal,0.509185897
Normal,0.509175105
Normal,0.509086149
Normal,0.50905409
Normal,0.508885982
Normal,0.508713533
Normal,0.508696443
Normal,0.508576571
Normal,0.508294951
Normal,0.507545796
Normal,0.50740119
Normal,0.507238409
Normal,0.507005654
Normal,0.506473573
Normal,0.506447727
Normal,0.506287911
Normal,0.506282901
Normal,0.506077344
Normal,0.50579626
Normal,0.505749378
Normal,0.505607377
Normal,0.505271318
Normal,0.505151293
Normal,0.504591306
Normal,0.50422977
Normal,0.504204693
Normal,0.503885713
Normal,0.503859483
Normal,0.503644945
Normal,0.503372997
Normal,0.503317245
Normal,0.503278826
Normal,0.503203756
Normal,0.503082558
Normal,0.503010711
Normal,0.502797365
Normal,0.502521181
Normal,0.502471145
Normal,0.502435141
Normal,0.502057338
Normal,0.501664666
Normal,0.501435783
Normal,0.501268929
Normal,0.500576786
Normal,0.500493694
Normal,0.500288263
Normal,0.500172481
Normal,0.500096348
Normal,0.499845925
Normal,0.499614144
Normal,0.49890602
Normal,0.498782804
Normal,0.498261233
Normal,0.497902791
Normal,0.497590397
Normal,0.49741053
Normal,0.497077061
Normal,0.496975255
Normal,0.496950805
Normal,0.496718502
Normal,0.496704683
Normal,0.496527504
Normal,0.496287701
Normal,0.496113967
Normal,0.495863011
Normal,0.495707131
Normal,0.49529496
Normal,0.495249896
Normal,0.495028221
Normal,0.494973001
Normal,0.49471491
Normal,0.494342369
Normal,0.494224742
Normal,0.493819665
Normal,0.493369166
Normal,0.493236702
Normal,0.492929242
Normal,0.492739228
Normal,0.492188737
Normal,0.491924186
Normal,0.491576108
Normal,0.491520785
Normal,0.491492605
Outlier,0.491278671
Normal,0.490976651
Normal,0.490924695
Normal,0.490865154
Normal,0.490804823
Normal,0.490795807
Normal,0.490595084
Normal,0.490505191
Normal,0.490306073
Normal,0.490298739
Normal,0.490145246
Normal,0.489794356
Normal,0.489520331
Normal,0.48937992
Normal,0.489362318
Normal,0.489227175
Normal,0.489070034
Normal,0.488992241
Normal,0.488922154
Normal,0.488902575
Normal,0.488820201
Normal,0.48850923
Normal,0.487935163
Normal,0.487917221
Normal,0.48790582
Normal,0.487836071
Normal,0.487645837
Normal,0.48762643
Normal,0.487369831
Normal,0.487210096
Normal,0.486904962
Normal,0.486892669
Normal,0.486790792
Normal,0.486472222
Normal,0.486359469
Normal,0.486321447
Normal,0.486164648
Normal,0.485987049
Normal,0.485952216
Normal,0.48588136
Normal,0.485612093
Normal,0.485455763
Normal,0.485455045
Normal,0.485392537
Normal,0.485158908
Normal,0.485106383
Normal,0.484977725
Outlier,0.484788191
Normal,0.484665187
Normal,0.484576962
Normal,0.48401411
Normal,0.483936125
Normal,0.48393478
Outlier,0.483621303
Normal,0.483364266
Normal,0.48325226
Normal,0.48323488
Normal,0.483126115
Normal,0.48311918
Normal,0.4830115
Normal,0.482857224
Normal,0.482453074
Normal,0.482373164
Normal,0.482203477
Normal,0.482129425
Normal,0.482016671
Normal,0.481876281
Normal,0.481814597
Normal,0.481752839
Normal,0.481649827
Normal,0.481631667
Normal,0.481577177
Normal,0.481150663
Normal,0.480676121
Normal,0.480492427
Normal,0.480454147
Normal,0.480266021
Normal,0.480054388
Normal,0.479579942
Normal,0.479541341
Normal,0.47952964
Normal,0.479449938
Normal,0.479372583
Normal,0.479111084
Normal,0.479080048
Normal,0.478961627
Normal,0.478953932
Normal,0.478903348
Normal,0.478873647
Normal,0.478819146
Normal,0.478802662
Normal,0.478376036
Normal,0.478028428
Normal,0.477786668
Normal,0.477205623
Normal,0.477024367
Normal,0.476794632
Normal,0.476783454
Normal,0.476560992
Normal,0.476213066
Normal,0.476050539
Normal,0.475308246
Normal,0.475296243
Normal,0.475179452
Normal,0.475108031
Normal,0.474943692
Normal,0.47426475
Normal,0.474195413
Normal,0.4738761
Normal,0.473812448
Normal,0.473623209
Normal,0.473575085
Normal,0.473291194
Normal,0.473278903
Normal,0.473008638
Normal,0.472879119
Normal,0.472751138
Normal,0.47226259
Normal,0.471827755
Normal,0.471797567
Normal,0.47169554
Normal,0.471686158
Normal,0.47165026
Normal,0.471647766
Normal,0.471631667
Normal,0.471469917
Normal,0.471324221
Normal,0.471306588
Normal,0.47106875
Normal,0.470945499
Normal,0.470838549
Normal,0.470584937
Normal,0.470578059
Normal,0.470470486
Normal,0.470467319
Normal,0.470431832
Normal,0.47006379
Normal,0.469965579
Normal,0.469882471
Normal,0.469733279
Normal,0.4696987
Normal,0.469557017
Normal,0.469434737
Normal,0.4693843
Normal,0.46916712
Normal,0.469078244
Normal,0.469071971
Normal,0.468843672
Normal,0.468823659
Normal,0.468711471
Normal,0.468505625
Normal,0.468480348
Normal,0.467906381
Normal,0.467818069
Normal,0.467571523
Normal,0.467513286
Normal,0.467438309
Normal,0.467301329
Normal,0.467213441
Normal,0.466929247
Normal,0.46657788
Normal,0.466091794
Normal,0.466081584
Normal,0.465949822
Normal,0.465910481
Normal,0.465534514
Normal,0.465262257
Normal,0.465021974
Normal,0.464966279
Normal,0.464410889
Normal,0.464212316
Normal,0.463910902
Normal,0.463839338
Outlier,0.463796685
Normal,0.463313179
Normal,0.463244188
Normal,0.463103795
Normal,0.463066415
Normal,0.463040348
Normal,0.462727779
Normal,0.462697759
Normal,0.462230385
Normal,0.462228378
Normal,0.461862284
Normal,0.461760136
Normal,0.461707226
Normal,0.461667101
Normal,0.461546705
Normal,0.461477801
Normal,0.460904737
Normal,0.460841461
Normal,0.460700218
Normal,0.460673073
Normal,0.460583869
Normal,0.460485645
Normal,0.460372968
Normal,0.460302357
Normal,0.459989484
Normal,0.459679286
Normal,0.459239524
Normal,0.458905771
Normal,0.458331159
Normal,0.458213909
Normal,0.458209869
Normal,0.458159318
Normal,0.458133869
Normal,0.45807944
Normal,0.458031017
Normal,0.457994084
Normal,0.457984819
Normal,0.457817911
Normal,0.457640895
Normal,0.457007567
Normal,0.456993992
Normal,0.456803445
Normal,0.456700835
Normal,0.456629538
Normal,0.45661438
Normal,0.456529869
Normal,0.456298449
Normal,0.456231232
Normal,0.455902366
Normal,0.455711477
Normal,0.455657732
Normal,0.455621699
Normal,0.45557902
Outlier,0.455406233
Normal,0.455291148
Normal,0.45524664
Normal,0.455205195
Normal,0.455188599
Normal,0.455132926
Normal,0.454935973
Normal,0.454902081
Normal,0.45468881
Normal,0.454665918
Normal,0.454573023
Normal,0.454516782
Normal,0.454471672
Normal,0.454385073
Normal,0.454236653
Normal,0.453893869
Normal,0.453665022
Normal,0.453649311
Normal,0.453583414
Normal,0.453494193
Normal,0.453437039
Normal,0.453037102
Normal,0.452519833
Normal,0.452420835
Normal,0.452386454
Normal,0.452173823
Normal,0.452052923
Normal,0.452005896
Normal,0.451644514
Normal,0.451632797
Normal,0.451620175
Normal,0.451469071
Normal,0.451301012
Normal,0.451118733
Normal,0.450858225
Normal,0.450607577
Normal,0.450571446
Normal,0.45057039
Normal,0.450529865
Normal,0.450063535
Normal,0.449170034
Normal,0.449153449
Normal,0.448861368
Normal,0.448543995
Normal,0.448348436
Normal,0.448279847
Normal,0.448141197
Normal,0.447809983
Normal,0.447723581
Normal,0.447487017
Normal,0.447439205
Normal,0.447417726
Normal,0.447135905
Normal,0.446947553
Normal,0.446880529
Normal,0.446722992
Normal,0.446456655
Normal,0.446303968
Normal,0.446189475
Normal,0.446187862
Normal,0.446179243
Normal,0.446032941
Normal,0.44593691
Normal,0.445934719
Normal,0.445765136
Normal,0.44557337
Normal,0.445310972
Normal,0.444930266
Normal,0.444892217
Normal,0.444852208
Normal,0.444836252
Normal,0.444616364
Normal,0.44456561
Normal,0.444556216
Normal,0.444485368
Normal,0.444433669
Normal,0.444429631
Normal,0.444415682
Normal,0.443969044
Normal,0.443899241
Normal,0.44376001
Normal,0.443637843
Normal,0.443555189
Normal,0.443381678
Normal,0.443376107
Normal,0.443281642
Normal,0.443084662
Normal,0.442990782
Normal,0.442956244
Normal,0.442799631
Normal,0.44278606
Normal,0.442702432
Normal,0.442455847
Normal,0.442261197
Normal,0.44223091
Normal,0.442123401
Normal,0.442084259
Normal,0.442023051
Normal,0.441934496
Normal,0.441785221
Normal,0.441620652
Normal,0.441355145
Normal,0.441116701
Normal,0.441101394
Normal,0.440990013
Normal,0.440687424
Normal,0.440476187
Normal,0.440239728
Normal,0.440147545
Normal,0.43982585
Normal,0.43970278
Normal,0.439678748
Normal,0.439666769
Normal,0.439507755
Normal,0.439438947
Normal,0.439409453
Normal,0.439145586
Normal,0.438617968
Normal,0.438588398
Normal,0.438169109
Normal,0.43798236
Normal,0.437964533
Normal,0.437850845
Normal,0.437829672
Normal,0.437048352
Normal,0.436699595
Normal,0.436685823
Normal,0.436617661
Normal,0.436425664
Normal,0.436253955
Normal,0.43623183
Normal,0.436132072
Normal,0.436008886
Normal,0.435998868
Normal,0.435869057
Normal,0.435868483
Normal,0.43585024
Normal,0.435614232
Normal,0.435563927
Normal,0.43540829
Normal,0.435329889
Normal,0.434983972
Normal,0.43488701
Normal,0.434628897
Normal,0.434358092
Normal,0.43434027
Normal,0.43427849
Normal,0.433948683
Normal,0.433675698
Normal,0.433510017
Normal,0.433377361
Normal,0.432565523
Normal,0.4323164
Normal,0.432092493
Normal,0.431981641
Normal,0.431543603
Normal,0.431278131
Normal,0.430634523
Normal,0.430615076
Normal,0.430555637
Normal,0.430394022
Normal,0.430266162
Normal,0.429825815
Normal,0.429342548
Normal,0.429090556
Normal,0.429077785
Normal,0.428711465
Normal,0.42853035
Normal,0.428459398
Normal,0.428391725
Normal,0.42819392
Normal,0.428130981
Normal,0.428016383
Normal,0.427871233
Normal,0.427715731
Normal,0.427704169
Normal,0.427590928
Normal,0.427335892
Normal,0.426213387
Normal,0.426212624
Normal,0.426154443
Normal,0.425310924
Normal,0.425299326
Normal,0.42494815
Normal,0.424869414
Normal,0.424618324
Normal,0.424582093
Normal,0.424556608
Normal,0.424295915
Normal,0.423787113
Normal,0.423720916
Normal,0.423646555
Normal,0.423575224
Normal,0.423220277
Normal,0.423127866
Normal,0.423093597
Normal,0.422953709
Normal,0.422863166
Normal,0.422628406
Normal,0.422480711
Normal,0.422396739
Normal,0.421492395
Normal,0.421321623
Normal,0.421056291
Normal,0.42032944
Normal,0.420198579
Normal,0.420184012
Normal,0.420073895
Normal,0.420037564
Normal,0.419937737
Normal,0.419881829
Normal,0.419647068
Normal,0.419194131
Normal,0.419062134
Normal,0.418863111
Normal,0.418850562
Normal,0.418357069
Normal,0.41817088
Normal,0.418152953
Normal,0.417987
Normal,0.417721842
Normal,0.417598102
Normal,0.417563962
Normal,0.417439104
Normal,0.417382197
Normal,0.417358761
Normal,0.417314108
Normal,0.417211557
Normal,0.417054149
Normal,0.417007554
Normal,0.416686781
Normal,0.416616005
Normal,0.416597765
Normal,0.416370332
Normal,0.416136275
Normal,0.416127613
Normal,0.416026275
Normal,0.415675367
Normal,0.41562531
Normal,0.415543526
Normal,0.415208073
Normal,0.415175999
Normal,0.414993192
Normal,0.414946579
Normal,0.414868053
Normal,0.414849669
Normal,0.414283677
Normal,0.413861718
Normal,0.413835393
Normal,0.41326569
Normal,0.413192374
Normal,0.413187437
Normal,0.41260531
Normal,0.41260236
Normal,0.412397944
Outlier,0.411904796
Normal,0.411593235
Normal,0.411250582
Normal,0.41124227
Normal,0.411150949
Normal,0.411085744
Normal,0.41078328
Normal,0.410180955
Normal,0.410110807
Normal,0.410063892
Normal,0.409561388
Normal,0.409451298
Normal,0.409351862
Normal,0.409065391
Normal,0.408375975
Normal,0.408370951
Normal,0.40816885
Normal,0.408154678
Normal,0.408029227
Normal,0.407719119
Normal,0.407316948
Normal,0.406849527
Normal,0.406415719
Normal,0.406402301
Normal,0.406203699
Normal,0.405903794
Normal,0.405799237
Normal,0.405753806
Normal,0.405592902
Normal,0.405504467
Normal,0.405376661
Normal,0.40514676
Normal,0.405087163
Normal,0.405075747
Normal,0.404795404
Normal,0.404761933
Normal,0.404731316
Normal,0.404386274
Normal,0.404346014
Normal,0.404054648
Normal,0.404029487
Normal,0.403915755
Normal,0.403734817
Normal,0.403534218
Normal,0.403470911
Normal,0.403339123
Normal,0.402997933
Normal,0.402927244
Normal,0.402734315
Normal,0.402710359
Normal,0.40265112
Normal,0.402558644
Normal,0.402464835
Normal,0.402157498
Normal,0.402152817
Normal,0.401470438
Normal,0.401299417
Normal,0.400927869
Normal,0.400709097
Normal,0.400556583
Normal,0.400349652
Normal,0.400290826
Normal,0.400241989
Normal,0.40007695
Normal,0.400056195
Normal,0.400051842
Normal,0.399845363
Normal,0.399765052
Normal,0.399207232
Normal,0.399019673
Normal,0.398844688
Normal,0.39878343
Normal,0.398515743
Normal,0.398436012
Normal,0.398412511
Normal,0.398402463
Normal,0.397880184
Normal,0.397539355
Normal,0.397504147
Outlier,0.397467302
Normal,0.39746631
Normal,0.397428043
Normal,0.397345658
Normal,0.397111924
Normal,0.397024342
Normal,0.396918872
Normal,0.396884329
Normal,0.396880006
Normal,0.396786531
Normal,0.396597225
Normal,0.396381438
Normal,0.396284376
Normal,0.395917203
Normal,0.395812031
Normal,0.395499635
Normal,0.395382852
Normal,0.395352315
Normal,0.395268082
Normal,0.395249989
Normal,0.395214613
Normal,0.395084164
Normal,0.395082005
Normal,0.395059832
Normal,0.394978728
Normal,0.394901664
Normal,0.394828264
Normal,0.394752581
Normal,0.394695983
Normal,0.394692759
Normal,0.394683114
Normal,0.394585612
Normal,0.393958806
Normal,0.393940732
Normal,0.393909397
Normal,0.393893774
Normal,0.393854504
Normal,0.393792224
Normal,0.393780349
Normal,0.39374164
Normal,0.393631069
Normal,0.393481608
Normal,0.393314746
Normal,0.392989405
Normal,0.392868872
Normal,0.392539949
Normal,0.392517178
Normal,0.392485792
Normal,0.392410672
Normal,0.392279909
Normal,0.392194019
Normal,0.391998107
Normal,0.39176082
Normal,0.39159726
Normal,0.391392168
Normal,0.391290804
Normal,0.391257308
Normal,0.391207646
Normal,0.391174365
Normal,0.391053481
Normal,0.390918905
Normal,0.390851566
Normal,0.390753541
Normal,0.390528967
Normal,0.390515509
Normal,0.39044749
Normal,0.390218928
Normal,0.390054935
Normal,0.389981648
Normal,0.389903023
Normal,0.389827385
Outlier,0.389528596
Normal,0.38944454
Normal,0.389337399
Normal,0.389158006
Normal,0.389063725
Normal,0.389010194
Normal,0.388852772
Normal,0.38884551
Normal,0.388583735
Normal,0.388380965
Normal,0.38834192
Normal,0.388277954
Normal,0.388258279
Normal,0.387689644
Normal,0.387379245
Normal,0.387300809
Normal,0.387208542
Normal,0.387020017
Normal,0.386938817
Normal,0.386886016
Normal,0.386236033
Normal,0.385767758
Normal,0.385368587
Normal,0.385297861
Normal,0.385243399
Normal,0.384722911
Normal,0.384151568
Normal,0.383984263
Normal,0.383905464
Normal,0.383692974
Normal,0.383662341
Normal,0.383606021
Normal,0.383544519
Normal,0.383532185
Normal,0.383234384
Normal,0.383221098
Normal,0.38318018
Normal,0.38304959
Normal,0.382985731
Normal,0.382917246
Normal,0.382901745
Normal,0.382843055
Normal,0.382766967
Normal,0.382681684
Normal,0.382599161
Normal,0.382460191
Normal,0.382287943
Normal,0.382143369
Normal,0.38210384
Normal,0.382101816
Normal,0.382045851
Normal,0.382030318
Normal,0.381706607
Normal,0.381660337
Normal,0.381655878
Normal,0.381535702
Normal,0.381201547
Normal,0.381120655
Normal,0.381058251
Normal,0.381050975
Normal,0.380938271
Normal,0.380915738
Normal,0.38076199
Normal,0.380699867
Normal,0.380671286
Normal,0.380557404
Normal,0.380462558
Normal,0.380399881
Normal,0.380253886
Normal,0.380037143
Normal,0.379978579
Normal,0.379773164
Normal,0.379710553
Normal,0.379513415
Normal,0.379392963
Normal,0.379360512
Normal,0.37929814
Normal,0.378854289
Normal,0.378783457
Normal,0.378701599
Normal,0.378512519
Normal,0.378409967
Normal,0.378345375
Normal,0.378330841
Normal,0.37809355
Normal,0.378023659
Normal,0.377882411
Normal,0.377581201
Normal,0.377262354
Normal,0.376999705
Normal,0.376889599
Normal,0.376871586
Normal,0.376275666
Normal,0.37626152
Normal,0.376249295
Normal,0.376205876
Normal,0.376114622
Normal,0.376111618
Normal,0.376073147
Normal,0.376037048
Normal,0.375985423
Normal,0.375780973
Normal,0.375623085
Normal,0.375098645
Normal,0.375036338
Normal,0.374880739
Normal,0.374322041
Normal,0.374263515
Normal,0.37414123
Normal,0.374140754
Normal,0.374120466
Normal,0.373977847
Normal,0.373971324
Normal,0.373938844
Normal,0.373855784
Normal,0.373820028
Normal,0.373674275
Normal,0.373510894
Normal,0.373295247
Normal,0.373263452
Normal,0.373205438
Normal,0.373202431
Normal,0.373148648
Normal,0.373116881
Normal,0.373068633
Normal,0.372818086
Normal,0.372685631
Normal,0.372661683
Normal,0.372617836
Normal,0.372424783
Normal,0.372424783
Normal,0.372416006
Normal,0.372065293
Normal,0.371980555
Normal,0.371661746
Normal,0.371659007
Normal,0.371579699
Normal,0.371575516
Normal,0.371390013
Normal,0.371322113
Normal,0.371282367
Normal,0.371228968
Normal,0.371198004
Normal,0.371197099
Normal,0.370953554
Normal,0.370783064
Normal,0.370461693
Normal,0.369982054
Normal,0.369768212
Normal,0.369738919
Normal,0.369732727
Normal,0.369629986
Normal,0.369617918
Normal,0.369511455
Normal,0.369510874
Normal,0.369450001
Normal,0.36944895
Normal,0.369305623
Normal,0.369292504
Normal,0.368984669
Normal,0.368594164
Normal,0.368570736
Normal,0.36823375
Normal,0.368233593
Normal,0.368214331
Normal,0.368071825
Normal,0.368042887
Normal,0.367848924
Normal,0.367845922
Normal,0.367744633
Normal,0.367719074
Normal,0.367689416
Normal,0.367643449
Normal,0.367548026
Normal,0.367538241
Normal,0.367463856
Normal,0.367451977
Normal,0.36738275
Normal,0.367199001
Normal,0.367099508
Normal,0.367018683
Normal,0.366814357
Normal,0.366486636
Normal,0.366332653
Normal,0.366319114
Normal,0.366120299
Normal,0.366006262
Normal,0.365979245
Normal,0.36586599
Normal,0.365829387
Normal,0.365778562
Normal,0.365588576
Normal,0.365575112
Normal,0.365315631
Normal,0.365271838
Normal,0.364887143
Normal,0.364670701
Normal,0.364576699
Normal,0.364541775
Normal,0.364444269
Normal,0.363992797
Normal,0.36375004
Normal,0.363684174
Normal,0.363581797
Normal,0.363548977
Normal,0.363527595
Normal,0.363505994
Normal,0.363414904
Normal,0.36334472
Normal,0.363155035
Normal,0.362898827
Outlier,0.362871923
Normal,0.362534802
Normal,0.362443002
Normal,0.362326018
Normal,0.362203464
Normal,0.361915551
Normal,0.361759009
Normal,0.36161666
Normal,0.36149762
Normal,0.361468158
Normal,0.361356541
Normal,0.36131618
Normal,0.361121476
Normal,0.361068495
Normal,0.361007438
Normal,0.360996788
Normal,0.360918754
Normal,0.360779522
Normal,0.360774356
Normal,0.360677526
Normal,0.360671628
Normal,0.360219378
Normal,0.360110515
Normal,0.360015523
Normal,0.35987288
Normal,0.359656727
Normal,0.359650569
Normal,0.35953783
Normal,0.359534282
Normal,0.359122165
Normal,0.359046926
Normal,0.359023787
Normal,0.358723132
Normal,0.358343494
Normal,0.358147137
Normal,0.358119758
Normal,0.358043824
Normal,0.357872458
Normal,0.357740918
Normal,0.357695112
Normal,0.357554768
Normal,0.35738543
Normal,0.35721329
Normal,0.357077233
Normal,0.357060487
Normal,0.356975839
Normal,0.356794108
Normal,0.356522113
Normal,0.356325014
Normal,0.35630022
Normal,0.356161107
Normal,0.356002299
Normal,0.355976115
Normal,0.355829591
Normal,0.35580638
Normal,0.355759383
Normal,0.355564062
Normal,0.355491772
Normal,0.355369674
Normal,0.355343396
Normal,0.355011011
Normal,0.354984088
Normal,0.354931441
Normal,0.354923842
Normal,0.354823757
Normal,0.35471316
Normal,0.354701812
Normal,0.354679216
Normal,0.354582716
Normal,0.354455235
Normal,0.354215292
Normal,0.354202386
Normal,0.353863036
Normal,0.353812487
Normal,0.353775783
Normal,0.353689102
Normal,0.35355515
Normal,0.353437311
Normal,0.353279177
Normal,0.353210762
Normal,0.353053672
Normal,0.352956124
Normal,0.352801059
Normal,0.352751714
Normal,0.352711264
Normal,0.35245079
Normal,0.35243818
Normal,0.352115326
Normal,0.352064731
Normal,0.351577214
Normal,0.351536407
Normal,0.35138557
Normal,0.351320328
Normal,0.351144727
Normal,0.351016494
Normal,0.350963114
Normal,0.35089642
Normal,0.350865187
Normal,0.350840792
Normal,0.350761246
Normal,0.350691879
Normal,0.350657643
Normal,0.350627044
Normal,0.350612145
Normal,0.350589208
Normal,0.350554974
Normal,0.350288366
Normal,0.350279849
Normal,0.350185293
Normal,0.350181996
Normal,0.350038539
Normal,0.350010496
Normal,0.349908863
Normal,0.349853492
Normal,0.349813932
Normal,0.349667078
Normal,0.349509951
Normal,0.349453517
Normal,0.34931793
Normal,0.349294333
Normal,0.349133812
Normal,0.348920634
Normal,0.348683634
Normal,0.348682615
Normal,0.348516222
Normal,0.348432526
Normal,0.348337767
Normal,0.348215811
Normal,0.348045109
Normal,0.348034435
Normal,0.347982688
Normal,0.347953622
Normal,0.347831256
Normal,0.34751053
Normal,0.347488504
Normal,0.347400156
Normal,0.347391872
Normal,0.347221113
Normal,0.347095375
Normal,0.34681851
Normal,0.346780895
Normal,0.3467443
Normal,0.34669535
Normal,0.346576074
Normal,0.346469048
Normal,0.346314197
Normal,0.346162195
Normal,0.346080736
Normal,0.346069963
Normal,0.34603783
Normal,0.345991004
Normal,0.345819235
Normal,0.345727099
Normal,0.345587569
Normal,0.345409866
Normal,0.345349304
Normal,0.34534255
Normal,0.345158282
Normal,0.345151113
Normal,0.345035998
Normal,0.34498951
Normal,0.344888221
Normal,0.344389638
Normal,0.344358654
Normal,0.344259587
Normal,0.343997861
Normal,0.343949446
Normal,0.343770299
Normal,0.343767471
Normal,0.343641844
Normal,0.343559302
Normal,0.343175936
Normal,0.343038447
Normal,0.342978581
Normal,0.342921532
Normal,0.342596563
Normal,0.342559217
Normal,0.34252406
Normal,0.342513237
Normal,0.34245524
Normal,0.342422131
Normal,0.34237651
Normal,0.342308591
Normal,0.342242783
Normal,0.342218807
Normal,0.342151705
Normal,0.342137075
Normal,0.342095035
Normal,0.342038077
Normal,0.341896044
Normal,0.341777172
Normal,0.341677212
Normal,0.341475049
Normal,0.341134629
Normal,0.340968196
Normal,0.340898554
Normal,0.340892321
Normal,0.340343953
Normal,0.340101473
Normal,0.3399949
Normal,0.339933986
Normal,0.339854117
Normal,0.33972766
Normal,0.339635231
Normal,0.339312714
Normal,0.339215821
Normal,0.338614687
Outlier,0.338427364
Normal,0.338412949
Normal,0.338357384
Normal,0.337987117
Normal,0.337969644
Normal,0.3378862
Normal,0.337845587
Normal,0.337720253
Normal,0.337715093
Normal,0.337576497
Normal,0.337511715
Normal,0.337398089
Normal,0.337368113
Normal,0.33735726
Normal,0.337244134
Normal,0.336605513
Normal,0.336432396
Normal,0.335988592
Normal,0.335951672
Normal,0.335900207
Normal,0.33577818
Normal,0.335463388
Normal,0.335381945
Normal,0.335209202
Normal,0.335126277
Normal,0.335082656
Normal,0.335024514
Normal,0.334908931
Normal,0.334581437
Normal,0.334546071
Normal,0.334109239
Normal,0.334101508
Normal,0.334084631
Normal,0.334076938
Normal,0.333919326
Normal,0.333324764
Normal,0.333275201
Normal,0.333097767
Normal,0.333051818
Normal,0.332913914
Normal,0.332826344
Normal,0.332487148
Normal,0.332192187
Normal,0.332184197
Normal,0.331940878
Normal,0.331895799
Normal,0.331891189
Normal,0.331846903
Normal,0.331676473
Normal,0.33158275
Normal,0.33153696
Normal,0.331414489
Normal,0.331285944
Normal,0.331202876
Normal,0.331172951
Normal,0.330960851
Normal,0.330541519
Normal,0.330404855
Normal,0.330134279
Normal,0.330032503
Normal,0.330022955
Normal,0.329910349
Normal,0.329742983
Normal,0.329703378
Normal,0.329677762
Normal,0.329650017
Normal,0.329442201
Normal,0.329423403
Normal,0.329249974
Normal,0.329127263
Normal,0.329076155
Normal,0.328937543
Normal,0.328737004
Normal,0.328724788
Normal,0.32866714
Normal,0.328652228
Normal,0.328544343
Normal,0.32850782
Normal,0.32845976
Normal,0.328188898
Normal,0.328128856
Normal,0.327999739
Normal,0.327911976
Normal,0.327769924
Normal,0.327573809
Normal,0.32753982
Normal,0.327405551
Normal,0.327365778
Normal,0.327183457
Normal,0.32716529
Normal,0.327158206
Normal,0.327041686
Normal,0.327035537
Normal,0.327015795
Normal,0.326790942
Normal,0.326514468
Normal,0.326324515
Normal,0.326213303
Normal,0.326199254
Normal,0.326185861
Normal,0.326057697
Normal,0.325929951
Normal,0.325928934
Normal,0.325894619
Normal,0.325888707
Normal,0.32583438
Normal,0.325747522
Normal,0.325675171
Normal,0.325642315
Normal,0.325567199
Normal,0.325536842
Normal,0.325518369
Normal,0.325505317
Normal,0.325424681
Normal,0.32537225
Normal,0.325121667
Normal,0.324933081
Normal,0.324851885
Normal,0.324839341
Outlier,0.324187302
Normal,0.324140262
Normal,0.324085152
Normal,0.32357905
Normal,0.323466095
Normal,0.323332399
Normal,0.323280374
Normal,0.32323149
Normal,0.323195964
Normal,0.323137047
Normal,0.323111642
Normal,0.323100168
Outlier,0.323027576
Normal,0.322869994
Normal,0.322856239
Normal,0.32275647
Normal,0.322596277
Normal,0.322595239
Normal,0.322502471
Normal,0.32246751
Normal,0.32245562
Normal,0.322428991
Normal,0.322289177
Normal,0.322224189
Normal,0.322219092
Outlier,0.322212936
Normal,0.322098674
Normal,0.322007653
Normal,0.321670591
Normal,0.3216604
Normal,0.321430153
Normal,0.321399232
Normal,0.321360783
Normal,0.321178419
Normal,0.320894879
Normal,0.320870215
Normal,0.320722051
Normal,0.320591092
Normal,0.320578868
Normal,0.320465219
Normal,0.320446032
Normal,0.320205429
Normal,0.319980251
Normal,0.319564092
Normal,0.319538241
Normal,0.319483262
Normal,0.31934644
Outlier,0.319202228
Outlier,0.31910713
Normal,0.318862528
Normal,0.318837907
Normal,0.318417063
Normal,0.318409898
Normal,0.318362928
Normal,0.31834076
Normal,0.318075289
Normal,0.317836888
Normal,0.317389277
Normal,0.317376898
Normal,0.317250074
Normal,0.317182671
Normal,0.317156176
Normal,0.317125654
Normal,0.316883233
Normal,0.316768753
Normal,0.316767059
Normal,0.31659869
Normal,0.316192066
Normal,0.316093996
Normal,0.316058715
Normal,0.316027336
Normal,0.315982532
Normal,0.315884823
Normal,0.315856702
Normal,0.315832281
Normal,0.315761518
Normal,0.31568656
Normal,0.315661875
Normal,0.315467374
Normal,0.315465209
Normal,0.315446999
Normal,0.315092388
Normal,0.315071231
Normal,0.315031991
Normal,0.314724807
Normal,0.3144869
Normal,0.314410579
Normal,0.314260305
Normal,0.314258973
Normal,0.313903849
Normal,0.313823454
Normal,0.313778203
Normal,0.313392669
Normal,0.313368311
Outlier,0.313318222
Normal,0.313291215
Normal,0.3132673
Normal,0.313249809
Normal,0.313086832
Normal,0.312981639
Normal,0.312872572
Normal,0.312575888
Normal,0.312238047
Outlier,0.311899198
Normal,0.311739651
Normal,0.31138514
Outlier,0.311373312
Normal,0.311285812
Normal,0.311255178
Normal,0.311158299
Normal,0.311154805
Normal,0.311143655
Normal,0.311117806
Normal,0.311091017
Normal,0.311017289
Normal,0.310676793
Normal,0.310608299
Normal,0.310566962
Normal,0.310481278
Normal,0.310425838
Normal,0.3103851
Normal,0.310144324
Normal,0.309610566
Normal,0.309599199
Normal,0.309561771
Normal,0.30935421
Normal,0.309297631
Normal,0.309089529
Normal,0.308935105
Normal,0.308897677
Normal,0.30863125
Normal,0.308486077
Normal,0.308444539
Normal,0.308164609
Normal,0.308140617
Normal,0.307981242
Normal,0.307740281
Normal,0.307632561
Normal,0.307493709
Normal,0.307392577
Normal,0.307257202
Normal,0.307191703
Normal,0.307091861
Normal,0.306920553
Normal,0.30690899
Normal,0.306884197
Normal,0.306779837
Normal,0.306638972
Normal,0.306374089
Normal,0.30632244
Normal,0.30631993
Normal,0.306113183
Normal,0.305885332
Normal,0.305761204
Normal,0.305354843
Normal,0.304943903
Normal,0.304911958
Normal,0.304667875
Normal,0.304383555
Normal,0.303700192
Normal,0.302914783
Normal,0.302622571
Normal,0.302449686
Normal,0.302409886
Normal,0.302356977
Normal,0.302185521
Normal,0.301969699
Normal,0.301646461
Normal,0.301602899
Normal,0.301413013
Normal,0.301374874
Normal,0.300981433
Normal,0.300785865
Normal,0.300583125
Normal,0.300576307
Normal,0.300365133
Normal,0.299991406
Normal,0.299821625
Normal,0.299583897
Normal,0.299293426
Normal,0.299029208
Normal,0.29898378
Normal,0.298973317
Normal,0.298753689
Normal,0.298682367
Normal,0.298594284
Normal,0.298339356
Normal,0.297633437
Normal,0.29761229
Normal,0.297446002
Normal,0.297400659
Normal,0.297197918
Normal,0.296913377
Normal,0.296895478
Normal,0.29657355
Normal,0.296361192
Normal,0.296342019
Normal,0.296198455
Normal,0.296154163
Normal,0.296134247
Normal,0.295724389
Normal,0.295647912
Normal,0.29554921
Normal,0.295415846
Normal,0.295382447
Normal,0.295312457
Normal,0.295189126
Normal,0.295155849
Normal,0.295154891
Normal,0.294670725
Normal,0.294140085
Normal,0.293811178
Normal,0.293631347
Normal,0.293584398
Normal,0.293482308
Normal,0.29328335
Normal,0.293134928
Normal,0.291648438
Normal,0.291493133
Normal,0.291450124
Normal,0.291441776
Normal,0.291189945
Normal,0.291125896
Normal,0.290777798
Normal,0.290754649
Normal,0.290534564
Normal,0.290491897
Normal,0.290308449
Normal,0.290283761
Normal,0.290278633
Normal,0.290275154
Normal,0.290216953
Normal,0.29020236
Normal,0.289766524
Normal,0.289686772
Normal,0.289205724
Normal,0.289124845
Normal,0.289041566
Normal,0.288973555
Normal,0.288528107
Normal,0.288223996
Normal,0.288145499
Normal,0.28772783
Normal,0.287680257
Normal,0.28763196
Normal,0.28758907
Normal,0.28752485
Normal,0.287411401
Normal,0.287375213
Normal,0.286972362
Normal,0.286932393
Normal,0.286844229
Normal,0.286840291
Normal,0.286780456
Normal,0.286150319
Normal,0.286024973
Normal,0.286010366
Normal,0.285945019
Normal,0.285641993
Normal,0.285392034
Normal,0.285379073
Normal,0.285003568
Normal,0.284671564
Normal,0.284662073
Normal,0.284588848
Normal,0.284004452
Normal,0.283946546
Normal,0.283876594
Normal,0.283798627
Normal,0.283698603
Normal,0.283604755
Normal,0.283509308
Normal,0.283393757
Normal,0.283268351
Normal,0.283032896
Normal,0.282561437
Normal,0.282437791
Normal,0.282410351
Normal,0.282403232
Normal,0.281833752
Normal,0.281775562
Normal,0.281664779
Normal,0.2814373
Normal,0.280959791
Normal,0.280858756
Normal,0.280656456
Outlier,0.280582783
Normal,0.280474726
Normal,0.27998765
Normal,0.279887764
Normal,0.279805528
Normal,0.279306067
Normal,0.278982164
Normal,0.278887561
Normal,0.278635113
Normal,0.278464355
Normal,0.278273963
Normal,0.278135972
Normal,0.278129827
Normal,0.277964957
Normal,0.277666605
Normal,0.277481345
Normal,0.277305693
Normal,0.277280632
Normal,0.276818151
Normal,0.276636756
Normal,0.276331485
Normal,0.275830048
Normal,0.275825969
Normal,0.274953058
Normal,0.274949685
Normal,0.273940905
Normal,0.273630897
Normal,0.273420238
Normal,0.273396644
Normal,0.273249633
Normal,0.273170904
Normal,0.27309841
Normal,0.272842363
Normal,0.272621603
Normal,0.272521572
Normal,0.272417282
Normal,0.272261869
Normal,0.2716005
Normal,0.271283507
Normal,0.271229023
Normal,0.270991437
Normal,0.27089157
Normal,0.270743335
Normal,0.270684667
Normal,0.270632718
Normal,0.269859486
Normal,0.26960786
Normal,0.269487616
Normal,0.269383324
Normal,0.269377067
Normal,0.268946383
Normal,0.268746631
Normal,0.268462968
Normal,0.268271641
Normal,0.268106048
Outlier,0.267822858
Normal,0.267691699
Normal,0.267100021
Normal,0.266912947
Outlier,0.266831896
Normal,0.266587341
Normal,0.266324191
Normal,0.266054449
Normal,0.265957765
Normal,0.265947419
Normal,0.26586834
Normal,0.265784669
Normal,0.265783349
Normal,0.265777436
Normal,0.265520484
Normal,0.265487698
Normal,0.265286821
Normal,0.265219468
Outlier,0.264986017
Normal,0.264922212
Normal,0.264644574
Normal,0.263969368
Normal,0.263878672
Normal,0.26379551
Normal,0.263555598
Normal,0.263374744
Normal,0.263113267
Normal,0.263092022
Normal,0.263072554
Normal,0.263008599
Normal,0.262648843
Normal,0.262348971
Normal,0.262073195
Normal,0.261866234
Normal,0.26158445
Normal,0.26100384
Normal,0.260789308
Normal,0.260516663
Normal,0.260214298
Normal,0.259879213
Normal,0.259562987
Normal,0.259440153
Normal,0.259362328
Normal,0.25929889
Normal,0.258592819
Normal,0.258554409
Normal,0.25853747
Normal,0.258401431
Normal,0.258018013
Normal,0.258005074
Normal,0.257931882
Normal,0.257774812
Normal,0.25751021
Normal,0.257433844
Normal,0.257359003
Normal,0.257171348
Normal,0.2571106
Normal,0.257072759
Normal,0.257035825
Normal,0.256901169
Normal,0.256703339
Normal,0.256352983
Normal,0.256337514
Normal,0.256333212
Normal,0.256002481
Normal,0.255698638
Normal,0.255635399
Normal,0.255401101
Normal,0.254970268
Normal,0.254466256
Normal,0.254278383
Normal,0.254018087
Normal,0.253946223
Normal,0.253935658
Normal,0.253704384
Normal,0.253219835
Normal,0.253157911
Normal,0.253011802
Normal,0.25292988
Normal,0.252594496
Normal,0.252459603
Normal,0.252372728
Normal,0.252217431
Normal,0.252173491
Normal,0.251966538
Normal,0.251682391
Normal,0.251241691
Normal,0.251070734
Normal,0.2506703
Normal,0.250304156
Normal,0.250295733
Normal,0.249959817
Normal,0.249503808
Normal,0.249403131
Normal,0.249255359
Normal,0.249231895
Normal,0.248981861
Normal,0.248925916
Normal,0.248890469
Normal,0.248680146
Normal,0.248624872
Normal,0.248326936
Normal,0.248319088
Normal,0.248303074
Normal,0.248163378
Normal,0.247869693
Normal,0.247641754
Normal,0.24724898
Normal,0.247146791
Normal,0.246994829
Normal,0.246847349
Normal,0.246628698
Normal,0.246616768
Normal,0.246245619
Normal,0.24580005
Normal,0.245608146
Normal,0.245589875
Normal,0.245321475
Normal,0.245295446
Normal,0.245209185
Normal,0.24504172
Normal,0.244545163
Normal,0.244068356
Normal,0.243626004
Outlier,0.243487853
Normal,0.243447523
Normal,0.243330646
Outlier,0.242532527
Normal,0.242378464
Normal,0.242201835
Normal,0.242054448
Normal,0.24194138
Normal,0.241876549
Normal,0.24173233
Outlier,0.241673661
Outlier,0.241126239
Normal,0.241082933
Normal,0.24108013
Normal,0.241045569
Normal,0.240984024
Normal,0.240821286
Normal,0.240820687
Normal,0.240817723
Normal,0.240390349
Normal,0.240270072
Normal,0.240212163
Normal,0.240113446
Normal,0.2399153
Normal,0.23989466
Normal,0.2398048
Normal,0.239279531
Normal,0.239017701
Normal,0.238616786
Normal,0.238521682
Normal,0.238161565
Normal,0.237964267
Normal,0.237461289
Normal,0.237370459
Normal,0.237345913
Normal,0.236884848
Normal,0.23672594
Normal,0.2363155
Normal,0.235990704
Normal,0.235719912
Normal,0.235701138
Normal,0.235638985
Normal,0.235541711
Normal,0.235302461
Normal,0.23519786
Normal,0.235153435
Normal,0.235151829
Normal,0.235059382
Normal,0.234785606
Normal,0.234764205
Normal,0.234650801
Normal,0.234591551
Normal,0.23439453
Normal,0.234156937
Normal,0.233200057
Normal,0.232982713
Normal,0.232568295
Normal,0.232540127
Normal,0.23217728
Normal,0.23201507
Normal,0.231564741
Normal,0.231407817
Normal,0.230509778
Normal,0.230174206
Normal,0.230025217
Normal,0.229608925
Normal,0.229187748
Normal,0.228956651
Normal,0.228290388
Normal,0.227920607
Normal,0.227909095
Normal,0.227719849
Normal,0.226995761
Normal,0.226887401
Normal,0.226579327
Normal,0.226541964
Normal,0.226150432
Normal,0.226035227
Normal,0.225799785
Normal,0.225599867
Normal,0.22549181
Normal,0.225197868
Normal,0.224537577
Normal,0.224417209
Normal,0.224326272
Normal,0.223654614
Normal,0.223566304
Outlier,0.223558407
Normal,0.223397269
Normal,0.223320114
Normal,0.223165445
Normal,0.222933131
Normal,0.222930603
Normal,0.222813847
Normal,0.222811141
Normal,0.22280698
Normal,0.222737597
Normal,0.222083846
Normal,0.222025048
Normal,0.221854332
Normal,0.2215579
Normal,0.221399682
Normal,0.221244122
Normal,0.220725976
Normal,0.220210517
Normal,0.219678647
Normal,0.21963276
Normal,0.219306032
Normal,0.219029403
Normal,0.218774144
Normal,0.218375004
Normal,0.218241361
Normal,0.217863229
Normal,0.217517522
Normal,0.216857655
Normal,0.216677304
Normal,0.21655488
Normal,0.216203164
Normal,0.215608018
Normal,0.215288367
Normal,0.215275444
Normal,0.215073847
Normal,0.215037054
Normal,0.214918114
Normal,0.214590339
Normal,0.213531153
Normal,0.213509236
Normal,0.213463703
Normal,0.213337297
Normal,0.213161491
Normal,0.21307671
Normal,0.212872531
Normal,0.212770834
Normal,0.212740791
Normal,0.211967881
Normal,0.211893401
Normal,0.211691063
Normal,0.211512624
Normal,0.211440688
Normal,0.211387291
Normal,0.211340753
Normal,0.211338329
Normal,0.211205001
Normal,0.210779192
Normal,0.210184054
Normal,0.209853875
Normal,0.209558569
Normal,0.209221613
Normal,0.208687556
Normal,0.208640482
Normal,0.208447557
Normal,0.208147182
Normal,0.208048038
Normal,0.207607811
Normal,0.207215163
Normal,0.20690676
Normal,0.206775345
Normal,0.206614575
Normal,0.206291601
Normal,0.205649262
Normal,0.205597422
Normal,0.205471003
Normal,0.20543753
Normal,0.205269059
Normal,0.205259552
Normal,0.205136274
Normal,0.205091322
Normal,0.204739275
Normal,0.20431939
Normal,0.203850921
Normal,0.203681094
Normal,0.202980352
Normal,0.202937859
Normal,0.202641745
Normal,0.202423304
Normal,0.202211382
Normal,0.20219201
Normal,0.201714906
Normal,0.200622133
Normal,0.199802478
Normal,0.199785604
Normal,0.199630983
Normal,0.199308095
Normal,0.19916538
Normal,0.199012395
Normal,0.198102384
Normal,0.197901339
Normal,0.197900946
Normal,0.197355867
Normal,0.196654957
Normal,0.19640171
Normal,0.196379313
Normal,0.195988687
Normal,0.19582972
Normal,0.195716813
Normal,0.195664654
Normal,0.195377442
Normal,0.195269249
Normal,0.194906315
Normal,0.194771661
Normal,0.194765073
Normal,0.194141705
Normal,0.193766389
Normal,0.193579261
Normal,0.193408385
Normal,0.192836367
Normal,0.192336171
Normal,0.191676964
Normal,0.191149079
Normal,0.191004199
Normal,0.190819863
Normal,0.19065294
Normal,0.190436741
Normal,0.189926658
Normal,0.189529408
Normal,0.189068651
Normal,0.188965156
Normal,0.188827947
Normal,0.188635191
Normal,0.18850335
Normal,0.187999507
Normal,0.187547823
Normal,0.187189153
Normal,0.186123508
Normal,0.185403986
Normal,0.185279371
Normal,0.18524116
Normal,0.184919307
Normal,0.184483503
Normal,0.184439974
Normal,0.184403512
Normal,0.184212746
Normal,0.183650006
Normal,0.183648921
Normal,0.183522918
Normal,0.183470042
Normal,0.183089835
Normal,0.18262002
Normal,0.182557502
Normal,0.182400483
Normal,0.182158052
Normal,0.182096715
Normal,0.181754195
Normal,0.181645594
Normal,0.18131497
Normal,0.180481536
Normal,0.180221766
Normal,0.180030388
Normal,0.179853351
Normal,0.179139777
Normal,0.178787416
Normal,0.178160312
Normal,0.177951823
Normal,0.177886856
Normal,0.177178876
Normal,0.176507417
Normal,0.176378753
Normal,0.176206263
Normal,0.176110454
Normal,0.1753458
Normal,0.17497944
Normal,0.174834714
Normal,0.174540123
Normal,0.174374602
Normal,0.174268625
Normal,0.174231117
Normal,0.174182332
Normal,0.17385558
Normal,0.173794415
Normal,0.173394628
Normal,0.17260341
Normal,0.172027828
Normal,0.171305792
Normal,0.17071055
Normal,0.170617295
Normal,0.170229365
Normal,0.170207486
Normal,0.170201316
Normal,0.17018774
Normal,0.169941748
Normal,0.169825489
Normal,0.16941205
Normal,0.169381133
Normal,0.168182557
Normal,0.168139707
Normal,0.168072084
Normal,0.167004535
Normal,0.166927609
Normal,0.166910499
Normal,0.166451574
Normal,0.166272543
Outlier,0.166021937
Normal,0.165995267
Normal,0.165928287
Normal,0.165597723
Normal,0.165347459
Normal,0.165150452
Normal,0.165146575
Normal,0.164436524
Normal,0.164371583
Normal,0.164344969
Normal,0.163904594
Normal,0.163731486
Normal,0.163549703
Normal,0.163364833
Normal,0.163360592
Normal,0.163296054
Normal,0.162731646
Normal,0.162583793
Normal,0.162426891
Normal,0.162105111
Normal,0.162052746
Normal,0.161875822
Normal,0.161012061
Normal,0.160756143
Normal,0.160700973
Normal,0.160399579
Normal,0.159123241
Normal,0.158899296
Normal,0.158633037
Normal,0.158188727
Normal,0.157139466
Normal,0.156999841
Normal,0.156922298
Normal,0.15681297
Outlier,0.1565832
Normal,0.155953847
Normal,0.155891931
Normal,0.155816254
Normal,0.155668788
Normal,0.155534957
Normal,0.155445833
Normal,0.155158433
Normal,0.15479911
Normal,0.154737514
Normal,0.154502919
Normal,0.154010205
Normal,0.153666693
Normal,0.15356835
Normal,0.153261321
Normal,0.153107452
Normal,0.152601583
Normal,0.152427395
Normal,0.152282411
Normal,0.151767141
Normal,0.151729028
Normal,0.15163314
Normal,0.151632135
Normal,0.151530703
Normal,0.151157232
Normal,0.150991039
Normal,0.150908925
Normal,0.150887086
Normal,0.150700528
Normal,0.150602445
Normal,0.150533062
Normal,0.150415787
Normal,0.150225694
Normal,0.1500233
Normal,0.149638707
Normal,0.148444944
Normal,0.148238989
Normal,0.148119676
Normal,0.147754676
Normal,0.147730374
Normal,0.147510845
Normal,0.147491951
Normal,0.147415727
Normal,0.147131145
Normal,0.146983492
Normal,0.146925039
Normal,0.146779258
Normal,0.14628199
Normal,0.14620362
Normal,0.146065193
Normal,0.145989649
Normal,0.145903821
Normal,0.145708187
Normal,0.145639616
Normal,0.145455264
Normal,0.14529581
Normal,0.14511616
Normal,0.145113896
Normal,0.145017765
Normal,0.144928626
Normal,0.144705841
Normal,0.144202865
Normal,0.14393578
Normal,0.143891598
Normal,0.142952826
Normal,0.142149394
Normal,0.142098915
Outlier,0.142038139
Normal,0.141636053
Normal,0.141518012
Normal,0.140986981
Normal,0.140840834
Normal,0.140783213
Normal,0.139983397
Normal,0.139958209
Normal,0.139925307
Normal,0.139914372
Normal,0.139859598
Normal,0.139844663
Normal,0.13973951
Normal,0.139265254
Normal,0.138780149
Normal,0.138730766
Normal,0.138558366
Normal,0.138515341
Normal,0.138398737
Normal,0.138237846
Normal,0.138189042
Normal,0.137746179
Normal,0.137390286
Normal,0.137277875
Normal,0.137261987
Normal,0.137213411
Normal,0.13701301
Normal,0.136885061
Normal,0.136084557
Normal,0.135276663
Normal,0.135132636
Normal,0.13503507
Normal,0.134972051
Normal,0.134952778
Normal,0.134793619
Normal,0.134529919
Normal,0.134220615
Normal,0.134023256
Normal,0.133779052
Normal,0.133458899
Normal,0.133302152
Normal,0.133266604
Normal,0.133179957
Normal,0.133025299
Normal,0.132438458
Normal,0.132348916
Normal,0.132329492
Normal,0.132169833
Normal,0.132071812
Normal,0.132069217
Normal,0.13166474
Normal,0.131242
Normal,0.131055047
Normal,0.130777628
Normal,0.130532323
Normal,0.130377344
Normal,0.130067654
Normal,0.129668759
Normal,0.12962037
Normal,0.12957079
Outlier,0.129377777
Normal,0.129332227
Normal,0.128228079
Normal,0.128133307
Normal,0.126978034
Normal,0.126902715
Normal,0.126669319
Normal,0.126646363
Normal,0.126621091
Normal,0.12661376
Normal,0.126048882
Normal,0.125575276
Normal,0.125516997
Normal,0.125308506
Normal,0.125137167
Normal,0.124922281
Normal,0.124499953
Normal,0.124387505
Normal,0.124275326
Normal,0.124015117
Normal,0.12396654
Normal,0.123883131
Normal,0.123519743
Normal,0.122509073
Normal,0.12216964
Normal,0.122162554
Normal,0.121773709
Normal,0.121669659
Normal,0.12157431
Normal,0.121489256
Normal,0.121271197
Normal,0.121066651
Normal,0.120874352
Normal,0.120710521
Normal,0.120700049
Normal,0.120653704
Normal,0.120551476
Normal,0.120208097
Normal,0.120181145
Normal,0.119431072
Normal,0.119165564
Normal,0.119124343
Normal,0.119088115
Normal,0.118955738
Normal,0.11883621
Normal,0.118688939
Normal,0.11864539
Normal,0.118586012
Normal,0.118451167
Normal,0.118403651
Normal,0.117966861
Normal,0.11795659
Normal,0.117206816
Normal,0.116849909
Normal,0.116669882
Normal,0.116278082
Normal,0.116054338
Normal,0.115755659
Normal,0.115528293
Normal,0.115511338
Normal,0.115360931
Normal,0.115157432
Normal,0.115155336
Normal,0.114893084
Normal,0.114430668
Normal,0.114385996
Normal,0.114333182
Normal,0.114004491
Normal,0.113919519
Normal,0.113815796
Normal,0.11325412
Normal,0.113155858
Normal,0.112954459
Normal,0.112897823
Normal,0.112837896
Normal,0.11274698
Normal,0.112485364
Normal,0.112181756
Normal,0.112076131
Normal,0.112075402
Normal,0.112026135
Normal,0.111607908
Normal,0.11142119
Normal,0.111129398
Normal,0.110936409
Normal,0.110690337
Normal,0.110648237
Normal,0.110179567
Normal,0.109908882
Normal,0.109732024
Normal,0.109665524
Normal,0.1096013
Normal,0.109438429
Normal,0.109360125
Normal,0.10906394
Normal,0.108948918
Normal,0.108324952
Normal,0.108318088
Normal,0.108255122
Normal,0.108157004
Normal,0.108136931
Normal,0.108008427
Normal,0.107666778
Normal,0.107299631
Normal,0.106973804
Outlier,0.106409423
Normal,0.106247047
Normal,0.106221259
Normal,0.105574563
Normal,0.10553874
Normal,0.105379585
Normal,0.105273964
Normal,0.104842168
Normal,0.104738629
Normal,0.104197893
Normal,0.104044666
Normal,0.103692468
Normal,0.103385144
Normal,0.103149393
Normal,0.102910199
Normal,0.102542168
Normal,0.102225301
Normal,0.101300584
Normal,0.101274721
Normal,0.101094456
Normal,0.100840992
Normal,0.100772549
Normal,0.100444382
Normal,0.100056083
Normal,0.099940123
Normal,0.09986908
Normal,0.099780017
Normal,0.099772903
Normal,0.099137178
Normal,0.09901811
Normal,0.098985635
Normal,0.098720352
Normal,0.098696296
Normal,0.098681317
Normal,0.098453118
Normal,0.097957276
Normal,0.097615736
Normal,0.097432651
Normal,0.097069841
Normal,0.096769741
Normal,0.096534552
Normal,0.096245326
Normal,0.096139436
Normal,0.096138901
Normal,0.096122556
Normal,0.095963065
Normal,0.095906724
Normal,0.095890229
Outlier,0.095807277
Normal,0.095518713
Normal,0.0948804
Normal,0.094729693
Normal,0.09451357
Normal,0.094345739
Normal,0.094262899
Normal,0.094213153
Normal,0.093780163
Normal,0.093668383
Normal,0.093591564
Normal,0.093538901
Normal,0.093452774
Normal,0.093292379
Normal,0.093079057
Normal,0.092759767
Normal,0.092526867
Normal,0.092500688
Normal,0.092319528
Normal,0.092289894
Normal,0.091996651
Normal,0.091844459
Normal,0.090982988
Normal,0.09091636
Normal,0.090872635
Normal,0.090828653
Normal,0.090799677
Normal,0.09070602
Normal,0.090701306
Normal,0.09003276
Normal,0.089905417
Normal,0.089818886
Normal,0.089738308
Normal,0.089668649
Normal,0.089340747
Normal,0.089118562
Normal,0.08892847
Normal,0.088552997
Normal,0.088353323
Normal,0.087709358
Normal,0.087314052
Normal,0.086708604
Normal,0.086282043
Normal,0.086202624
Normal,0.085910018
Normal,0.085623989
Normal,0.084871815
Normal,0.084734191
Normal,0.084654687
Normal,0.084574979
Normal,0.083848592
Normal,0.083628475
Normal,0.083388608
Normal,0.08319718
Normal,0.082955538
Normal,0.082543018
Normal,0.082282249
Normal,0.082266963
Normal,0.082217821
Normal,0.081407797
Normal,0.081401105
Normal,0.081057018
Normal,0.081052292
Normal,0.080913406
Normal,0.080455879
Normal,0.079055906
Normal,0.078911717
Normal,0.077890266
Normal,0.07757066
Normal,0.077546144
Normal,0.077134788
Normal,0.077018605
Normal,0.076694114
Normal,0.076353039
Normal,0.076091796
Normal,0.075420492
Outlier,0.074999807
Normal,0.074651611
Normal,0.074457877
Normal,0.07384697
Normal,0.073362916
Normal,0.07323569
Normal,0.07278279
Normal,0.072143776
Normal,0.071647704
Normal,0.07143169
Normal,0.071281179
Normal,0.071051024
Normal,0.070866632
Normal,0.068291195
Normal,0.068205498
Normal,0.067897934
Normal,0.067635836
Normal,0.067410813
Normal,0.067355971
Normal,0.066898797
Normal,0.066785408
Normal,0.065938211
Normal,0.065284499
Normal,0.064866496
Normal,0.063272008
Normal,0.059700947
Normal,0.059257428
Normal,0.057196903
Normal,0.056848107
Normal,0.056828358
Normal,0.053719111
Normal,0.053127701
Normal,0.047441207
Outlier,0.044693221
Normal,0.042587795
Normal,0.041497384
Normal,0.032897283
Normal,0.019063762
Normal,0.003750297
Outlier,0
