Outlier,12.25143161
Outlier,11.04903403
Outlier,10.81223171
Outlier,10.68449863
Outlier,9.768270604
Outlier,9.666110072
Outlier,9.183473925
Outlier,9.133834314
Outlier,8.949934488
Outlier,8.843180285
Outlier,8.734756344
Outlier,7.655649355
Outlier,7.477541397
Outlier,7.148585689
Outlier,5.193995007
Outlier,4.596274991
Normal,4.251706427
Outlier,4.233206946
Outlier,4.226515376
Normal,4.186839407
Outlier,4.038592396
Normal,4.037360445
Normal,3.961255587
Normal,3.954101143
Outlier,3.951176981
Normal,3.82481577
Outlier,3.8243811
Normal,3.779761519
Normal,3.688929167
Normal,3.677403692
Normal,3.650253824
Outlier,3.625156987
Normal,3.6247186
Normal,3.59974795
Normal,3.548955136
Outlier,3.537258954
Outlier,3.513893857
Outlier,3.475626816
Normal,3.463419084
Normal,3.420500073
Normal,3.35093847
Normal,3.327630245
Outlier,3.322001986
Normal,3.264696179
Normal,3.240053741
Normal,3.223757706
Outlier,3.203595176
Normal,3.182014311
Normal,3.172085418
Normal,3.160217139
Normal,3.116037518
Normal,3.10531493
Normal,3.095798195
Outlier,3.095176701
Outlier,3.088700244
Outlier,3.079261305
Normal,3.038939285
Normal,3.015007081
Normal,2.99259049
Normal,2.987882285
Normal,2.94897035
Normal,2.940714536
Normal,2.9306793
Normal,2.928302533
Normal,2.922164307
Normal,2.920265437
Normal,2.892914346
Normal,2.874322141
Normal,2.864542924
Normal,2.86203169
Normal,2.856793271
Normal,2.853323606
Normal,2.850846877
Normal,2.84658727
Normal,2.845345648
Normal,2.824597331
Normal,2.813011232
Normal,2.800792396
Normal,2.790402636
Normal,2.788701728
Normal,2.767776871
Normal,2.763679263
Normal,2.758416747
Normal,2.756330557
Normal,2.746786834
Normal,2.746484604
Normal,2.745650427
Normal,2.734190346
Normal,2.729282971
Normal,2.709604687
Normal,2.709177368
Normal,2.704550688
Normal,2.693947356
Normal,2.685399857
Normal,2.67992768
Normal,2.675860492
Normal,2.675501528
Normal,2.668411272
Normal,2.665418913
Normal,2.662141081
Normal,2.651583594
Normal,2.649008127
Normal,2.647780807
Normal,2.644709008
Normal,2.642841144
Normal,2.636522435
Normal,2.635744368
Normal,2.631908023
Normal,2.631669644
Normal,2.620229075
Normal,2.618743649
Normal,2.6166921
Normal,2.614118335
Normal,2.606216448
Outlier,2.601765529
Outlier,2.592075431
Normal,2.58923655
Normal,2.581301763
Normal,2.578772526
Normal,2.561677874
Normal,2.559438614
Normal,2.551408522
Normal,2.550914135
Normal,2.546361511
Normal,2.546064985
Normal,2.541510992
Normal,2.54118136
Normal,2.532886076
Normal,2.531584131
Normal,2.511674687
Normal,2.508131807
Normal,2.507653276
Normal,2.498280097
Normal,2.48766176
Normal,2.484209297
Normal,2.481933113
Normal,2.480855444
Normal,2.480802773
Normal,2.479393896
Normal,2.47863173
Normal,2.477816681
Normal,2.475140492
Normal,2.470663009
Normal,2.45218538
Normal,2.450893579
Normal,2.448381444
Normal,2.446346139
Normal,2.4423613
Normal,2.441979667
Normal,2.434654604
Normal,2.431888269
Normal,2.426769535
Normal,2.422797598
Normal,2.406179778
Normal,2.395878383
Normal,2.393893626
Normal,2.392918147
Outlier,2.39235844
Normal,2.388460527
Normal,2.387331561
Normal,2.387197098
Normal,2.386797101
Normal,2.384905734
Normal,2.377423345
Normal,2.372111861
Normal,2.366804941
Normal,2.362676844
Normal,2.362533337
Normal,2.360931753
Normal,2.360898117
Normal,2.359837484
Normal,2.357860316
Normal,2.352742882
Normal,2.347572844
Normal,2.339766614
Normal,2.330065746
Normal,2.32145962
Normal,2.321016459
Normal,2.320122588
Normal,2.320079451
Normal,2.317332866
Normal,2.311514557
Normal,2.310434021
Normal,2.30006205
Normal,2.298756911
Normal,2.296576761
Normal,2.292860594
Normal,2.288775217
Normal,2.287513494
Normal,2.287207895
Normal,2.281757286
Normal,2.281479759
Normal,2.281065074
Normal,2.27603361
Normal,2.272242181
Normal,2.269193562
Normal,2.268529656
Normal,2.260572916
Normal,2.257105462
Normal,2.254778244
Normal,2.254376557
Normal,2.254107688
Normal,2.253477469
Normal,2.248087895
Normal,2.247301591
Normal,2.24462359
Normal,2.241337521
Normal,2.240389213
Normal,2.238736466
Normal,2.238120986
Normal,2.238117863
Normal,2.237740301
Normal,2.236866376
Normal,2.236507689
Normal,2.230898408
Normal,2.230481538
Normal,2.222902237
Normal,2.218943998
Normal,2.215818461
Normal,2.215563261
Normal,2.214138558
Normal,2.213764607
Normal,2.209704255
Normal,2.209606571
Normal,2.208307879
Normal,2.20826603
Normal,2.205790576
Normal,2.205377619
Normal,2.202785713
Normal,2.2024937
Normal,2.194457402
Normal,2.192219486
Normal,2.192040962
Normal,2.189452091
Normal,2.188221262
Normal,2.187961792
Normal,2.187905133
Normal,2.187523884
Normal,2.184676851
Normal,2.183584741
Normal,2.182670252
Normal,2.175643584
Normal,2.173774288
Normal,2.172732679
Normal,2.168558072
Normal,2.164195436
Normal,2.16350103
Normal,2.16322168
Normal,2.161507308
Normal,2.157336137
Normal,2.156960035
Outlier,2.146859953
Normal,2.13871046
Normal,2.1329233
Normal,2.129061499
Normal,2.128159551
Normal,2.127696958
Normal,2.12706413
Normal,2.126049995
Normal,2.125927342
Normal,2.123526306
Normal,2.119294716
Normal,2.11908309
Normal,2.118615926
Normal,2.115708454
Normal,2.114688726
Normal,2.113608423
Normal,2.112594251
Normal,2.111195885
Normal,2.110611108
Normal,2.108603995
Normal,2.108430224
Normal,2.106622071
Normal,2.106175399
Normal,2.105423248
Normal,2.104861602
Normal,2.104779635
Normal,2.104368051
Normal,2.102742257
Normal,2.101184986
Normal,2.097627682
Normal,2.097440236
Normal,2.094285222
Normal,2.090135574
Normal,2.089079283
Normal,2.088860076
Normal,2.087230569
Normal,2.087001724
Normal,2.086494396
Normal,2.084345118
Normal,2.084185412
Normal,2.080981716
Normal,2.079401401
Normal,2.073991229
Normal,2.07340391
Normal,2.070810763
Normal,2.070048191
Normal,2.067678306
Normal,2.06651647
Normal,2.066502002
Normal,2.065376449
Normal,2.064704671
Normal,2.063744684
Normal,2.063574991
Normal,2.060333864
Normal,2.059748113
Normal,2.055598175
Normal,2.05406687
Normal,2.053613248
Normal,2.053157883
Normal,2.052213859
Normal,2.051515665
Normal,2.049051418
Normal,2.046380858
Normal,2.044038677
Normal,2.042995183
Normal,2.040820825
Normal,2.039897946
Normal,2.038390397
Normal,2.037548534
Normal,2.036843717
Normal,2.036379592
Normal,2.035007881
Normal,2.033177738
Normal,2.032151896
Normal,2.028422033
Normal,2.024471388
Normal,2.020621497
Normal,2.018102282
Normal,2.017697619
Normal,2.017324036
Normal,2.016757177
Normal,2.01621663
Normal,2.008525701
Normal,2.007482348
Normal,2.006329682
Normal,2.001729864
Normal,2.000944001
Normal,2.000153678
Normal,1.996185997
Normal,1.994683563
Normal,1.992715433
Normal,1.991518818
Normal,1.989757915
Normal,1.988212387
Normal,1.984541264
Normal,1.983742927
Normal,1.982166935
Normal,1.980924298
Normal,1.980663202
Normal,1.980485376
Normal,1.980469301
Normal,1.975705473
Normal,1.973128935
Normal,1.970854594
Normal,1.969958509
Normal,1.968239307
Normal,1.967490833
Normal,1.965052775
Normal,1.964743922
Normal,1.963959212
Normal,1.963768853
Normal,1.962015007
Normal,1.961037008
Normal,1.960801346
Normal,1.958695385
Normal,1.957942914
Normal,1.956163683
Normal,1.953598384
Normal,1.952516544
Normal,1.951516894
Normal,1.950871627
Normal,1.948553722
Normal,1.948202923
Normal,1.947303381
Normal,1.946331843
Normal,1.946325922
Normal,1.946175056
Normal,1.944266951
Normal,1.944016734
Normal,1.942852556
Normal,1.942473963
Normal,1.942279842
Normal,1.942243908
Normal,1.941454978
Normal,1.940311139
Normal,1.939771716
Normal,1.939594021
Normal,1.937744681
Normal,1.936599086
Normal,1.936568781
Normal,1.935891722
Normal,1.935493336
Normal,1.934573631
Normal,1.934259271
Normal,1.9319738
Normal,1.931278343
Normal,1.93106692
Normal,1.930483223
Normal,1.930349901
Normal,1.929567627
Normal,1.92815214
Normal,1.927160496
Normal,1.923138405
Normal,1.92228375
Normal,1.922202811
Normal,1.917909352
Normal,1.914946648
Normal,1.912886878
Normal,1.91231465
Normal,1.911503853
Normal,1.909664602
Normal,1.907691893
Normal,1.907017985
Normal,1.905272617
Normal,1.905194878
Normal,1.904251425
Normal,1.903882135
Normal,1.903806283
Normal,1.903692451
Normal,1.901157323
Normal,1.901010822
Normal,1.900862971
Normal,1.899321139
Normal,1.899278529
Normal,1.899186365
Normal,1.897999263
Normal,1.896588805
Normal,1.89031931
Normal,1.88991432
Normal,1.889018166
Normal,1.888477379
Normal,1.886964688
Normal,1.886591276
Normal,1.883068824
Normal,1.882938595
Normal,1.881978723
Normal,1.8814062
Normal,1.881145497
Normal,1.878468355
Normal,1.876689293
Normal,1.874444661
Normal,1.869337976
Normal,1.868019016
Normal,1.86591803
Normal,1.863873047
Normal,1.863068914
Normal,1.861708036
Normal,1.860630107
Outlier,1.860394693
Normal,1.860133346
Normal,1.859041905
Normal,1.858608283
Normal,1.858022548
Normal,1.857981832
Normal,1.856796296
Normal,1.856719545
Normal,1.856714396
Normal,1.854786465
Normal,1.854613506
Normal,1.85082166
Normal,1.850564349
Normal,1.847649027
Normal,1.844418851
Normal,1.841072163
Normal,1.839981196
Normal,1.835472338
Normal,1.834658593
Normal,1.834186254
Normal,1.833622935
Normal,1.833192049
Normal,1.831964413
Normal,1.831036858
Normal,1.831016483
Normal,1.830585887
Normal,1.828057702
Normal,1.826876271
Normal,1.826867769
Normal,1.823858116
Normal,1.820565735
Normal,1.820184737
Normal,1.820034567
Normal,1.818476763
Normal,1.818381344
Normal,1.817772193
Normal,1.817331966
Normal,1.816731723
Normal,1.816463473
Normal,1.814187422
Normal,1.813556842
Normal,1.813515624
Normal,1.812832714
Normal,1.811972197
Normal,1.811330318
Normal,1.80969002
Normal,1.809131066
Normal,1.809078152
Normal,1.808979249
Normal,1.808026283
Normal,1.807817809
Normal,1.806944313
Normal,1.806581595
Normal,1.805566617
Normal,1.804401295
Normal,1.803733165
Normal,1.803220245
Normal,1.80293924
Normal,1.802752277
Normal,1.800685292
Normal,1.800362358
Normal,1.800129621
Normal,1.799798355
Normal,1.799667593
Normal,1.798878824
Normal,1.794388952
Normal,1.794280461
Normal,1.7927995
Normal,1.79200682
Normal,1.79171838
Normal,1.788810892
Normal,1.784020037
Normal,1.782899233
Normal,1.777436727
Normal,1.77715398
Normal,1.77710173
Normal,1.776235133
Normal,1.77487593
Normal,1.774811113
Normal,1.769344926
Normal,1.765438053
Normal,1.765101876
Normal,1.763756656
Normal,1.763630218
Normal,1.763063112
Normal,1.76045114
Normal,1.757734498
Normal,1.757274142
Normal,1.755252731
Normal,1.753940284
Normal,1.752324484
Normal,1.750877017
Normal,1.750575481
Normal,1.749559987
Normal,1.748824732
Normal,1.747954129
Normal,1.747226527
Normal,1.746514119
Normal,1.744750735
Normal,1.743560405
Normal,1.74344402
Normal,1.741355977
Normal,1.740392992
Normal,1.739153913
Normal,1.738678145
Normal,1.7376143
Normal,1.737306199
Normal,1.736661149
Normal,1.735272634
Normal,1.734151244
Normal,1.733942758
Normal,1.732778229
Normal,1.731455337
Normal,1.730175917
Normal,1.72959472
Normal,1.728421432
Normal,1.727666494
Normal,1.726953298
Normal,1.726145647
Normal,1.724587747
Normal,1.72373747
Normal,1.720177048
Normal,1.720023895
Normal,1.719939075
Normal,1.718783927
Normal,1.71530952
Normal,1.714021914
Normal,1.71369907
Normal,1.713667613
Normal,1.713174878
Normal,1.71279269
Normal,1.712319691
Normal,1.712197323
Normal,1.710500522
Normal,1.710291261
Normal,1.708403974
Normal,1.708283381
Normal,1.707178512
Normal,1.706803095
Normal,1.706079393
Normal,1.705481759
Normal,1.705114814
Normal,1.705068659
Outlier,1.704819668
Normal,1.703841136
Normal,1.703146044
Normal,1.698146991
Normal,1.694701774
Normal,1.693467162
Normal,1.69309141
Normal,1.69167265
Normal,1.691045311
Normal,1.691033619
Normal,1.688175326
Normal,1.688042908
Normal,1.687607851
Normal,1.687590979
Normal,1.686906659
Normal,1.686081733
Normal,1.685472177
Normal,1.684464
Normal,1.684006823
Normal,1.682692985
Normal,1.681471899
Normal,1.680336006
Normal,1.679586597
Normal,1.679387209
Normal,1.677229193
Normal,1.67686388
Normal,1.67655066
Normal,1.675458107
Normal,1.675117055
Normal,1.672474828
Normal,1.671937887
Normal,1.671594003
Normal,1.66963972
Normal,1.669402247
Normal,1.669336044
Normal,1.66791356
Normal,1.667613513
Normal,1.665160245
Normal,1.66361147
Normal,1.662707623
Normal,1.66147637
Normal,1.661298799
Normal,1.660915677
Normal,1.660330862
Normal,1.659503631
Normal,1.658547184
Normal,1.656412816
Normal,1.654393868
Normal,1.654286393
Normal,1.653735354
Normal,1.653023513
Normal,1.649962976
Normal,1.649646168
Normal,1.647180341
Normal,1.643985773
Normal,1.641660885
Normal,1.641001614
Normal,1.640999993
Normal,1.640820172
Normal,1.64081389
Normal,1.640337588
Normal,1.638164376
Normal,1.638137365
Normal,1.637559154
Normal,1.637292188
Normal,1.637022571
Normal,1.636676213
Normal,1.63664086
Normal,1.636110519
Normal,1.63587818
Normal,1.635798597
Normal,1.635494131
Normal,1.634863468
Normal,1.634390611
Normal,1.63337007
Normal,1.632315814
Normal,1.631885182
Normal,1.631781802
Normal,1.631107902
Normal,1.630262156
Normal,1.629560564
Normal,1.626136279
Normal,1.624978891
Normal,1.62275425
Normal,1.622160977
Normal,1.62161242
Normal,1.621048426
Normal,1.619046326
Normal,1.617178998
Normal,1.616672537
Normal,1.616449805
Normal,1.615831071
Normal,1.613146257
Normal,1.611605131
Normal,1.611507775
Normal,1.611488545
Normal,1.610860225
Normal,1.610660171
Normal,1.61041649
Normal,1.610068157
Normal,1.609610039
Normal,1.607749591
Normal,1.60562558
Normal,1.605151616
Normal,1.604164194
Normal,1.604155551
Normal,1.604042475
Normal,1.603512639
Normal,1.603179616
Normal,1.60253048
Normal,1.602016798
Normal,1.600715448
Normal,1.595095053
Normal,1.591573528
Normal,1.590600062
Normal,1.589362548
Normal,1.588982428
Normal,1.587061934
Normal,1.586547817
Normal,1.586521119
Normal,1.585604442
Normal,1.585167622
Normal,1.582806755
Normal,1.58232241
Normal,1.581556294
Normal,1.581406102
Normal,1.58099415
Normal,1.579754954
Normal,1.579571384
Normal,1.579480355
Normal,1.579452262
Normal,1.577387404
Normal,1.577037224
Normal,1.575570577
Normal,1.575217792
Normal,1.573861368
Normal,1.573422325
Normal,1.571405403
Normal,1.57074105
Normal,1.569751583
Normal,1.569486253
Normal,1.569461283
Normal,1.569371362
Normal,1.568499458
Normal,1.568411059
Normal,1.565256173
Normal,1.563654316
Normal,1.562278984
Normal,1.561299841
Normal,1.559072644
Normal,1.558126963
Normal,1.554658953
Normal,1.554173834
Normal,1.553806936
Normal,1.552669429
Normal,1.552214048
Normal,1.551039757
Normal,1.550870766
Normal,1.550606833
Normal,1.550022539
Normal,1.549924548
Normal,1.549664707
Normal,1.549546148
Normal,1.54854865
Normal,1.5470217
Normal,1.546523772
Normal,1.545610851
Normal,1.545426482
Normal,1.545213038
Normal,1.545208168
Normal,1.54452601
Normal,1.544420548
Normal,1.543103232
Normal,1.542958143
Normal,1.542354986
Normal,1.540865672
Normal,1.540402124
Normal,1.539111072
Normal,1.537814237
Normal,1.537760711
Normal,1.537570624
Normal,1.537388665
Normal,1.536225709
Normal,1.536023258
Normal,1.5348654
Normal,1.533828557
Normal,1.529040473
Normal,1.528401713
Normal,1.526809016
Normal,1.526740884
Normal,1.526460481
Normal,1.526116488
Normal,1.523844658
Normal,1.523012452
Normal,1.522923001
Normal,1.522542289
Normal,1.522216195
Normal,1.52209277
Normal,1.520267261
Normal,1.519165248
Normal,1.519048227
Normal,1.518710783
Normal,1.518351761
Normal,1.517809152
Normal,1.515340753
Normal,1.514870817
Normal,1.514858313
Normal,1.51460195
Normal,1.514096419
Normal,1.513339269
Normal,1.511459198
Normal,1.511136971
Normal,1.510142653
Normal,1.509114957
Normal,1.508916332
Normal,1.506778342
Normal,1.504973982
Normal,1.504583469
Normal,1.503356846
Normal,1.503023038
Normal,1.502060507
Normal,1.500518486
Normal,1.500069185
Normal,1.49842581
Normal,1.498399121
Normal,1.497685675
Normal,1.497670864
Normal,1.497482836
Normal,1.497381341
Normal,1.497369263
Normal,1.495668659
Normal,1.495584487
Normal,1.49498403
Normal,1.494749242
Normal,1.493947221
Normal,1.493384256
Normal,1.493084454
Normal,1.489681566
Normal,1.488866003
Normal,1.488764509
Normal,1.488728992
Normal,1.488199342
Normal,1.485402343
Normal,1.484750813
Normal,1.483401703
Normal,1.482675576
Normal,1.48194945
Normal,1.480305533
Normal,1.47958114
Normal,1.47954622
Normal,1.478606235
Normal,1.47680478
Normal,1.476774514
Normal,1.476439215
Normal,1.47617765
Normal,1.474906102
Normal,1.47440644
Normal,1.474183775
Normal,1.474113923
Normal,1.472971021
Normal,1.472552705
Normal,1.472094466
Normal,1.472063586
Normal,1.471435065
Normal,1.470237428
Normal,1.469955192
Normal,1.469954227
Normal,1.469911817
Normal,1.469330299
Normal,1.468958528
Normal,1.468777713
Normal,1.468038343
Normal,1.468004448
Normal,1.467060508
Normal,1.466955234
Normal,1.465756235
Normal,1.465020057
Normal,1.464644067
Normal,1.464623719
Normal,1.464423012
Normal,1.46403755
Normal,1.463823471
Normal,1.463176433
Outlier,1.462871524
Normal,1.462280526
Normal,1.462140265
Normal,1.460798679
Normal,1.460458089
Normal,1.460199849
Normal,1.460048153
Normal,1.459791792
Normal,1.459339578
Normal,1.458923579
Normal,1.458760386
Normal,1.458644125
Normal,1.456683343
Normal,1.456347881
Normal,1.45534795
Normal,1.454905255
Normal,1.454714809
Normal,1.454238564
Normal,1.453497772
Normal,1.452884565
Normal,1.448887209
Normal,1.447707736
Normal,1.446178927
Normal,1.445374777
Normal,1.444906541
Normal,1.444473382
Normal,1.443474035
Normal,1.442780122
Normal,1.441951462
Normal,1.441458972
Normal,1.440550273
Normal,1.438898334
Normal,1.438766581
Normal,1.43799132
Normal,1.43768091
Normal,1.43734786
Normal,1.43719735
Normal,1.436893032
Normal,1.436632281
Normal,1.436547915
Normal,1.43618435
Normal,1.43297747
Normal,1.432658964
Normal,1.432452528
Normal,1.43081274
Normal,1.429680289
Normal,1.429573423
Normal,1.429511593
Normal,1.429053426
Normal,1.428559677
Normal,1.428521367
Normal,1.426970364
Normal,1.42686883
Normal,1.426677323
Normal,1.426626167
Normal,1.426441154
Normal,1.425601908
Normal,1.425121163
Normal,1.42485142
Normal,1.424838532
Normal,1.423423986
Normal,1.422566555
Normal,1.422120417
Normal,1.420237934
Normal,1.419898806
Normal,1.41953132
Normal,1.419132881
Normal,1.418128846
Normal,1.417630613
Normal,1.417123095
Normal,1.416598169
Normal,1.416545642
Normal,1.416041568
Normal,1.415854692
Normal,1.415657595
Normal,1.415651363
Normal,1.415122352
Normal,1.414918437
Normal,1.414445009
Normal,1.414401603
Normal,1.414082112
Normal,1.413423272
Normal,1.413099075
Normal,1.412819098
Normal,1.41252819
Normal,1.412437311
Normal,1.412023038
Normal,1.411264212
Normal,1.410852052
Normal,1.410600864
Normal,1.409866042
Normal,1.409762319
Normal,1.409624774
Normal,1.409212487
Normal,1.408756875
Normal,1.40867743
Normal,1.408523097
Normal,1.40805793
Normal,1.407977399
Normal,1.407662009
Normal,1.407322455
Normal,1.405937316
Normal,1.404646041
Normal,1.403720106
Normal,1.403452088
Normal,1.403112978
Normal,1.402624763
Normal,1.402364013
Normal,1.399954599
Normal,1.399783805
Normal,1.399493012
Normal,1.399199524
Normal,1.399147262
Normal,1.398924369
Normal,1.398734924
Normal,1.398214779
Normal,1.397758166
Normal,1.397402511
Outlier,1.397383932
Normal,1.396934667
Normal,1.396272723
Normal,1.396116049
Normal,1.396064655
Normal,1.394780245
Normal,1.394171206
Normal,1.393963167
Normal,1.393658534
Normal,1.39333325
Normal,1.392060363
Normal,1.390627624
Normal,1.38948412
Normal,1.387087506
Normal,1.385465063
Normal,1.385372264
Normal,1.385248705
Normal,1.385011151
Normal,1.384997156
Normal,1.384741523
Normal,1.383883536
Normal,1.382963186
Normal,1.382410359
Normal,1.382117205
Normal,1.381443034
Normal,1.381370359
Normal,1.380686096
Normal,1.379954849
Normal,1.379863597
Normal,1.378185328
Normal,1.375544359
Normal,1.374771233
Normal,1.374530375
Normal,1.373796861
Normal,1.373790752
Normal,1.373652789
Normal,1.372958784
Normal,1.372863166
Normal,1.372148445
Normal,1.371469201
Normal,1.368804144
Normal,1.368409658
Normal,1.367995091
Normal,1.367169477
Normal,1.366390468
Normal,1.366141033
Normal,1.365178219
Normal,1.364807066
Normal,1.364647113
Normal,1.364480028
Normal,1.36392226
Normal,1.362266984
Normal,1.362100221
Normal,1.362021856
Normal,1.361654094
Normal,1.361318941
Normal,1.360569869
Normal,1.360118267
Normal,1.359926007
Normal,1.359883901
Normal,1.359694723
Normal,1.358023269
Normal,1.357295018
Normal,1.354326028
Normal,1.354118026
Normal,1.354096536
Normal,1.353505987
Normal,1.353374404
Normal,1.352401755
Normal,1.352138489
Normal,1.351734268
Normal,1.351520626
Normal,1.351409368
Normal,1.351114252
Normal,1.351055051
Normal,1.350878692
Normal,1.350718406
Normal,1.349243243
Normal,1.348913698
Normal,1.346777676
Normal,1.346061754
Normal,1.344469271
Normal,1.343752806
Normal,1.3430074
Normal,1.342734756
Normal,1.342458271
Normal,1.341953378
Normal,1.341649478
Normal,1.34159183
Normal,1.341338223
Normal,1.340672644
Normal,1.338860952
Normal,1.338856852
Normal,1.338565299
Normal,1.338012929
Normal,1.337956057
Normal,1.336525906
Normal,1.33625698
Normal,1.335183482
Normal,1.333176517
Normal,1.333110729
Normal,1.331525023
Normal,1.329640303
Normal,1.329469757
Normal,1.328798815
Normal,1.328560004
Normal,1.327888489
Normal,1.326812208
Normal,1.326425244
Normal,1.326167852
Normal,1.32604715
Normal,1.325292931
Normal,1.324291659
Normal,1.320856349
Normal,1.32036872
Normal,1.319746115
Normal,1.318786282
Normal,1.317494341
Normal,1.317398483
Normal,1.317051139
Normal,1.314701035
Normal,1.314648015
Normal,1.31407041
Normal,1.313369945
Normal,1.313338584
Normal,1.313336014
Normal,1.313282457
Normal,1.311925123
Normal,1.311211161
Normal,1.311137594
Normal,1.311065977
Normal,1.310714532
Normal,1.31052178
Normal,1.310487756
Normal,1.30942556
Normal,1.309413255
Normal,1.309118099
Normal,1.308191576
Normal,1.307380642
Normal,1.30558944
Normal,1.305320608
Normal,1.305318842
Normal,1.304999964
Normal,1.304853506
Normal,1.303874935
Normal,1.301664448
Normal,1.30151149
Normal,1.301136949
Normal,1.300779323
Normal,1.300440993
Normal,1.29980865
Normal,1.299273878
Normal,1.298996886
Normal,1.297144304
Normal,1.296314832
Normal,1.295753202
Normal,1.295639197
Normal,1.295059847
Normal,1.293654411
Normal,1.292904965
Normal,1.290749685
Normal,1.290739134
Normal,1.290420104
Normal,1.287132058
Normal,1.287118691
Normal,1.286166901
Normal,1.286110057
Normal,1.284983049
Normal,1.284420647
Normal,1.284267946
Normal,1.284267797
Normal,1.283878891
Normal,1.282639627
Normal,1.281988631
Normal,1.28197412
Normal,1.281026059
Normal,1.279508488
Normal,1.279413167
Normal,1.279069475
Normal,1.278805823
Normal,1.278395439
Normal,1.278330824
Normal,1.277652301
Normal,1.274894104
Normal,1.274584197
Normal,1.273867734
Normal,1.272004708
Normal,1.271642407
Normal,1.271540372
Normal,1.271487746
Normal,1.27132191
Normal,1.271034384
Normal,1.270499258
Normal,1.269861868
Normal,1.269641237
Normal,1.269255449
Normal,1.268597093
Normal,1.26839777
Normal,1.267566966
Normal,1.267439108
Normal,1.266680243
Normal,1.266471447
Normal,1.265817585
Normal,1.265654996
Normal,1.265150691
Normal,1.264039456
Normal,1.263676236
Normal,1.263225793
Normal,1.263092177
Normal,1.263080552
Normal,1.261804596
Normal,1.261658886
Normal,1.261405476
Normal,1.259382377
Normal,1.259253059
Normal,1.258541154
Normal,1.257740493
Normal,1.257459418
Normal,1.255996996
Normal,1.255433076
Normal,1.255287265
Normal,1.254888585
Normal,1.254423599
Normal,1.254344145
Normal,1.253607395
Normal,1.25298529
Normal,1.252650407
Normal,1.251982734
Normal,1.251488763
Normal,1.251252835
Normal,1.249453045
Normal,1.249174872
Normal,1.247272626
Normal,1.247243946
Normal,1.245507934
Normal,1.244421207
Normal,1.242816455
Normal,1.24241091
Normal,1.242066975
Normal,1.240071931
Normal,1.239577715
Normal,1.238391193
Normal,1.237981946
Normal,1.23795322
Normal,1.237546577
Normal,1.237409502
Normal,1.237016303
Normal,1.237011485
Normal,1.236636873
Normal,1.236339774
Normal,1.235695404
Normal,1.235130147
Normal,1.234987879
Normal,1.234891397
Normal,1.23427852
Normal,1.234222001
Normal,1.233905997
Normal,1.233754944
Normal,1.233415886
Normal,1.232465207
Normal,1.231380598
Normal,1.230726489
Normal,1.230278549
Normal,1.228626637
Normal,1.228518647
Normal,1.227523866
Normal,1.227023369
Normal,1.226622446
Normal,1.226381723
Normal,1.225618496
Normal,1.22527074
Normal,1.224493564
Normal,1.224086216
Normal,1.223816995
Normal,1.223370186
Normal,1.223349631
Normal,1.222589136
Normal,1.222475343
Normal,1.222270477
Normal,1.221410414
Normal,1.221288679
Normal,1.221089729
Normal,1.221040094
Normal,1.21877926
Normal,1.218400708
Normal,1.217840511
Normal,1.217701242
Normal,1.217546469
Normal,1.21727036
Normal,1.2154401
Normal,1.214854746
Normal,1.213886787
Normal,1.213121335
Normal,1.212591534
Normal,1.212334553
Normal,1.211540602
Normal,1.21113215
Normal,1.210908752
Normal,1.210202902
Normal,1.208559542
Normal,1.208550769
Normal,1.207251562
Normal,1.206996592
Normal,1.204483033
Normal,1.203946215
Normal,1.203808842
Normal,1.202860923
Normal,1.20156025
Normal,1.201515997
Normal,1.201144641
Normal,1.198808123
Normal,1.198248876
Normal,1.197598709
Normal,1.19674734
Normal,1.195885117
Normal,1.194168178
Normal,1.192698843
Normal,1.191932387
Normal,1.191820718
Normal,1.191251909
Normal,1.19058866
Normal,1.18907695
Normal,1.187775845
Normal,1.187700038
Normal,1.187543932
Normal,1.187318124
Normal,1.187264094
Normal,1.187105078
Normal,1.186393844
Normal,1.185902093
Normal,1.185394365
Normal,1.184776373
Normal,1.184313822
Normal,1.183904729
Normal,1.183753031
Normal,1.183739674
Normal,1.183193044
Normal,1.181854314
Normal,1.179494545
Normal,1.179483402
Normal,1.179299397
Normal,1.178626865
Normal,1.178617232
Normal,1.17766199
Normal,1.177631953
Normal,1.177567486
Normal,1.176769376
Normal,1.176380702
Normal,1.175667388
Normal,1.175581375
Normal,1.175042111
Normal,1.172205918
Normal,1.170993621
Normal,1.170394681
Normal,1.169290955
Normal,1.169144752
Normal,1.168354566
Normal,1.168119211
Normal,1.166775677
Normal,1.166746913
Normal,1.166648912
Normal,1.166258779
Normal,1.163632682
Normal,1.162811367
Normal,1.161449497
Normal,1.16097919
Normal,1.158400895
Normal,1.158232808
Normal,1.15806558
Normal,1.158033121
Normal,1.156930585
Normal,1.156324525
Normal,1.155840663
Normal,1.154856863
Normal,1.154768871
Normal,1.153846493
Normal,1.153575375
Normal,1.152957242
Normal,1.152638293
Normal,1.151643249
Normal,1.15031469
Outlier,1.150169341
Normal,1.149753946
Normal,1.148069722
Normal,1.146543542
Normal,1.146461328
Normal,1.145900511
Normal,1.144985966
Normal,1.144505176
Normal,1.144499683
Normal,1.142671016
Normal,1.142436487
Normal,1.141892869
Normal,1.138590002
Normal,1.138323415
Normal,1.138243965
Normal,1.137589587
Normal,1.137548528
Normal,1.135566101
Normal,1.134544098
Normal,1.133900651
Normal,1.133682377
Normal,1.132599279
Normal,1.132040964
Normal,1.130503988
Normal,1.13028086
Normal,1.130128741
Normal,1.128937174
Normal,1.128855922
Normal,1.126168907
Normal,1.12580453
Normal,1.125687979
Normal,1.125538026
Normal,1.125184968
Normal,1.122335882
Normal,1.118541871
Normal,1.118417478
Normal,1.117788301
Normal,1.117705828
Normal,1.114956
Normal,1.112204318
Normal,1.111461703
Normal,1.111288171
Normal,1.110251998
Normal,1.108174784
Normal,1.107239592
Normal,1.107101768
Normal,1.106390744
Normal,1.105755295
Normal,1.104753766
Normal,1.102959406
Normal,1.102933851
Normal,1.102854889
Normal,1.099932487
Normal,1.099905513
Normal,1.099331087
Normal,1.099098711
Normal,1.098378917
Normal,1.098296275
Normal,1.097871208
Normal,1.09717245
Normal,1.096831382
Normal,1.095503221
Normal,1.095129109
Normal,1.095128458
Normal,1.094327676
Normal,1.093836487
Normal,1.092877484
Normal,1.092756337
Normal,1.092695768
Normal,1.092426088
Normal,1.089900363
Normal,1.089523191
Normal,1.088617492
Normal,1.087204001
Normal,1.086561411
Normal,1.085388871
Normal,1.084841657
Normal,1.08478817
Normal,1.084528949
Normal,1.084410666
Normal,1.08199146
Normal,1.081804163
Normal,1.081206535
Normal,1.080667767
Normal,1.079637469
Normal,1.079200865
Normal,1.074746797
Normal,1.074082656
Normal,1.073828696
Normal,1.073805099
Normal,1.073564525
Normal,1.073532168
Outlier,1.073134412
Normal,1.071876909
Normal,1.070806114
Normal,1.068827914
Normal,1.068141909
Normal,1.067942709
Normal,1.063130371
Normal,1.062126094
Normal,1.060087982
Normal,1.059835189
Normal,1.058335441
Normal,1.057974209
Normal,1.056362805
Normal,1.055911171
Normal,1.055784519
Normal,1.055644762
Normal,1.054424744
Normal,1.054389199
Normal,1.053042893
Normal,1.051570759
Normal,1.050466152
Normal,1.04906614
Normal,1.04878165
Normal,1.0481287
Normal,1.046716418
Normal,1.045930026
Normal,1.045774118
Normal,1.045708333
Normal,1.045597206
Normal,1.045019444
Normal,1.044991332
Normal,1.044759903
Normal,1.044008149
Normal,1.042690196
Normal,1.042560276
Normal,1.042044203
Normal,1.041174525
Normal,1.040199547
Normal,1.039931362
Normal,1.039701657
Normal,1.039617361
Normal,1.039018263
Normal,1.038559823
Normal,1.038550327
Normal,1.037961302
Normal,1.037546816
Normal,1.037082459
Normal,1.03654855
Normal,1.036067226
Normal,1.036040556
Normal,1.035531882
Normal,1.03506677
Normal,1.033482052
Normal,1.033406273
Normal,1.033336923
Normal,1.033322293
Normal,1.03259729
Normal,1.032474734
Normal,1.031049438
Normal,1.030188791
Normal,1.028131269
Normal,1.027397734
Normal,1.027056847
Normal,1.025390596
Normal,1.025338532
Normal,1.023951338
Normal,1.022579494
Normal,1.022155398
Normal,1.020985781
Normal,1.019425632
Normal,1.019368952
Normal,1.018593747
Normal,1.017167514
Normal,1.016538918
Normal,1.015972021
Normal,1.015821989
Normal,1.015101925
Normal,1.014730302
Normal,1.013621846
Normal,1.013070258
Normal,1.010923806
Normal,1.010205436
Normal,1.009379538
Normal,1.008989699
Normal,1.007499162
Normal,1.007400645
Normal,1.007302587
Normal,1.006792111
Normal,1.005760938
Normal,1.005500051
Normal,1.003740708
Normal,1.00320936
Normal,1.003165029
Normal,1.002177691
Normal,1.001269105
Normal,1.000461964
Normal,1.000375561
Normal,1.000000035
Normal,1.00000002
Normal,0.999986126
Normal,0.999828648
Normal,0.999383377
Normal,0.999216859
Normal,0.998682978
Normal,0.998663546
Normal,0.99862105
Normal,0.998568992
Normal,0.998521504
Normal,0.998030505
Normal,0.997885786
Normal,0.997134297
Normal,0.996881808
Normal,0.99663374
Normal,0.995681456
Normal,0.995215004
Normal,0.995022641
Normal,0.994621326
Normal,0.9943981
Normal,0.994247564
Normal,0.993335884
Normal,0.993193388
Normal,0.992938209
Normal,0.991966438
Normal,0.991670145
Normal,0.990509087
Normal,0.989372139
Normal,0.988843897
Normal,0.988722118
Normal,0.988047163
Normal,0.986162358
Normal,0.985924915
Normal,0.984820221
Normal,0.984803444
Normal,0.984765409
Normal,0.983127415
Normal,0.98287558
Normal,0.982821759
Normal,0.981393342
Normal,0.981187337
Normal,0.979418991
Normal,0.978904752
Normal,0.978574302
Normal,0.978377527
Normal,0.977763324
Normal,0.977679595
Normal,0.977642962
Normal,0.977523752
Normal,0.974250489
Normal,0.97328092
Normal,0.972514183
Normal,0.972223892
Normal,0.971985708
Normal,0.971389388
Normal,0.969328376
Normal,0.969182523
Normal,0.969076038
Normal,0.968747976
Normal,0.96865338
Normal,0.967334455
Normal,0.967206201
Normal,0.966661468
Normal,0.966463847
Normal,0.966224088
Normal,0.966021918
Normal,0.965487045
Normal,0.965344094
Normal,0.962798748
Normal,0.962355311
Normal,0.962161652
Normal,0.962144169
Normal,0.961813941
Normal,0.961681221
Normal,0.961608929
Normal,0.961440712
Normal,0.961347677
Normal,0.961305046
Normal,0.961278445
Normal,0.960761365
Normal,0.960229732
Normal,0.959970665
Normal,0.959314139
Normal,0.958040069
Normal,0.957849778
Normal,0.957513591
Normal,0.956747746
Normal,0.956727138
Normal,0.956320754
Normal,0.955768269
Normal,0.955222598
Normal,0.95346948
Normal,0.953413883
Normal,0.95309309
Normal,0.952688861
Normal,0.950080828
Normal,0.948813984
Normal,0.948034383
Normal,0.947878641
Normal,0.94760554
Normal,0.944961765
Normal,0.944185724
Normal,0.943900272
Normal,0.943847789
Normal,0.943133631
Normal,0.941627893
Normal,0.941221072
Normal,0.940825575
Normal,0.940512696
Normal,0.940020667
Normal,0.939766346
Normal,0.939372287
Normal,0.938729991
Normal,0.938196963
Normal,0.938164807
Normal,0.938034711
Normal,0.937625819
Normal,0.937505432
Normal,0.93731589
Normal,0.936749251
Normal,0.936348128
Normal,0.934617779
Normal,0.934220045
Normal,0.933373447
Normal,0.932411645
Normal,0.931980719
Normal,0.931694357
Normal,0.930919747
Normal,0.929125027
Normal,0.928193176
Normal,0.92798204
Normal,0.927278961
Normal,0.927112132
Normal,0.927069761
Normal,0.926990398
Normal,0.925667254
Normal,0.925447242
Normal,0.925428338
Normal,0.924851314
Normal,0.924639376
Normal,0.924599211
Normal,0.924535308
Normal,0.92422889
Normal,0.92421563
Normal,0.923707068
Normal,0.923206159
Normal,0.920759399
Normal,0.920697576
Normal,0.920187297
Normal,0.919859839
Normal,0.919670066
Normal,0.919650555
Normal,0.918429281
Normal,0.917777101
Normal,0.91751575
Normal,0.917312117
Normal,0.91726772
Normal,0.916331399
Normal,0.916299202
Normal,0.91600359
Normal,0.915765452
Normal,0.915329322
Normal,0.914869086
Normal,0.913439506
Normal,0.913141807
Normal,0.912486625
Normal,0.911808818
Normal,0.911338721
Normal,0.910244905
Normal,0.909565454
Normal,0.908450194
Normal,0.908072408
Normal,0.906996022
Normal,0.906075051
Normal,0.905677856
Normal,0.905649095
Normal,0.905365475
Normal,0.903360851
Normal,0.90280813
Normal,0.90232115
Normal,0.902023234
Normal,0.901719527
Normal,0.901321948
Normal,0.901292032
Normal,0.901102352
Normal,0.900839104
Normal,0.90029374
Normal,0.899448855
Normal,0.899162721
Normal,0.898646408
Normal,0.897116619
Normal,0.896931397
Normal,0.896133406
Normal,0.896109575
Normal,0.896028744
Normal,0.895978013
Normal,0.895844367
Normal,0.89531445
Normal,0.894367858
Normal,0.893764426
Normal,0.892578299
Normal,0.892339552
Normal,0.892040503
Normal,0.89101471
Normal,0.890442317
Normal,0.8891057
Normal,0.888593307
Normal,0.888498625
Normal,0.887307033
Normal,0.885822913
Normal,0.885554971
Normal,0.884933879
Normal,0.88480835
Normal,0.884279924
Normal,0.884161305
Normal,0.883668689
Normal,0.882367281
Normal,0.879100145
Normal,0.877978308
Normal,0.877025504
Normal,0.876503265
Normal,0.875365895
Normal,0.875187393
Normal,0.874897824
Normal,0.873744071
Normal,0.873518113
Normal,0.873442507
Normal,0.872718768
Normal,0.872395413
Normal,0.872390539
Normal,0.871149699
Normal,0.870908268
Normal,0.870449253
Normal,0.870338948
Normal,0.870221951
Normal,0.869686068
Normal,0.869174714
Normal,0.868516168
Normal,0.868144144
Normal,0.868117015
Normal,0.86673318
Normal,0.866204919
Normal,0.864999602
Normal,0.864551697
Normal,0.864522927
Normal,0.862847379
Normal,0.86239945
Normal,0.861582305
Normal,0.860501095
Normal,0.860431433
Normal,0.859971081
Normal,0.859900915
Normal,0.858295758
Normal,0.858075339
Normal,0.857645158
Normal,0.857624127
Normal,0.857578558
Normal,0.856900215
Normal,0.85686029
Normal,0.856733068
Normal,0.856198187
Normal,0.855225086
Normal,0.855042209
Normal,0.854286433
Normal,0.853402631
Normal,0.853213274
Normal,0.852875441
Normal,0.851953282
Normal,0.851750446
Normal,0.851644523
Normal,0.851031804
Normal,0.850673734
Normal,0.849419419
Normal,0.847904536
Normal,0.846836058
Normal,0.845888857
Normal,0.845274101
Normal,0.844768509
Normal,0.844648091
Normal,0.843469156
Normal,0.841245861
Normal,0.839899172
Normal,0.839876552
Normal,0.839511958
Normal,0.839418366
Normal,0.839312717
Normal,0.839080072
Normal,0.838645798
Normal,0.837843422
Normal,0.837380381
Normal,0.836869355
Normal,0.83517457
Normal,0.835136411
Normal,0.833891792
Normal,0.833741701
Normal,0.833352515
Normal,0.832906419
Normal,0.832421755
Normal,0.832089148
Normal,0.831284091
Normal,0.830567562
Normal,0.830328239
Normal,0.830080924
Normal,0.829330608
Normal,0.829107568
Normal,0.828907051
Normal,0.828851621
Normal,0.828120728
Normal,0.828036686
Normal,0.828019257
Normal,0.827076449
Normal,0.827055994
Normal,0.823668066
Normal,0.823548013
Normal,0.823545528
Normal,0.822308726
Normal,0.822074413
Normal,0.821920315
Normal,0.821868683
Normal,0.821643872
Normal,0.821310444
Normal,0.82094385
Normal,0.820071454
Normal,0.819551679
Normal,0.819405114
Normal,0.81889098
Normal,0.818890306
Normal,0.815561341
Normal,0.81528657
Normal,0.814959211
Normal,0.814517774
Normal,0.814370224
Normal,0.813835225
Normal,0.813277805
Normal,0.812713367
Normal,0.81084638
Normal,0.810677328
Normal,0.810027391
Normal,0.809508958
Normal,0.809409595
Normal,0.809231708
Normal,0.808970587
Normal,0.808364626
Normal,0.808075059
Normal,0.808037258
Normal,0.80738649
Normal,0.806512438
Normal,0.806307344
Normal,0.805913903
Normal,0.805776898
Normal,0.805570932
Normal,0.805241128
Normal,0.804667069
Normal,0.804477918
Normal,0.803867786
Normal,0.803591755
Normal,0.803492252
Normal,0.803187774
Normal,0.80265964
Normal,0.801870351
Normal,0.801210515
Normal,0.800182112
Normal,0.799892115
Normal,0.799492094
Normal,0.799273116
Normal,0.798885513
Normal,0.798875642
Normal,0.798576306
Normal,0.798267964
Normal,0.798170167
Normal,0.798029113
Normal,0.797564454
Normal,0.796889129
Normal,0.796443938
Normal,0.795475643
Normal,0.79545506
Normal,0.794717832
Normal,0.794601965
Normal,0.79419097
Normal,0.794047342
Normal,0.793330593
Normal,0.792305093
Normal,0.792238681
Normal,0.792164713
Normal,0.79164804
Normal,0.79154942
Normal,0.791507962
Normal,0.791445581
Normal,0.791112299
Normal,0.790930554
Normal,0.790437276
Normal,0.789893838
Normal,0.789746901
Normal,0.789303854
Normal,0.789211423
Normal,0.788377928
Normal,0.787471496
Normal,0.787471049
Normal,0.787213428
Normal,0.786340284
Normal,0.78589473
Normal,0.785659422
Normal,0.784467567
Normal,0.784285106
Normal,0.783627376
Normal,0.783536264
Normal,0.783318359
Normal,0.783061118
Normal,0.782810295
Normal,0.782431473
Normal,0.781768739
Normal,0.780375086
Normal,0.779945118
Normal,0.779382908
Normal,0.779168729
Normal,0.778977546
Normal,0.778149942
Normal,0.776953585
Normal,0.776637953
Normal,0.775335884
Normal,0.774322481
Normal,0.774320856
Normal,0.773338034
Normal,0.772557206
Normal,0.770435506
Normal,0.770000839
Normal,0.769961638
Normal,0.769639186
Normal,0.768138128
Normal,0.767957994
Normal,0.767742241
Normal,0.767485225
Normal,0.76728814
Normal,0.766904522
Normal,0.76633125
Normal,0.766138976
Normal,0.765609631
Normal,0.76557933
Normal,0.765449546
Normal,0.765411982
Normal,0.763904328
Normal,0.763874889
Normal,0.763788441
Normal,0.763568452
Normal,0.7622576
Normal,0.762082136
Normal,0.761900343
Normal,0.761776138
Normal,0.761141571
Normal,0.76113199
Normal,0.757922355
Outlier,0.757833432
Normal,0.757286235
Normal,0.75605642
Normal,0.755898581
Normal,0.755869375
Normal,0.754881261
Normal,0.754522454
Normal,0.754315446
Normal,0.75429062
Normal,0.754278237
Normal,0.753443635
Normal,0.753185634
Normal,0.752907177
Normal,0.752566046
Normal,0.752163405
Normal,0.751528544
Normal,0.751475993
Normal,0.751355768
Normal,0.750141375
Normal,0.749261792
Normal,0.748930455
Normal,0.748413899
Normal,0.748112368
Normal,0.7467546
Normal,0.746610857
Normal,0.746421852
Normal,0.744745676
Normal,0.74440035
Normal,0.744349812
Normal,0.744177414
Normal,0.744019784
Normal,0.743797691
Normal,0.743423319
Normal,0.742796771
Normal,0.742447427
Normal,0.742426409
Normal,0.740260144
Normal,0.739987538
Normal,0.738728061
Normal,0.737038778
Normal,0.736869983
Normal,0.735979327
Normal,0.7350109
Normal,0.734726018
Normal,0.734497588
Normal,0.732465239
Normal,0.732188351
Normal,0.731522362
Normal,0.730748185
Normal,0.730215129
Normal,0.729086258
Outlier,0.728850553
Normal,0.728342621
Normal,0.727274924
Normal,0.726949872
Normal,0.726192274
Normal,0.726070056
Normal,0.72541345
Normal,0.724625384
Normal,0.724511208
Normal,0.723867895
Normal,0.723205255
Normal,0.722974046
Normal,0.722012842
Normal,0.721576607
Normal,0.720924974
Normal,0.720799389
Normal,0.719953675
Normal,0.719846286
Normal,0.719316648
Normal,0.717973291
Normal,0.71689427
Normal,0.716102361
Normal,0.715896864
Normal,0.71517695
Normal,0.71447202
Normal,0.713970572
Normal,0.713037915
Normal,0.712521394
Normal,0.71242619
Normal,0.710536103
Normal,0.7103647
Normal,0.709827985
Outlier,0.709807356
Normal,0.709692489
Normal,0.709586548
Normal,0.708677032
Normal,0.70784826
Normal,0.707263033
Normal,0.70699237
Normal,0.706928292
Normal,0.70405918
Normal,0.703811943
Normal,0.702752785
Normal,0.701832657
Normal,0.701396216
Normal,0.701361821
Normal,0.70079857
Normal,0.699969967
Normal,0.699265772
Normal,0.699232983
Normal,0.699077458
Normal,0.698970992
Normal,0.698622162
Normal,0.698607178
Normal,0.698266927
Normal,0.697823623
Normal,0.697094394
Normal,0.697030953
Normal,0.696179014
Normal,0.694922256
Normal,0.694396007
Normal,0.694310898
Normal,0.694173506
Normal,0.693430312
Normal,0.693410664
Normal,0.692963006
Normal,0.692363708
Normal,0.692006325
Normal,0.691480536
Normal,0.691377767
Normal,0.690898436
Normal,0.69066522
Normal,0.690656467
Normal,0.689435846
Normal,0.688723772
Normal,0.688198201
Normal,0.687918877
Normal,0.68790159
Normal,0.687527562
Normal,0.687257366
Normal,0.683985579
Normal,0.683120313
Normal,0.681881911
Normal,0.681469947
Normal,0.681071277
Normal,0.680806761
Normal,0.679783598
Normal,0.67843645
Normal,0.678272322
Normal,0.677272847
Normal,0.677183816
Normal,0.676936492
Normal,0.67659239
Normal,0.676169787
Normal,0.67492922
Normal,0.67478208
Normal,0.674243195
Normal,0.674237838
Normal,0.673724689
Normal,0.673717379
Normal,0.673281817
Normal,0.672935665
Normal,0.672862719
Normal,0.672569648
Normal,0.672505309
Normal,0.672101754
Normal,0.671351722
Normal,0.670816407
Normal,0.670464293
Normal,0.669861492
Normal,0.668582117
Normal,0.668317762
Normal,0.667989724
Normal,0.667293813
Normal,0.666538941
Normal,0.666333133
Normal,0.666204882
Normal,0.665758255
Normal,0.661186284
Normal,0.661122264
Normal,0.660832041
Normal,0.66059302
Normal,0.659946837
Normal,0.659916715
Normal,0.659730638
Normal,0.659714243
Normal,0.658887705
Normal,0.65857982
Normal,0.658485782
Normal,0.658443471
Normal,0.658317315
Normal,0.656537732
Normal,0.656471492
Normal,0.656386616
Normal,0.656182707
Normal,0.656014341
Normal,0.655822804
Normal,0.655565463
Normal,0.654584944
Normal,0.654567384
Normal,0.654268102
Normal,0.652793599
Normal,0.651424646
Normal,0.650549297
Normal,0.65031177
Normal,0.64985596
Normal,0.649697526
Normal,0.649428313
Normal,0.649355496
Normal,0.648623173
Normal,0.648300913
Normal,0.648051815
Normal,0.64784107
Normal,0.647441545
Normal,0.647056425
Normal,0.646079733
Normal,0.645717984
Normal,0.644549867
Normal,0.643334457
Normal,0.642708104
Normal,0.642597084
Normal,0.641622891
Normal,0.641321188
Normal,0.641293131
Normal,0.641109252
Normal,0.640892076
Normal,0.638971692
Normal,0.638919661
Normal,0.638771484
Normal,0.638726353
Normal,0.638540716
Normal,0.638525701
Normal,0.638363337
Normal,0.638115876
Normal,0.637972647
Normal,0.637364499
Normal,0.63688083
Normal,0.636643345
Normal,0.636323834
Normal,0.63345871
Normal,0.633346009
Normal,0.631664718
Normal,0.631331859
Normal,0.629273086
Normal,0.629171042
Normal,0.628392903
Normal,0.628383261
Normal,0.627722977
Normal,0.626645337
Normal,0.626583263
Normal,0.626413081
Normal,0.624966991
Normal,0.624702619
Normal,0.624190618
Normal,0.62372743
Normal,0.623503271
Normal,0.623145585
Normal,0.622629813
Normal,0.622088275
Normal,0.622064797
Normal,0.621180883
Normal,0.619389227
Normal,0.618891913
Normal,0.618842618
Normal,0.618513234
Normal,0.618099928
Normal,0.617724321
Normal,0.61720709
Normal,0.617143399
Normal,0.616827002
Normal,0.615525944
Normal,0.615135327
Normal,0.614535475
Normal,0.614263761
Normal,0.613772191
Normal,0.613496561
Normal,0.613482416
Normal,0.613351191
Normal,0.612807358
Normal,0.611020458
Normal,0.609647891
Normal,0.608537573
Normal,0.607460375
Normal,0.605609982
Normal,0.605025308
Normal,0.604883871
Normal,0.604224493
Normal,0.604023549
Normal,0.603946559
Normal,0.603883968
Normal,0.603872236
Normal,0.602532959
Normal,0.602400992
Normal,0.602134397
Normal,0.600498548
Normal,0.600435977
Normal,0.599899499
Normal,0.59942022
Normal,0.599351553
Normal,0.598428752
Normal,0.597690012
Normal,0.597036212
Normal,0.596683314
Normal,0.596619848
Normal,0.596372364
Normal,0.596318277
Normal,0.596237344
Normal,0.596231832
Normal,0.596164584
Normal,0.596095701
Normal,0.595541756
Normal,0.595398095
Normal,0.594155563
Normal,0.593915694
Normal,0.593668584
Normal,0.593362126
Normal,0.592327002
Normal,0.591692268
Normal,0.591602527
Normal,0.591538342
Normal,0.591257699
Normal,0.591020466
Normal,0.590499092
Normal,0.590390419
Normal,0.58994896
Normal,0.589905133
Normal,0.589688313
Normal,0.58950022
Normal,0.589013253
Normal,0.588875729
Normal,0.58839688
Normal,0.588333112
Normal,0.588286605
Normal,0.588030303
Normal,0.587242285
Normal,0.587175945
Normal,0.587105469
Normal,0.586702312
Normal,0.585906089
Normal,0.585816964
Normal,0.584240344
Normal,0.582889077
Normal,0.58271787
Normal,0.582681787
Normal,0.582527431
Normal,0.582162437
Normal,0.581658342
Normal,0.581038344
Outlier,0.580596336
Normal,0.579811892
Normal,0.579390302
Normal,0.5791194
Normal,0.579045285
Normal,0.578891779
Normal,0.578790786
Normal,0.577717218
Normal,0.577016207
Normal,0.57570837
Normal,0.575431097
Normal,0.574786279
Normal,0.574348297
Normal,0.573983425
Normal,0.573460182
Normal,0.573287693
Normal,0.572485136
Normal,0.572006775
Normal,0.570492702
Normal,0.570176452
Normal,0.569872847
Normal,0.569601739
Normal,0.568299321
Normal,0.56817908
Normal,0.567987065
Normal,0.567517956
Normal,0.567344971
Normal,0.564616562
Normal,0.562886059
Normal,0.561983121
Normal,0.561715216
Normal,0.561487451
Normal,0.560760727
Normal,0.560725403
Normal,0.559486598
Normal,0.559242787
Normal,0.558605221
Normal,0.558459691
Normal,0.558446856
Normal,0.557481026
Normal,0.557236914
Normal,0.556871245
Normal,0.556519072
Normal,0.556391652
Normal,0.555886046
Normal,0.555757987
Normal,0.554865611
Normal,0.554732673
Normal,0.554130009
Normal,0.553348051
Normal,0.552986445
Normal,0.552261099
Normal,0.552130308
Normal,0.551672765
Normal,0.551600816
Normal,0.551374846
Normal,0.551351244
Normal,0.551340343
Normal,0.551154632
Normal,0.551127069
Normal,0.550485754
Normal,0.550214114
Normal,0.549256676
Normal,0.54916831
Normal,0.548999733
Normal,0.548593239
Normal,0.548366407
Normal,0.54789563
Normal,0.547807702
Normal,0.547605355
Normal,0.54721334
Normal,0.545961075
Normal,0.545904701
Normal,0.544953328
Normal,0.544603022
Normal,0.544214866
Normal,0.543739322
Normal,0.543316697
Normal,0.543241267
Normal,0.542421228
Normal,0.542381057
Normal,0.542347193
Normal,0.541741167
Normal,0.541337427
Normal,0.5403202
Normal,0.539301319
Normal,0.53893414
Normal,0.538871975
Normal,0.538761465
Normal,0.53761452
Normal,0.536999038
Normal,0.536983019
Normal,0.536583878
Normal,0.534687124
Normal,0.534240025
Normal,0.534079242
Outlier,0.533978165
Normal,0.533657965
Normal,0.533561237
Normal,0.531909467
Normal,0.531809365
Normal,0.531774053
Normal,0.530991456
Normal,0.530781722
Normal,0.530695951
Normal,0.530325559
Normal,0.529892363
Normal,0.529698025
Normal,0.529673565
Normal,0.528984824
Normal,0.528468239
Normal,0.527910003
Normal,0.527649724
Normal,0.527267603
Normal,0.527259656
Normal,0.526398244
Normal,0.526248893
Normal,0.526218347
Normal,0.526006766
Normal,0.523410623
Normal,0.523367893
Normal,0.523276063
Normal,0.522705986
Normal,0.522403668
Normal,0.522172081
Normal,0.521849565
Normal,0.52134174
Normal,0.520777401
Normal,0.520263163
Normal,0.52012354
Normal,0.519722127
Normal,0.519307343
Normal,0.518923139
Normal,0.518716274
Normal,0.517962457
Normal,0.517950547
Normal,0.517444049
Normal,0.517230194
Normal,0.516857611
Normal,0.516336776
Normal,0.515322574
Normal,0.514847716
Normal,0.513661681
Normal,0.513139509
Normal,0.511585966
Normal,0.511403412
Normal,0.510989654
Normal,0.510563857
Normal,0.510304201
Normal,0.509831563
Normal,0.509597074
Normal,0.50943682
Normal,0.509395927
Normal,0.508559389
Normal,0.507911065
Normal,0.507888368
Normal,0.507638575
Normal,0.507329926
Normal,0.50657824
Normal,0.5063259
Normal,0.506122912
Normal,0.505929557
Normal,0.505154863
Normal,0.503920657
Normal,0.503917322
Normal,0.502797088
Normal,0.501100426
Normal,0.500685996
Normal,0.499874207
Normal,0.499607342
Normal,0.498356789
Normal,0.498270573
Normal,0.49822532
Normal,0.497719139
Normal,0.497642519
Normal,0.496595869
Normal,0.496590944
Normal,0.496551092
Normal,0.496420739
Normal,0.495238386
Normal,0.494201907
Normal,0.494136026
Normal,0.493777354
Normal,0.493180687
Normal,0.493145304
Normal,0.491701202
Normal,0.491594175
Normal,0.491465655
Normal,0.491155451
Normal,0.490491876
Normal,0.489910942
Normal,0.489806492
Normal,0.489680623
Normal,0.488920404
Normal,0.488510293
Normal,0.487936782
Normal,0.487391952
Normal,0.486142023
Outlier,0.485698505
Normal,0.484825903
Normal,0.484453907
Normal,0.483396769
Normal,0.482695346
Normal,0.481996852
Normal,0.481201633
Normal,0.480850395
Normal,0.480673807
Normal,0.479704146
Normal,0.479313571
Normal,0.479266209
Normal,0.478811962
Normal,0.478564176
Normal,0.477926977
Normal,0.477809701
Normal,0.477782989
Normal,0.47757731
Normal,0.477238051
Normal,0.476674854
Normal,0.476414001
Normal,0.476233656
Normal,0.475124034
Normal,0.47490616
Normal,0.474767315
Normal,0.474600159
Normal,0.473999204
Normal,0.473946632
Normal,0.472603291
Normal,0.472408917
Normal,0.471827569
Normal,0.471464881
Normal,0.471405044
Normal,0.471375986
Normal,0.471060452
Normal,0.469886104
Normal,0.469789335
Normal,0.468976383
Normal,0.468233101
Normal,0.467605127
Normal,0.467510843
Normal,0.467251339
Normal,0.467162372
Normal,0.4668034
Normal,0.466097671
Normal,0.465231904
Normal,0.464475661
Normal,0.463586724
Normal,0.463515346
Normal,0.461470525
Normal,0.461430482
Normal,0.460375405
Normal,0.460133799
Normal,0.459347098
Normal,0.459330345
Normal,0.459012126
Normal,0.458881793
Normal,0.457635018
Normal,0.457513174
Normal,0.457276429
Normal,0.457210157
Normal,0.456990711
Normal,0.456902617
Normal,0.456898089
Normal,0.456601059
Normal,0.455368451
Normal,0.455205518
Normal,0.454366277
Normal,0.454203643
Normal,0.454072904
Normal,0.453445839
Normal,0.451869578
Normal,0.451825849
Normal,0.450095172
Normal,0.44998944
Normal,0.449445864
Normal,0.449071107
Normal,0.448531935
Normal,0.448438878
Normal,0.448346962
Normal,0.448067509
Normal,0.44717564
Normal,0.446837752
Normal,0.446458696
Normal,0.445560131
Normal,0.445523515
Normal,0.445502299
Normal,0.445476006
Normal,0.444928847
Normal,0.444506471
Normal,0.443775992
Normal,0.443713829
Normal,0.443696401
Normal,0.442982136
Normal,0.442703756
Normal,0.441864906
Normal,0.441838334
Normal,0.440073708
Normal,0.439200908
Normal,0.438315561
Normal,0.437814106
Normal,0.437801231
Normal,0.437396084
Normal,0.437292774
Normal,0.435759225
Normal,0.435424805
Normal,0.434881805
Outlier,0.434744815
Normal,0.434668855
Normal,0.433964696
Normal,0.433241319
Normal,0.433013824
Normal,0.432815194
Normal,0.430808009
Normal,0.430602432
Normal,0.430190908
Normal,0.429982736
Normal,0.429760803
Normal,0.429220725
Normal,0.428925773
Normal,0.428216613
Normal,0.427922964
Normal,0.426770574
Normal,0.425257011
Normal,0.425202733
Normal,0.424821266
Normal,0.422870055
Normal,0.422437102
Normal,0.422397307
Normal,0.421422804
Normal,0.421402683
Normal,0.421016034
Normal,0.4203993
Normal,0.419162027
Normal,0.419069199
Normal,0.418827248
Normal,0.418664404
Normal,0.418319303
Normal,0.418232102
Normal,0.417123315
Normal,0.415849073
Normal,0.413326266
Normal,0.410332777
Normal,0.410067079
Normal,0.409777447
Normal,0.409701845
Normal,0.409224329
Normal,0.408992204
Normal,0.408314626
Normal,0.407936674
Normal,0.407920532
Normal,0.407494194
Normal,0.405336755
Normal,0.404962726
Normal,0.404796604
Normal,0.404776734
Normal,0.404002695
Normal,0.403674201
Normal,0.40366969
Normal,0.40323745
Normal,0.401229997
Normal,0.401155307
Normal,0.400236436
Normal,0.399677496
Normal,0.399587365
Normal,0.399449207
Normal,0.399199745
Normal,0.398681762
Normal,0.398631911
Normal,0.398541697
Normal,0.398219305
Normal,0.397254071
Normal,0.397195816
Normal,0.397134718
Normal,0.397066016
Normal,0.395993088
Normal,0.395975437
Normal,0.395186885
Normal,0.395166565
Normal,0.394428913
Normal,0.393947124
Normal,0.391801315
Normal,0.391796626
Normal,0.391695837
Normal,0.391062236
Normal,0.39071257
Normal,0.390422359
Normal,0.390000544
Normal,0.389632763
Normal,0.389461186
Normal,0.38911651
Normal,0.388536046
Normal,0.388463116
Normal,0.387763653
Outlier,0.387725952
Normal,0.387340671
Normal,0.386952089
Normal,0.385686306
Normal,0.384230997
Normal,0.384155977
Normal,0.384091729
Normal,0.383037374
Normal,0.382899041
Normal,0.382435433
Normal,0.380274398
Normal,0.379506379
Normal,0.379368355
Normal,0.379326868
Normal,0.379078438
Normal,0.378289051
Normal,0.378216199
Normal,0.378093579
Normal,0.377130692
Normal,0.37633594
Normal,0.376319513
Normal,0.376110515
Normal,0.375800771
Normal,0.375754115
Normal,0.375613759
Normal,0.374724962
Normal,0.374495623
Normal,0.374098489
Normal,0.372602187
Normal,0.371999742
Normal,0.370448413
Normal,0.368674966
Normal,0.368092798
Normal,0.366913963
Normal,0.366511017
Normal,0.366179643
Normal,0.365984876
Normal,0.365867324
Normal,0.365637284
Normal,0.364286113
Normal,0.364251797
Normal,0.363240491
Normal,0.362837688
Normal,0.362780005
Normal,0.362337975
Normal,0.362230841
Normal,0.361866131
Normal,0.36095313
Normal,0.360184373
Normal,0.358749601
Normal,0.357682065
Normal,0.357202865
Normal,0.355664531
Normal,0.355357616
Normal,0.354561601
Normal,0.352722002
Normal,0.352005458
Normal,0.351981133
Normal,0.351218821
Normal,0.350873822
Normal,0.350701689
Normal,0.350541515
Normal,0.350188808
Normal,0.350161235
Normal,0.350120144
Normal,0.349906046
Normal,0.349387556
Normal,0.349074114
Normal,0.348525855
Normal,0.348031928
Normal,0.347999698
Normal,0.347414138
Normal,0.345322033
Normal,0.344996189
Normal,0.344739947
Normal,0.344707335
Normal,0.344506771
Normal,0.34312464
Normal,0.342394358
Normal,0.342274664
Normal,0.342034179
Normal,0.340361445
Normal,0.34005284
Normal,0.339480215
Normal,0.33845316
Normal,0.337637428
Normal,0.336140306
Normal,0.335567381
Outlier,0.335464961
Normal,0.335390192
Normal,0.335218518
Normal,0.335107205
Normal,0.334683807
Normal,0.334617458
Normal,0.334211049
Normal,0.332358895
Normal,0.331863609
Normal,0.331526805
Normal,0.330728609
Normal,0.329577749
Normal,0.327872644
Normal,0.327782377
Normal,0.326978431
Normal,0.325977006
Normal,0.323369861
Normal,0.323249381
Normal,0.322447388
Normal,0.321426394
Normal,0.321114282
Normal,0.320748959
Normal,0.320303004
Normal,0.318003453
Normal,0.31795213
Normal,0.317914049
Normal,0.31730978
Normal,0.316555163
Normal,0.316149552
Normal,0.31504407
Normal,0.313938915
Normal,0.31061704
Normal,0.310434319
Normal,0.309183414
Normal,0.308788747
Normal,0.306859243
Normal,0.306574381
Normal,0.306045137
Normal,0.305884178
Normal,0.305490474
Normal,0.305448162
Normal,0.302791335
Normal,0.302380092
Normal,0.302194036
Normal,0.302153607
Normal,0.301109308
Normal,0.30027072
Normal,0.300222785
Normal,0.299745567
Normal,0.297677789
Normal,0.296913975
Normal,0.296773449
Normal,0.29527621
Normal,0.294980242
Normal,0.294881371
Normal,0.294543375
Normal,0.293171207
Normal,0.292912403
Normal,0.292443106
Normal,0.29117744
Normal,0.290903956
Normal,0.290267908
Normal,0.288722769
Normal,0.288385452
Normal,0.287835865
Normal,0.287732221
Normal,0.287714829
Normal,0.287400174
Normal,0.285749145
Normal,0.284467895
Outlier,0.280669342
Normal,0.279891903
Normal,0.278449962
Normal,0.277328534
Normal,0.276883324
Normal,0.275802011
Normal,0.273661759
Normal,0.273654147
Normal,0.273212436
Normal,0.272993171
Normal,0.272716106
Normal,0.269593075
Normal,0.26957743
Normal,0.266514541
Normal,0.265697886
Normal,0.264557509
Normal,0.264219627
Normal,0.263740363
Normal,0.262901744
Normal,0.262770012
Normal,0.26156829
Normal,0.260689491
Normal,0.260256531
Normal,0.259523547
Normal,0.258489768
Normal,0.258251067
Normal,0.256810636
Normal,0.256524162
Normal,0.255204814
Normal,0.252534547
Normal,0.251722842
Normal,0.251700258
Normal,0.251695084
Normal,0.251577174
Normal,0.251016618
Normal,0.250843914
Normal,0.250724629
Normal,0.250523779
Normal,0.250356708
Normal,0.249747093
Normal,0.248393264
Normal,0.247810128
Normal,0.246614175
Normal,0.246154036
Normal,0.245960988
Normal,0.24549339
Normal,0.245169256
Normal,0.244297399
Normal,0.243053354
Normal,0.242355459
Normal,0.241466751
Normal,0.241192733
Normal,0.240779098
Normal,0.240669942
Normal,0.238922963
Normal,0.236846073
Normal,0.23614307
Normal,0.235276502
Normal,0.234705749
Normal,0.233108146
Normal,0.232726852
Normal,0.231174893
Normal,0.230805535
Normal,0.230481346
Normal,0.228027886
Normal,0.22537618
Normal,0.223088226
Normal,0.220983668
Normal,0.220798135
Normal,0.220177483
Normal,0.219537195
Normal,0.218853533
Normal,0.216184441
Normal,0.214979203
Outlier,0.214052581
Normal,0.212448787
Normal,0.210343356
Normal,0.209920822
Normal,0.209015461
Normal,0.206478906
Normal,0.206212382
Normal,0.206012147
Normal,0.205992674
Normal,0.205038946
Normal,0.205032944
Normal,0.201067553
Normal,0.20089003
Normal,0.19964989
Normal,0.1981658
Normal,0.195446877
Normal,0.193003703
Normal,0.191555729
Normal,0.189852254
Normal,0.189100819
Normal,0.186907864
Normal,0.186369384
Normal,0.185503892
Normal,0.184961952
Normal,0.184939283
Normal,0.182363602
Normal,0.181453065
Outlier,0.178481453
Normal,0.177673671
Outlier,0.175605662
Normal,0.175007714
Normal,0.17455735
Normal,0.174146898
Normal,0.172850699
Normal,0.171398028
Normal,0.169849518
Normal,0.169615959
Normal,0.168886258
Normal,0.168164024
Normal,0.163539283
Normal,0.163448094
Normal,0.158856756
Normal,0.158117502
Normal,0.15805043
Normal,0.156953985
Normal,0.155238104
Normal,0.154718169
Normal,0.154546169
Normal,0.154346513
Normal,0.153740417
Normal,0.153470302
Normal,0.150755672
Normal,0.148912736
Normal,0.146928369
Normal,0.145389474
Normal,0.145200845
Normal,0.144772137
Normal,0.143152788
Normal,0.143069735
Normal,0.142876398
Normal,0.142679155
Normal,0.141942363
Normal,0.140990225
Normal,0.140782149
Normal,0.140529456
Normal,0.140262418
Normal,0.139880005
Normal,0.134789865
Normal,0.133231872
Normal,0.133180876
Normal,0.132471006
Normal,0.132141803
Normal,0.131747773
Normal,0.130113072
Outlier,0.129692799
Normal,0.128798807
Normal,0.126540458
Normal,0.123894192
Normal,0.123134224
Normal,0.123020777
Outlier,0.122152219
Normal,0.122075871
Normal,0.121951456
Normal,0.121688215
Normal,0.121166102
Normal,0.119668822
Normal,0.118766859
Normal,0.118031167
Normal,0.117606975
Normal,0.116581771
Normal,0.115480589
Normal,0.115399118
Normal,0.114120088
Normal,0.11292369
Normal,0.110527248
Normal,0.110402852
Normal,0.109333394
Normal,0.109022203
Normal,0.105026497
Normal,0.104172687
Normal,0.104035351
Normal,0.102096165
Normal,0.100771638
Normal,0.100068427
Normal,0.096923238
Outlier,0.094637419
Normal,0.091944628
Normal,0.091412666
Normal,0.090391354
Normal,0.089423703
Normal,0.087177722
Normal,0.0859596
Normal,0.084966655
Normal,0.083468361
Normal,0.082800223
Normal,0.081127864
Normal,0.078113169
Normal,0.073068007
Normal,0.070936349
Normal,0.07061756
Normal,0.070496023
Normal,0.069014644
Normal,0.06180346
Normal,0.061342928
Normal,0.059725734
Normal,0.057278552
Normal,0.05721983
Normal,0.053625821
Normal,0.0526721
Normal,0.052257757
Outlier,0.052202294
Outlier,0.051773503
Normal,0.051485144
Normal,0.050972074
Normal,0.047954166
Normal,0.047667
Normal,0.047365115
Outlier,0.043929476
Normal,0.04349903
Normal,0.042099817
Normal,0.041636761
Normal,0.041061891
Normal,0.039125212
Normal,0.038510889
Normal,0.036365628
Normal,0.03329518
Normal,0.032884884
Normal,0.024448024
Normal,0.022267991
Normal,0.020848364
Normal,0.012959337
Normal,0
