Normal,1.143488346
Normal,1.142882494
Normal,1.142842899
Normal,1.138462719
Outlier,1.138122226
Outlier,1.137359108
Normal,1.13676863
Outlier,1.135886311
Outlier,1.135620562
Normal,1.134410291
Normal,1.133609357
Normal,1.132702242
Normal,1.132331489
Normal,1.131390274
Normal,1.130924224
Normal,1.130866213
Normal,1.130787739
Normal,1.129860876
Normal,1.12910749
Outlier,1.128035415
Normal,1.12802131
Normal,1.127454473
Normal,1.127416343
Outlier,1.127042299
Normal,1.12687063
Normal,1.126837514
Outlier,1.125457463
Normal,1.124860502
Normal,1.124282989
Normal,1.124172514
Outlier,1.124093565
Normal,1.124006261
Outlier,1.123781158
Normal,1.123564087
Normal,1.12300274
Normal,1.121705508
Outlier,1.121521663
Normal,1.121469009
Normal,1.12119093
Normal,1.120737134
Normal,1.120153737
Outlier,1.119798355
Normal,1.119788962
Outlier,1.119255436
Normal,1.118315184
Normal,1.11820992
Normal,1.117956955
Normal,1.11791285
Normal,1.11770784
Outlier,1.117468062
Normal,1.116242602
Outlier,1.115381225
Normal,1.115295281
Normal,1.114860353
Normal,1.114856009
Normal,1.114134
Normal,1.114081131
Normal,1.114044618
Normal,1.113846066
Outlier,1.112898842
Normal,1.112673633
Normal,1.112288169
Normal,1.112245417
Normal,1.112179231
Normal,1.112089815
Normal,1.11193023
Normal,1.111871758
Normal,1.111735441
Normal,1.111326249
Normal,1.111037358
Normal,1.110251598
Normal,1.110188517
Normal,1.109671391
Outlier,1.109631284
Normal,1.109601825
Normal,1.108852646
Outlier,1.108823158
Normal,1.108193289
Normal,1.107942405
Normal,1.107661135
Normal,1.10756186
Normal,1.107485308
Outlier,1.107306407
Outlier,1.107204784
Normal,1.106866966
Normal,1.106816377
Normal,1.106724874
Normal,1.106380661
Normal,1.106128085
Normal,1.106068939
Normal,1.106043169
Normal,1.105888339
Normal,1.105701078
Normal,1.105533115
Normal,1.105441611
Normal,1.105083266
Normal,1.104962636
Normal,1.10472593
Normal,1.104629145
Normal,1.104564771
Normal,1.104514592
Normal,1.104386689
Normal,1.104250771
Outlier,1.104188641
Outlier,1.104080149
Normal,1.103907738
Normal,1.103892051
Normal,1.103858364
Outlier,1.103563422
Normal,1.103477968
Normal,1.10341025
Normal,1.103143986
Normal,1.103079369
Outlier,1.102991032
Normal,1.102555534
Normal,1.101874882
Normal,1.101867507
Normal,1.101160608
Normal,1.101113548
Normal,1.100790266
Normal,1.10060559
Normal,1.100596479
Normal,1.100325393
Normal,1.100304325
Normal,1.100217377
Normal,1.099901177
Normal,1.099767168
Normal,1.09951543
Normal,1.099004661
Normal,1.098880094
Normal,1.098804615
Normal,1.098654179
Outlier,1.098531567
Normal,1.098407474
Normal,1.098403669
Normal,1.098371918
Normal,1.0983143
Normal,1.09801766
Normal,1.097251305
Normal,1.096611443
Normal,1.096508736
Normal,1.096278871
Normal,1.096186986
Normal,1.095830077
Normal,1.095763859
Normal,1.095627335
Normal,1.095416973
Normal,1.095362925
Normal,1.095321643
Normal,1.095019483
Normal,1.094651677
Normal,1.094619052
Outlier,1.094473561
Outlier,1.094392609
Normal,1.094336805
Outlier,1.094243043
Normal,1.093909783
Normal,1.093807051
Normal,1.093787482
Normal,1.093767576
Normal,1.093755836
Normal,1.093729002
Normal,1.093651341
Normal,1.093442849
Normal,1.093362332
Normal,1.093346053
Normal,1.093102552
Normal,1.093006852
Outlier,1.092398726
Normal,1.092261572
Normal,1.092134789
Normal,1.091939829
Normal,1.091566676
Normal,1.091217441
Normal,1.091166677
Normal,1.091130912
Normal,1.090977675
Normal,1.090645179
Normal,1.090601019
Normal,1.090387766
Normal,1.089935726
Normal,1.089897071
Normal,1.089819288
Normal,1.089804865
Normal,1.089778556
Normal,1.089639227
Normal,1.089474747
Normal,1.088993125
Normal,1.088396718
Normal,1.088022297
Normal,1.087928605
Normal,1.087860402
Normal,1.087771376
Normal,1.087733421
Normal,1.087602855
Normal,1.087376198
Normal,1.08733728
Normal,1.087265731
Normal,1.086582269
Normal,1.086229207
Normal,1.086202109
Normal,1.085622875
Normal,1.085556958
Normal,1.085242596
Normal,1.085026201
Normal,1.084945975
Normal,1.08478974
Normal,1.084624056
Outlier,1.084490716
Normal,1.084461669
Normal,1.084015191
Normal,1.083911877
Normal,1.083384947
Normal,1.083171867
Normal,1.082818121
Normal,1.082514698
Normal,1.0821623
Normal,1.082130249
Normal,1.081828945
Normal,1.081742685
Outlier,1.081591071
Normal,1.081431875
Normal,1.08130941
Normal,1.080653601
Normal,1.080611041
Normal,1.079745978
Normal,1.079722462
Normal,1.079551624
Normal,1.07953299
Normal,1.079491464
Normal,1.079323497
Normal,1.079199614
Normal,1.079184894
Normal,1.078947774
Normal,1.078788095
Normal,1.078696464
Normal,1.07827414
Normal,1.078117756
Normal,1.077462167
Normal,1.077027329
Normal,1.076916459
Normal,1.07631273
Normal,1.075960407
Normal,1.075461902
Normal,1.075399778
Normal,1.075383868
Normal,1.075070389
Normal,1.074928272
Outlier,1.074811942
Normal,1.074567747
Normal,1.074557506
Normal,1.074553988
Normal,1.074513986
Normal,1.074421836
Normal,1.074339606
Normal,1.074202531
Normal,1.073741301
Normal,1.072449132
Normal,1.07238941
Normal,1.072264651
Normal,1.071814428
Normal,1.071593477
Normal,1.071587597
Normal,1.070663393
Normal,1.070462846
Normal,1.070295738
Normal,1.070247918
Normal,1.069836106
Normal,1.069434886
Outlier,1.069259168
Normal,1.069215992
Normal,1.068586155
Normal,1.068574966
Normal,1.067983308
Normal,1.067771535
Normal,1.067741638
Normal,1.067631722
Normal,1.067532707
Normal,1.067099561
Normal,1.066849935
Normal,1.066257011
Normal,1.066189661
Normal,1.066183821
Normal,1.065854477
Normal,1.064965446
Normal,1.064604692
Normal,1.064006038
Normal,1.063231645
Normal,1.062887374
Normal,1.062744477
Normal,1.062523723
Normal,1.062379125
Outlier,1.061762168
Normal,1.061249731
Normal,1.060592857
Outlier,1.060549331
Normal,1.060531261
Normal,1.060362938
Normal,1.060149671
Normal,1.05945038
Normal,1.059188461
Normal,1.058774514
Normal,1.058663875
Normal,1.058561464
Normal,1.058380238
Normal,1.058334131
Normal,1.058265547
Normal,1.058218234
Normal,1.058007567
Outlier,1.057364164
Normal,1.056633826
Normal,1.056569893
Normal,1.056363688
Normal,1.056018074
Normal,1.05575482
Normal,1.055585356
Normal,1.055404055
Normal,1.055001926
Normal,1.054647739
Normal,1.054455796
Normal,1.054355538
Normal,1.054343005
Normal,1.054292232
Normal,1.054273842
Normal,1.054255401
Normal,1.054231396
Normal,1.053557805
Normal,1.053323218
Normal,1.053183404
Normal,1.053115736
Normal,1.052896562
Outlier,1.052840122
Normal,1.052808511
Normal,1.052504192
Normal,1.052427918
Normal,1.052418041
Normal,1.051704925
Normal,1.051212559
Normal,1.051169447
Normal,1.050838831
Outlier,1.050355453
Normal,1.049966182
Outlier,1.049944241
Normal,1.048800481
Normal,1.048670631
Normal,1.048632382
Normal,1.048193637
Normal,1.047536413
Normal,1.047075644
Normal,1.046836768
Normal,1.046585805
Normal,1.045462373
Normal,1.044050364
Normal,1.042259907
Normal,1.042098579
Normal,1.041263076
Normal,1.040912947
Normal,1.040679793
Normal,1.040371937
Normal,1.03942954
Normal,1.038044608
Normal,1.037958908
Normal,1.037865777
Normal,1.0377194
Normal,1.03733354
Normal,1.037199991
Normal,1.036690038
Normal,1.035953909
Normal,1.035774293
Normal,1.034986805
Normal,1.033880619
Normal,1.033302494
Normal,1.032757896
Outlier,1.031915905
Normal,1.031854217
Normal,1.031787729
Normal,1.030666158
Normal,1.030210585
Normal,1.030041556
Normal,1.029998308
Normal,1.029779749
Normal,1.029765915
Normal,1.029726022
Normal,1.029193568
Normal,1.028827924
Normal,1.028647686
Normal,1.028326859
Normal,1.028160113
Normal,1.027849788
Normal,1.026798732
Normal,1.026640442
Normal,1.026583964
Normal,1.025752493
Normal,1.02555936
Normal,1.024867704
Normal,1.024526121
Normal,1.023794733
Normal,1.023787988
Normal,1.023698108
Normal,1.023226929
Normal,1.023201965
Normal,1.022293901
Normal,1.021877963
Normal,1.019944095
Normal,1.018326908
Normal,1.018146124
Normal,1.017687623
Normal,1.01649438
Normal,1.015936066
Normal,1.015719221
Normal,1.014988234
Normal,1.01494633
Normal,1.014830557
Normal,1.014393654
Normal,1.014307199
Normal,1.014295805
Normal,1.013944103
Normal,1.013375743
Normal,1.01323785
Normal,1.012439066
Normal,1.011761023
Outlier,1.011164741
Normal,1.011061979
Normal,1.010737315
Normal,1.010098341
Normal,1.009756085
Normal,1.009296628
Normal,1.009264895
Normal,1.008649335
Normal,1.00863944
Normal,1.008222863
Normal,1.007973302
Normal,1.007393927
Normal,1.00701608
Normal,1.006216641
Normal,1.006032359
Normal,1.005749272
Normal,1.005743742
Normal,1.00571284
Normal,1.004958742
Normal,1.003902144
Normal,1.003668415
Normal,1.003080789
Normal,1.002862711
Normal,1.00280177
Normal,1.002732566
Outlier,1.002667012
Normal,1.002336878
Normal,1.00205386
Normal,1.001579872
Normal,1.001158348
Normal,1.000767574
Normal,1.000655824
Normal,1.000101821
Normal,0.999927042
Normal,0.999518498
Normal,0.999457797
Normal,0.999234547
Normal,0.998965948
Normal,0.997358608
Normal,0.997280193
Normal,0.997035108
Normal,0.996225678
Normal,0.995813668
Normal,0.99497714
Normal,0.994642934
Normal,0.994555202
Normal,0.994195811
Normal,0.994059121
Normal,0.9939783
Normal,0.992804146
Normal,0.992179509
Normal,0.991950901
Normal,0.991274408
Normal,0.990930426
Normal,0.989317493
Normal,0.989229691
Normal,0.987140691
Normal,0.985895972
Normal,0.985484813
Normal,0.984938608
Normal,0.984700222
Normal,0.984504057
Normal,0.983863591
Normal,0.983383816
Normal,0.983200086
Normal,0.983098936
Normal,0.982805468
Normal,0.982658772
Normal,0.982541415
Normal,0.982480622
Normal,0.980959096
Normal,0.980118223
Normal,0.980085423
Normal,0.97984912
Normal,0.979599754
Normal,0.979191913
Normal,0.979184659
Normal,0.978944807
Normal,0.978765437
Normal,0.978378101
Normal,0.976360475
Normal,0.976255561
Normal,0.976123225
Normal,0.97500911
Normal,0.974870478
Normal,0.973863526
Normal,0.973733852
Normal,0.973062785
Normal,0.971964512
Normal,0.971953045
Normal,0.971710636
Normal,0.971706525
Normal,0.971701016
Normal,0.971017385
Normal,0.970807218
Normal,0.970384521
Normal,0.969995573
Normal,0.969128953
Normal,0.968902164
Normal,0.968720922
Normal,0.968644798
Normal,0.967597247
Normal,0.967544141
Normal,0.967167174
Normal,0.965295117
Normal,0.964650733
Normal,0.964489753
Normal,0.9643439
Normal,0.96416959
Normal,0.963874159
Normal,0.963724695
Normal,0.962923649
Normal,0.962834987
Normal,0.962833399
Normal,0.962705934
Normal,0.962702349
Normal,0.962368812
Normal,0.962333191
Normal,0.961567059
Normal,0.961016756
Normal,0.960548105
Normal,0.96051046
Normal,0.959472181
Normal,0.959134911
Normal,0.958776037
Normal,0.958703394
Normal,0.958474933
Normal,0.957409014
Normal,0.956573119
Normal,0.956451622
Normal,0.956168559
Normal,0.955142109
Normal,0.954938908
Normal,0.9542084
Normal,0.95385927
Normal,0.953641653
Normal,0.952527988
Normal,0.95178665
Normal,0.950224352
Normal,0.950058167
Normal,0.950046
Normal,0.949464588
Normal,0.948796975
Normal,0.9486213
Normal,0.948616348
Normal,0.948559995
Normal,0.947962943
Normal,0.947742267
Normal,0.947519713
Normal,0.947511814
Normal,0.947357789
Normal,0.946922094
Normal,0.946569954
Normal,0.946480061
Normal,0.945498208
Normal,0.945479
Normal,0.945202366
Normal,0.945054271
Normal,0.944848634
Normal,0.943479492
Normal,0.943309044
Normal,0.943254417
Normal,0.943181713
Normal,0.943022041
Normal,0.94270726
Normal,0.942509425
Normal,0.942113963
Normal,0.942032082
Normal,0.941814154
Normal,0.941372025
Normal,0.940776
Normal,0.940490263
Normal,0.940087936
Normal,0.939361329
Normal,0.938801909
Normal,0.93835452
Normal,0.938312035
Normal,0.937410228
Normal,0.93731994
Normal,0.937117782
Normal,0.937068658
Normal,0.936563675
Normal,0.936495748
Normal,0.936316
Normal,0.935902366
Normal,0.935823238
Normal,0.935421149
Normal,0.935176589
Normal,0.935104006
Normal,0.934549787
Normal,0.934223683
Normal,0.934186385
Normal,0.933919557
Normal,0.933163836
Normal,0.933049206
Normal,0.932653965
Normal,0.93249793
Normal,0.932352907
Normal,0.932236354
Normal,0.93215539
Normal,0.931882617
Normal,0.931807872
Normal,0.931474152
Normal,0.931234177
Normal,0.930911588
Normal,0.930831682
Normal,0.930661549
Normal,0.930473623
Normal,0.929588209
Normal,0.929266519
Normal,0.92888026
Normal,0.928728364
Normal,0.928145765
Normal,0.927932744
Normal,0.927773846
Normal,0.927534673
Normal,0.926666823
Normal,0.926551581
Normal,0.925983675
Normal,0.925964389
Normal,0.925443487
Normal,0.925431367
Normal,0.925190771
Normal,0.924738935
Normal,0.924374445
Normal,0.924343354
Normal,0.923758193
Normal,0.923637885
Normal,0.923307936
Normal,0.922774199
Normal,0.921571036
Normal,0.921569576
Normal,0.921222956
Normal,0.92118526
Normal,0.920862793
Normal,0.920834422
Normal,0.920448751
Normal,0.920190456
Normal,0.919857255
Normal,0.919635848
Normal,0.919056151
Normal,0.918900625
Normal,0.918596487
Normal,0.91827842
Normal,0.918147598
Normal,0.918096662
Normal,0.917691796
Normal,0.917617645
Normal,0.917424305
Normal,0.917351669
Normal,0.917078836
Normal,0.917048779
Normal,0.917041178
Normal,0.917037251
Normal,0.916962586
Normal,0.916370597
Normal,0.915937964
Normal,0.91556346
Normal,0.915435327
Normal,0.915371756
Normal,0.915264379
Normal,0.914578991
Normal,0.914573123
Normal,0.913501846
Normal,0.913250767
Normal,0.913023243
Normal,0.912767171
Normal,0.912742123
Normal,0.912592949
Normal,0.91222617
Normal,0.911776661
Normal,0.911765392
Normal,0.911462513
Normal,0.911345623
Normal,0.911048361
Normal,0.910912201
Normal,0.910469084
Normal,0.909946051
Normal,0.909647387
Normal,0.909413406
Normal,0.909263593
Normal,0.909002376
Normal,0.908916755
Normal,0.908695806
Normal,0.908570763
Normal,0.908229075
Normal,0.908152171
Normal,0.908018467
Normal,0.907831009
Normal,0.907637129
Normal,0.907407041
Normal,0.907169168
Normal,0.906847505
Normal,0.906540866
Normal,0.906221016
Normal,0.906048661
Normal,0.905919762
Normal,0.905542976
Normal,0.905414397
Normal,0.905391428
Normal,0.905062067
Normal,0.904901575
Normal,0.904823869
Normal,0.904036894
Normal,0.902866663
Normal,0.902201147
Normal,0.9021882
Normal,0.902036371
Normal,0.901630383
Normal,0.901601504
Normal,0.901513315
Normal,0.901297084
Normal,0.900501995
Normal,0.900175308
Normal,0.899424913
Normal,0.899118817
Normal,0.899064768
Normal,0.898812745
Normal,0.898764319
Normal,0.898701716
Normal,0.898044364
Normal,0.897595405
Normal,0.897475951
Normal,0.895834116
Normal,0.895623608
Normal,0.895504173
Normal,0.89530213
Normal,0.894694253
Normal,0.89456599
Outlier,0.893866683
Normal,0.893778777
Normal,0.89351898
Normal,0.893140428
Normal,0.891956693
Normal,0.891905375
Normal,0.891691116
Normal,0.890929769
Normal,0.890719717
Normal,0.890690037
Normal,0.890166264
Normal,0.890140674
Normal,0.890124552
Normal,0.889917331
Normal,0.889889502
Normal,0.889840855
Normal,0.889142325
Normal,0.8890902
Normal,0.889052817
Normal,0.889042739
Normal,0.888693645
Normal,0.888678128
Normal,0.888554843
Normal,0.888489483
Normal,0.888264831
Normal,0.888203207
Normal,0.887610818
Normal,0.887465978
Normal,0.887257726
Normal,0.886767162
Normal,0.886465217
Normal,0.88598945
Normal,0.885899924
Normal,0.885710662
Normal,0.885300545
Normal,0.885062548
Normal,0.884853396
Normal,0.884508394
Normal,0.884408791
Normal,0.884394126
Normal,0.884115078
Normal,0.88409064
Normal,0.884030267
Normal,0.883689526
Normal,0.88346278
Normal,0.883284461
Normal,0.882678527
Normal,0.882602736
Normal,0.882552161
Normal,0.882524291
Normal,0.882148462
Normal,0.882122373
Normal,0.881852927
Normal,0.881713345
Normal,0.881685175
Normal,0.881492469
Normal,0.881351949
Normal,0.880818128
Normal,0.88046017
Normal,0.879799844
Normal,0.879560267
Normal,0.879507561
Normal,0.879448636
Normal,0.879410817
Normal,0.87804814
Normal,0.877846237
Normal,0.877749147
Normal,0.877529246
Normal,0.877479444
Normal,0.877391456
Normal,0.877356568
Normal,0.876850577
Normal,0.876799266
Normal,0.876772467
Normal,0.876541453
Normal,0.876275849
Normal,0.875760874
Normal,0.875662419
Normal,0.875366607
Normal,0.875283694
Normal,0.875248235
Normal,0.875012303
Normal,0.874684103
Normal,0.874598856
Normal,0.874252933
Normal,0.874130452
Normal,0.87409786
Normal,0.874000805
Outlier,0.873668092
Normal,0.873649863
Normal,0.87302959
Normal,0.872677668
Normal,0.872427602
Normal,0.872404892
Normal,0.871797295
Normal,0.871778492
Normal,0.871578114
Normal,0.871138759
Normal,0.871058159
Normal,0.870977847
Normal,0.870630082
Normal,0.870521113
Normal,0.870248222
Normal,0.870058642
Normal,0.869836194
Normal,0.869811598
Normal,0.869679775
Normal,0.869620273
Normal,0.86936322
Normal,0.868991883
Normal,0.868819997
Outlier,0.868450019
Normal,0.868437179
Normal,0.868017403
Normal,0.867827118
Normal,0.867123381
Normal,0.866719539
Normal,0.866589362
Normal,0.866520752
Normal,0.866205241
Normal,0.86619516
Normal,0.866034552
Normal,0.865681955
Normal,0.86513105
Normal,0.864341938
Normal,0.863831951
Outlier,0.863743741
Normal,0.862040684
Normal,0.861941907
Normal,0.861897947
Normal,0.861880256
Normal,0.86133908
Normal,0.860942225
Normal,0.860660679
Normal,0.860490604
Normal,0.860436415
Normal,0.860089569
Normal,0.859831244
Normal,0.859442433
Normal,0.859167379
Normal,0.859066663
Normal,0.858917675
Normal,0.858769553
Normal,0.858334993
Normal,0.858285405
Normal,0.858271504
Normal,0.858068079
Normal,0.85759933
Normal,0.857096399
Normal,0.857096158
Normal,0.857031727
Normal,0.856726034
Normal,0.856465814
Normal,0.856254871
Normal,0.85618055
Normal,0.856065466
Normal,0.856047151
Normal,0.855892169
Normal,0.855689501
Normal,0.855595199
Normal,0.855547118
Normal,0.85496166
Normal,0.85452722
Normal,0.854365263
Normal,0.854120885
Normal,0.854093232
Normal,0.854064108
Normal,0.853827355
Normal,0.853748888
Normal,0.853361296
Normal,0.853235219
Normal,0.852956886
Normal,0.852893654
Normal,0.852371091
Normal,0.852283704
Normal,0.851889952
Normal,0.851508172
Normal,0.851454069
Normal,0.851239903
Normal,0.851187202
Normal,0.851028817
Normal,0.850997185
Normal,0.850961408
Normal,0.8509432
Normal,0.850052897
Normal,0.849681763
Normal,0.849517798
Normal,0.848957595
Normal,0.848591378
Normal,0.848320643
Normal,0.847856116
Normal,0.847764334
Normal,0.847724011
Normal,0.847465913
Normal,0.847141012
Normal,0.846637267
Normal,0.846555891
Normal,0.846118903
Normal,0.846052156
Normal,0.845899025
Normal,0.845824489
Normal,0.845679806
Normal,0.844924724
Normal,0.844593514
Normal,0.843837182
Normal,0.843336853
Normal,0.843332319
Normal,0.843127477
Normal,0.843074247
Normal,0.842431727
Normal,0.842411515
Normal,0.842359178
Normal,0.842255446
Normal,0.842234729
Normal,0.842120768
Normal,0.842040748
Normal,0.841967926
Normal,0.84179124
Normal,0.841685645
Normal,0.841482203
Normal,0.840729785
Normal,0.840421606
Normal,0.840103206
Normal,0.839613325
Normal,0.838890061
Normal,0.838577878
Normal,0.838466511
Normal,0.838273278
Normal,0.838199321
Normal,0.837618727
Normal,0.837327273
Normal,0.837102913
Normal,0.837097108
Normal,0.837093951
Normal,0.836404822
Normal,0.836353179
Normal,0.836195838
Normal,0.835768583
Normal,0.835746588
Normal,0.835070733
Normal,0.835057072
Normal,0.834781546
Normal,0.834171537
Normal,0.833588313
Normal,0.83351807
Normal,0.833261221
Normal,0.832938526
Normal,0.832933809
Normal,0.831875624
Normal,0.831834187
Normal,0.831131128
Normal,0.830813887
Normal,0.83066539
Normal,0.830302549
Normal,0.830250215
Normal,0.830130928
Normal,0.830038425
Normal,0.830022916
Normal,0.829890513
Normal,0.829788182
Normal,0.829764703
Normal,0.829697172
Normal,0.829693779
Normal,0.829600049
Normal,0.829358765
Normal,0.829327594
Normal,0.82894815
Normal,0.828829531
Normal,0.82856771
Normal,0.82848917
Normal,0.828434271
Normal,0.828285723
Normal,0.82819863
Normal,0.827872122
Normal,0.827438264
Normal,0.827197039
Normal,0.826914383
Normal,0.826554273
Normal,0.826520116
Normal,0.826493676
Normal,0.826493156
Normal,0.826385601
Normal,0.826159307
Normal,0.826088638
Normal,0.825930185
Normal,0.825735457
Normal,0.825653391
Normal,0.825641908
Normal,0.825306779
Normal,0.825079223
Normal,0.824923157
Normal,0.824851841
Normal,0.824735646
Normal,0.824215034
Normal,0.824045909
Normal,0.823543039
Normal,0.823245635
Normal,0.82312759
Normal,0.822953378
Normal,0.82283642
Normal,0.822817086
Normal,0.82276501
Normal,0.822188612
Normal,0.822181439
Normal,0.821620731
Normal,0.821592654
Normal,0.821328945
Normal,0.821120618
Normal,0.821068839
Normal,0.820600532
Normal,0.820519499
Normal,0.820427807
Normal,0.82002212
Normal,0.819803203
Normal,0.819668636
Normal,0.819596745
Normal,0.819353792
Normal,0.819028779
Normal,0.818930836
Normal,0.818765788
Normal,0.818660455
Normal,0.818551116
Normal,0.818504176
Normal,0.818473256
Normal,0.818277081
Normal,0.817696608
Normal,0.817639609
Normal,0.817578638
Normal,0.817342168
Normal,0.817156255
Normal,0.817092813
Normal,0.817083549
Normal,0.816578234
Normal,0.816431384
Normal,0.816195349
Normal,0.816163545
Normal,0.81603461
Normal,0.815602757
Normal,0.815021927
Normal,0.814999635
Normal,0.814947521
Normal,0.814681873
Normal,0.814657219
Normal,0.814583839
Normal,0.814099258
Normal,0.813742031
Normal,0.813012386
Normal,0.812661928
Normal,0.812568024
Normal,0.812542085
Normal,0.812450543
Normal,0.812225582
Outlier,0.812203487
Normal,0.812198974
Normal,0.812197948
Normal,0.811724648
Normal,0.811582003
Outlier,0.811528729
Normal,0.811196394
Normal,0.810993409
Normal,0.810826586
Normal,0.810076345
Normal,0.809967597
Normal,0.809788525
Normal,0.809771236
Normal,0.80976125
Normal,0.808657174
Normal,0.808316646
Normal,0.808217002
Normal,0.807679436
Normal,0.807484814
Normal,0.807374466
Normal,0.807194665
Normal,0.806913802
Normal,0.806738833
Normal,0.806476687
Normal,0.806385357
Normal,0.805701721
Normal,0.805602013
Normal,0.805136646
Normal,0.805125112
Normal,0.804791765
Normal,0.804246126
Normal,0.80403941
Normal,0.803967593
Normal,0.803960417
Outlier,0.803348717
Normal,0.803222793
Normal,0.803060918
Normal,0.802676149
Normal,0.802532029
Normal,0.802495992
Normal,0.802242088
Normal,0.80211474
Normal,0.80210292
Normal,0.801727917
Normal,0.801702639
Normal,0.801211999
Normal,0.801205199
Normal,0.801087757
Outlier,0.801073534
Normal,0.801073533
Normal,0.800314993
Normal,0.800244286
Normal,0.800153131
Normal,0.799534517
Normal,0.799324439
Normal,0.799317753
Normal,0.799306508
Normal,0.799174312
Normal,0.799160754
Normal,0.798878831
Normal,0.798823658
Normal,0.798737948
Normal,0.798241181
Normal,0.797923709
Normal,0.797896426
Normal,0.797813919
Normal,0.797248742
Normal,0.797097643
Normal,0.796947496
Normal,0.796924711
Normal,0.796801916
Normal,0.796250883
Normal,0.79614533
Normal,0.795947437
Normal,0.795864339
Normal,0.795638788
Normal,0.795519225
Normal,0.795499277
Normal,0.795439355
Normal,0.795173885
Normal,0.795054727
Normal,0.794666216
Normal,0.794371509
Normal,0.794236153
Normal,0.794180077
Normal,0.794096696
Normal,0.793879087
Normal,0.793833176
Normal,0.79367138
Normal,0.793355119
Normal,0.793112347
Normal,0.793045365
Normal,0.792915023
Normal,0.792725251
Normal,0.791557061
Normal,0.791532486
Normal,0.791527229
Normal,0.791524389
Normal,0.791474071
Normal,0.791433701
Normal,0.790884882
Normal,0.790700523
Normal,0.79044546
Normal,0.790145512
Normal,0.789972306
Normal,0.789486278
Normal,0.789131178
Normal,0.788570219
Normal,0.788540287
Normal,0.788441167
Normal,0.7876909
Normal,0.787563236
Normal,0.787398015
Normal,0.787379156
Normal,0.787077808
Normal,0.786838144
Normal,0.786574608
Normal,0.786180122
Normal,0.785866286
Normal,0.785823742
Normal,0.78562585
Normal,0.785373483
Normal,0.785100451
Normal,0.784810368
Normal,0.784806265
Normal,0.78479173
Normal,0.784692944
Normal,0.784218229
Normal,0.784192186
Normal,0.784148318
Normal,0.784107923
Normal,0.784044114
Normal,0.784007972
Normal,0.783521082
Normal,0.783486402
Normal,0.783456731
Normal,0.783444577
Normal,0.783297611
Normal,0.782986583
Normal,0.782725594
Normal,0.782376478
Normal,0.782286439
Normal,0.782060396
Normal,0.78195018
Normal,0.781881694
Normal,0.781877677
Normal,0.781729585
Normal,0.781666687
Normal,0.781646479
Normal,0.78140604
Normal,0.781196768
Normal,0.781193564
Normal,0.781137774
Normal,0.780790974
Normal,0.780672131
Normal,0.780562049
Normal,0.7805202
Normal,0.780327269
Normal,0.780281182
Normal,0.780216509
Normal,0.780164673
Normal,0.779912315
Normal,0.779854759
Normal,0.779813499
Normal,0.779671721
Normal,0.779405672
Normal,0.779395793
Normal,0.779345117
Normal,0.779335918
Normal,0.779288378
Normal,0.779184528
Normal,0.779142212
Normal,0.7788245
Normal,0.778754346
Normal,0.778380569
Normal,0.778131175
Normal,0.778080829
Normal,0.777679222
Normal,0.777589972
Normal,0.777489551
Normal,0.777453591
Normal,0.77710482
Normal,0.776946394
Normal,0.776688247
Normal,0.77655493
Normal,0.776454048
Normal,0.776397316
Normal,0.776349062
Normal,0.776266609
Normal,0.77608223
Normal,0.775975093
Normal,0.775960007
Normal,0.775823325
Normal,0.775622386
Normal,0.774873553
Normal,0.7748491
Normal,0.774436969
Normal,0.774403353
Normal,0.774292723
Normal,0.774120189
Normal,0.773892689
Normal,0.773730745
Normal,0.773510602
Normal,0.773197598
Normal,0.773140602
Normal,0.773121159
Normal,0.772913979
Normal,0.772489601
Normal,0.77244686
Normal,0.772100067
Normal,0.771718359
Normal,0.771708333
Normal,0.771112261
Normal,0.770891538
Normal,0.770590203
Normal,0.770587449
Normal,0.770467096
Normal,0.770435947
Normal,0.770242257
Normal,0.770159935
Normal,0.770019931
Normal,0.769993039
Normal,0.769990893
Normal,0.769921111
Normal,0.769865954
Normal,0.769711457
Normal,0.769706084
Normal,0.769578081
Normal,0.769001379
Normal,0.768573464
Normal,0.76855191
Normal,0.768417529
Normal,0.768256641
Normal,0.768065336
Normal,0.767968515
Normal,0.767791483
Normal,0.767588405
Normal,0.767583142
Normal,0.767282386
Normal,0.76700875
Normal,0.766823262
Normal,0.766686102
Normal,0.766455798
Normal,0.766064128
Normal,0.765884054
Normal,0.765762376
Normal,0.765422095
Normal,0.765248494
Normal,0.764947191
Normal,0.764912399
Normal,0.764731897
Normal,0.764650466
Normal,0.764567266
Normal,0.764522532
Normal,0.764164856
Normal,0.76408204
Normal,0.763990261
Normal,0.76343777
Normal,0.763412961
Normal,0.763240876
Normal,0.762796419
Normal,0.762761056
Normal,0.762382054
Normal,0.762378338
Normal,0.762301949
Normal,0.762045498
Normal,0.761889644
Normal,0.761883442
Normal,0.761776476
Normal,0.761740746
Normal,0.761731682
Normal,0.761624576
Normal,0.761613371
Normal,0.76113807
Normal,0.761114828
Normal,0.760214258
Normal,0.760088772
Normal,0.760014715
Normal,0.760000921
Normal,0.75984474
Normal,0.75979989
Normal,0.759678274
Normal,0.759234496
Normal,0.759100331
Normal,0.758919223
Normal,0.758481843
Normal,0.758453915
Normal,0.757797255
Normal,0.757678021
Normal,0.757658473
Normal,0.757206947
Normal,0.756776114
Normal,0.756022649
Normal,0.755992991
Normal,0.755549614
Normal,0.755330629
Normal,0.755325212
Normal,0.755287599
Normal,0.755222053
Normal,0.754921995
Normal,0.754824105
Normal,0.754678799
Normal,0.754584668
Normal,0.754554459
Normal,0.754423006
Normal,0.754338738
Normal,0.754260633
Normal,0.754242
Normal,0.754185189
Normal,0.754102694
Normal,0.754037477
Normal,0.753742797
Normal,0.753710277
Normal,0.753709116
Normal,0.753684448
Normal,0.753474108
Normal,0.753450179
Normal,0.753135214
Normal,0.75292789
Normal,0.752092882
Normal,0.752061751
Normal,0.751961949
Normal,0.751901316
Normal,0.75189031
Normal,0.750887352
Normal,0.75080019
Normal,0.750592128
Normal,0.750330571
Normal,0.750172117
Normal,0.750170515
Normal,0.750105752
Normal,0.749841499
Normal,0.749818327
Normal,0.749363299
Normal,0.749186076
Normal,0.7488929
Normal,0.748296248
Normal,0.748172783
Normal,0.748049264
Normal,0.747624111
Normal,0.747249247
Normal,0.74721836
Normal,0.746945798
Normal,0.746785845
Normal,0.746762254
Normal,0.746496316
Normal,0.746391061
Normal,0.746074632
Normal,0.746020151
Normal,0.745996299
Normal,0.745942024
Normal,0.745883576
Normal,0.745615625
Normal,0.745491271
Normal,0.745213713
Normal,0.744690917
Normal,0.744583414
Normal,0.744322724
Normal,0.744294341
Normal,0.744193047
Normal,0.743963222
Normal,0.743927109
Normal,0.743305287
Normal,0.743240352
Normal,0.743034998
Normal,0.743000958
Normal,0.742906179
Normal,0.742579183
Normal,0.742370808
Normal,0.742297533
Normal,0.742101614
Normal,0.742042905
Normal,0.741990326
Normal,0.741964121
Normal,0.741550516
Normal,0.741099088
Normal,0.741045407
Normal,0.740602804
Outlier,0.740335295
Normal,0.740106729
Normal,0.739957341
Normal,0.739850116
Normal,0.739598871
Normal,0.739572375
Normal,0.738944871
Normal,0.738891242
Normal,0.738271016
Normal,0.738193056
Normal,0.738138951
Normal,0.738034185
Normal,0.737953605
Normal,0.737670862
Normal,0.736847365
Normal,0.736626606
Normal,0.736182878
Normal,0.735818618
Normal,0.73581831
Normal,0.735804049
Normal,0.735638308
Normal,0.735617608
Normal,0.735614418
Normal,0.735082468
Normal,0.735016635
Normal,0.734823023
Normal,0.734715604
Normal,0.734360666
Normal,0.734228762
Normal,0.733624583
Normal,0.733423847
Normal,0.733405957
Normal,0.732802911
Normal,0.732785366
Normal,0.732680381
Normal,0.73259113
Normal,0.732246173
Normal,0.73175988
Normal,0.731414926
Normal,0.731387404
Normal,0.731209274
Normal,0.731197239
Normal,0.73111568
Normal,0.731034785
Normal,0.730777512
Normal,0.730483872
Normal,0.730331587
Normal,0.730303598
Normal,0.7299064
Normal,0.729667418
Normal,0.729195406
Normal,0.729068386
Normal,0.729046054
Normal,0.728883697
Normal,0.728713241
Normal,0.728686692
Normal,0.728578213
Normal,0.728414986
Normal,0.728309651
Normal,0.727867598
Normal,0.727558756
Normal,0.727503522
Normal,0.727480531
Normal,0.727388038
Normal,0.727212294
Normal,0.726990146
Normal,0.726706381
Normal,0.726675041
Normal,0.726637809
Normal,0.726513343
Normal,0.726415239
Normal,0.726093832
Normal,0.725698521
Normal,0.725638402
Normal,0.725378614
Normal,0.72509425
Normal,0.725005632
Normal,0.7249414
Normal,0.724579139
Normal,0.724514339
Normal,0.724463818
Normal,0.724386122
Normal,0.724070575
Normal,0.723948393
Normal,0.723788178
Normal,0.723513081
Normal,0.723346365
Normal,0.723250736
Normal,0.723232652
Normal,0.722894261
Normal,0.72281638
Normal,0.722339522
Normal,0.7221949
Normal,0.722146564
Normal,0.722103139
Normal,0.722044062
Normal,0.721991217
Normal,0.721969796
Normal,0.721791078
Normal,0.721703061
Normal,0.721670957
Normal,0.721412446
Normal,0.721202368
Normal,0.721179807
Normal,0.720451141
Normal,0.720163004
Normal,0.720078093
Normal,0.720026979
Normal,0.719921354
Normal,0.719918869
Normal,0.719780863
Normal,0.719310501
Outlier,0.719285254
Normal,0.719129461
Normal,0.719078258
Normal,0.71882065
Normal,0.718693064
Normal,0.71863278
Normal,0.71838642
Normal,0.717877769
Normal,0.717357016
Normal,0.717230488
Normal,0.717136102
Normal,0.716880708
Normal,0.716858061
Normal,0.716847836
Normal,0.716714561
Normal,0.716702104
Normal,0.716660254
Normal,0.716546629
Normal,0.716437929
Normal,0.716424649
Normal,0.716324217
Normal,0.716262681
Normal,0.71613864
Normal,0.71603631
Normal,0.715907724
Normal,0.715630314
Normal,0.71548616
Normal,0.715115027
Normal,0.714952006
Normal,0.714922976
Normal,0.714889643
Normal,0.714548285
Normal,0.714346152
Normal,0.714242339
Normal,0.714110707
Normal,0.713828792
Normal,0.713771383
Normal,0.713545887
Normal,0.713248666
Normal,0.713243041
Normal,0.713124726
Normal,0.712881422
Normal,0.712686275
Normal,0.712301931
Normal,0.712126495
Normal,0.712048755
Normal,0.711893999
Normal,0.711561373
Normal,0.711552843
Normal,0.711486693
Normal,0.711448922
Normal,0.711375097
Normal,0.711320807
Normal,0.711135812
Normal,0.710905171
Normal,0.710760628
Normal,0.710720116
Normal,0.710704449
Normal,0.710466448
Normal,0.710321622
Normal,0.710238718
Normal,0.710184596
Normal,0.710089703
Outlier,0.710082937
Normal,0.709985332
Normal,0.709632199
Normal,0.709428582
Normal,0.709197173
Normal,0.709093118
Normal,0.708959057
Normal,0.708582368
Normal,0.708417738
Normal,0.708276921
Normal,0.708083402
Normal,0.707862448
Normal,0.707181109
Normal,0.707144813
Normal,0.706885415
Normal,0.706869308
Normal,0.706553705
Normal,0.706382825
Normal,0.705837842
Normal,0.705586019
Normal,0.705217768
Normal,0.704936803
Normal,0.704881905
Normal,0.704804749
Normal,0.704629324
Normal,0.704522461
Normal,0.704420957
Normal,0.704149871
Normal,0.703609195
Normal,0.703485065
Normal,0.703425468
Normal,0.703101331
Normal,0.702964246
Normal,0.702942371
Normal,0.702376266
Normal,0.702369942
Normal,0.702343483
Normal,0.702331368
Normal,0.702115396
Normal,0.702053489
Normal,0.701999938
Normal,0.701909715
Normal,0.701191675
Normal,0.701143173
Normal,0.700896918
Normal,0.700734493
Normal,0.700676476
Normal,0.700442294
Normal,0.700387614
Normal,0.700376869
Normal,0.700127677
Normal,0.69981238
Normal,0.699772168
Normal,0.699759269
Normal,0.699484334
Normal,0.699389054
Normal,0.699291369
Normal,0.699072049
Normal,0.698887564
Normal,0.698694082
Normal,0.69849741
Normal,0.698440397
Normal,0.698289214
Normal,0.698005724
Normal,0.697487584
Normal,0.697172574
Normal,0.697111625
Normal,0.69680645
Normal,0.696580702
Normal,0.696544435
Normal,0.696536046
Normal,0.696479857
Normal,0.69645345
Normal,0.696341207
Normal,0.69632182
Normal,0.696211598
Normal,0.696059425
Normal,0.696004597
Normal,0.695858749
Normal,0.695854361
Normal,0.695847022
Normal,0.695786829
Normal,0.695534256
Normal,0.695502426
Normal,0.695290936
Normal,0.695261813
Normal,0.695158293
Normal,0.69507679
Normal,0.69477209
Normal,0.694755856
Normal,0.694437769
Normal,0.694333001
Normal,0.694025145
Normal,0.693997783
Normal,0.693966729
Normal,0.693710721
Normal,0.693494747
Normal,0.693444837
Normal,0.693410722
Normal,0.693111605
Normal,0.6928846
Normal,0.692836134
Normal,0.692409006
Normal,0.692069684
Normal,0.691974803
Normal,0.691689817
Normal,0.691532408
Normal,0.691232545
Normal,0.691124231
Normal,0.690581286
Normal,0.690405908
Normal,0.690297163
Normal,0.689830581
Normal,0.689137234
Normal,0.689014122
Normal,0.68896855
Normal,0.688594293
Normal,0.688551338
Normal,0.688515666
Normal,0.688249517
Normal,0.688177596
Normal,0.688143343
Normal,0.688127957
Normal,0.68756841
Normal,0.687492896
Normal,0.686834247
Normal,0.686557728
Normal,0.686416741
Normal,0.686325041
Normal,0.686214119
Normal,0.686031594
Normal,0.685947
Normal,0.685588548
Normal,0.685305848
Normal,0.684905522
Normal,0.68466155
Normal,0.68462958
Normal,0.684567903
Normal,0.684293882
Normal,0.684257138
Normal,0.684173777
Normal,0.683893443
Normal,0.683662651
Normal,0.683646751
Normal,0.68343703
Normal,0.683396127
Normal,0.683332459
Normal,0.683069054
Normal,0.683026383
Normal,0.682968415
Normal,0.682891177
Normal,0.682872722
Normal,0.682794713
Normal,0.682612338
Normal,0.682209993
Normal,0.681890023
Normal,0.681611807
Normal,0.681589352
Normal,0.681464039
Normal,0.681181162
Normal,0.681109682
Normal,0.681088129
Normal,0.680561296
Normal,0.680277322
Normal,0.67987888
Normal,0.67961882
Normal,0.679195534
Normal,0.679149613
Normal,0.679083051
Normal,0.679003629
Normal,0.678795834
Normal,0.678641165
Normal,0.678315329
Normal,0.678202172
Normal,0.677843212
Normal,0.677828325
Normal,0.677610076
Normal,0.677601075
Normal,0.677525668
Normal,0.677327758
Normal,0.677323163
Normal,0.67728982
Normal,0.677146569
Normal,0.676988228
Normal,0.676964307
Normal,0.676474256
Normal,0.676057516
Normal,0.67589449
Normal,0.675834297
Normal,0.675486233
Normal,0.675039476
Normal,0.674756424
Normal,0.674606154
Normal,0.674573208
Normal,0.67457318
Normal,0.674354916
Normal,0.674199075
Normal,0.673898153
Normal,0.673755254
Normal,0.673341152
Normal,0.672643508
Normal,0.672505895
Normal,0.672502771
Normal,0.672267287
Normal,0.672196129
Normal,0.671532472
Normal,0.67145664
Normal,0.670998277
Normal,0.670962059
Normal,0.670635819
Normal,0.670499693
Normal,0.670483051
Normal,0.6704029
Normal,0.670299092
Normal,0.670178404
Normal,0.670106568
Normal,0.670105187
Normal,0.670071778
Normal,0.670036477
Normal,0.669865296
Normal,0.669848068
Normal,0.669724393
Normal,0.669548043
Normal,0.669472329
Normal,0.669246905
Normal,0.669240436
Normal,0.669109139
Normal,0.669099944
Normal,0.669050911
Normal,0.669011024
Normal,0.668862789
Normal,0.668827525
Normal,0.668532576
Normal,0.6681695
Normal,0.668083219
Normal,0.668047271
Normal,0.667930901
Normal,0.667643261
Normal,0.667612745
Normal,0.667527878
Normal,0.667215682
Normal,0.667214987
Normal,0.667134708
Normal,0.667072555
Normal,0.666730178
Normal,0.666621677
Normal,0.66648003
Normal,0.666400672
Normal,0.666320871
Normal,0.666306064
Normal,0.665983242
Normal,0.665562476
Normal,0.665536711
Normal,0.665477531
Normal,0.665473953
Normal,0.6650517
Normal,0.664954346
Normal,0.66489418
Normal,0.664877769
Normal,0.664733643
Normal,0.663877964
Normal,0.663721224
Normal,0.663550853
Normal,0.663398428
Normal,0.663320141
Normal,0.663225336
Normal,0.663208179
Normal,0.663055804
Normal,0.662783478
Normal,0.662414025
Normal,0.662072504
Normal,0.662000246
Normal,0.661921879
Normal,0.661551081
Normal,0.661161424
Normal,0.661053235
Normal,0.661027963
Normal,0.661011801
Normal,0.660512736
Normal,0.660474991
Normal,0.660428487
Normal,0.660418997
Normal,0.65893559
Normal,0.658907961
Normal,0.658329117
Normal,0.658125827
Normal,0.657227471
Normal,0.657149261
Normal,0.656988728
Normal,0.65679195
Normal,0.656664062
Normal,0.656543933
Normal,0.656513907
Normal,0.656455474
Normal,0.65633925
Normal,0.65624018
Normal,0.656182473
Normal,0.655851634
Normal,0.655716839
Normal,0.655614645
Normal,0.655546494
Normal,0.655493162
Normal,0.65542462
Normal,0.655163358
Normal,0.654693972
Normal,0.654687516
Normal,0.654582853
Normal,0.654498001
Normal,0.654333636
Normal,0.653905781
Normal,0.653645647
Normal,0.653596129
Normal,0.653402604
Normal,0.653294016
Normal,0.65294544
Normal,0.652858735
Normal,0.652756158
Normal,0.652657655
Normal,0.652400563
Normal,0.652317403
Normal,0.652267242
Normal,0.652102698
Normal,0.652054331
Normal,0.652041814
Normal,0.651822064
Normal,0.65173943
Normal,0.651707557
Normal,0.651324617
Normal,0.651252299
Normal,0.651170745
Normal,0.650666777
Normal,0.650574296
Normal,0.650208679
Normal,0.649672718
Normal,0.649033569
Normal,0.649009979
Normal,0.648610759
Normal,0.648391093
Normal,0.648338299
Normal,0.647900666
Normal,0.647817601
Normal,0.647514023
Normal,0.647503324
Normal,0.647416433
Normal,0.647180612
Normal,0.647080027
Normal,0.646986106
Normal,0.64689127
Normal,0.64688613
Normal,0.646570719
Normal,0.646258698
Normal,0.645779471
Normal,0.645662157
Normal,0.645648529
Normal,0.645561567
Normal,0.645546281
Normal,0.645527814
Normal,0.645307909
Normal,0.644874445
Normal,0.644632699
Normal,0.644197738
Normal,0.643925307
Normal,0.643920373
Normal,0.643887561
Normal,0.643859069
Normal,0.643839898
Normal,0.643798236
Normal,0.643633047
Normal,0.643542917
Normal,0.643058125
Normal,0.642749173
Normal,0.642112769
Normal,0.641881472
Normal,0.641800621
Normal,0.641668277
Normal,0.641609933
Normal,0.64102714
Normal,0.640959501
Normal,0.640931
Normal,0.640905684
Normal,0.64084882
Normal,0.640733254
Normal,0.640617954
Normal,0.640564768
Normal,0.640510784
Normal,0.640485869
Normal,0.640451588
Normal,0.640393214
Normal,0.640298159
Normal,0.639999949
Normal,0.639899655
Normal,0.639420969
Normal,0.639320682
Normal,0.639098712
Normal,0.639068024
Normal,0.638773934
Normal,0.638772027
Normal,0.638697964
Normal,0.638544057
Normal,0.638367768
Normal,0.638275059
Normal,0.638084504
Normal,0.638009237
Normal,0.637965366
Normal,0.637580143
Normal,0.637494456
Normal,0.637401975
Normal,0.637092083
Normal,0.637081844
Normal,0.636731482
Normal,0.63636987
Normal,0.636369092
Normal,0.636111697
Normal,0.636032593
Normal,0.635656611
Normal,0.635384097
Normal,0.635293953
Normal,0.635055877
Normal,0.635024662
Normal,0.63495575
Normal,0.63495384
Normal,0.634722799
Normal,0.634695407
Normal,0.634645719
Normal,0.634529136
Normal,0.634363676
Normal,0.633994659
Normal,0.633784839
Normal,0.633546882
Normal,0.633447669
Normal,0.633306735
Normal,0.633246048
Normal,0.633145563
Normal,0.633144867
Normal,0.632854627
Normal,0.632473296
Normal,0.632247423
Normal,0.632194485
Normal,0.631983327
Normal,0.631792461
Normal,0.631760933
Normal,0.631364518
Normal,0.631318427
Normal,0.631186506
Normal,0.630967047
Normal,0.630686805
Normal,0.630536815
Normal,0.630257361
Normal,0.630224318
Normal,0.63017509
Normal,0.630161675
Normal,0.630135731
Normal,0.629767414
Normal,0.629613506
Normal,0.629260036
Normal,0.628470857
Normal,0.628231361
Normal,0.628094507
Normal,0.62807776
Normal,0.628066936
Normal,0.627956876
Normal,0.627747652
Normal,0.62768917
Normal,0.627547353
Normal,0.627309882
Normal,0.627196343
Normal,0.626948345
Normal,0.626883141
Normal,0.626689182
Normal,0.626445545
Normal,0.62643058
Normal,0.626325023
Normal,0.625897159
Normal,0.625885185
Normal,0.625195743
Normal,0.62508066
Normal,0.624726575
Normal,0.62471486
Normal,0.624649213
Normal,0.624307384
Normal,0.624190405
Normal,0.6240046
Normal,0.623950307
Normal,0.623839644
Normal,0.623123784
Normal,0.622922382
Normal,0.622682011
Normal,0.622651799
Normal,0.622553017
Normal,0.622517678
Normal,0.622483173
Normal,0.622473785
Normal,0.622419451
Normal,0.622283358
Normal,0.621951532
Normal,0.621544319
Normal,0.621433655
Normal,0.621423278
Normal,0.621349652
Normal,0.621229807
Normal,0.621049734
Normal,0.62104671
Normal,0.621031862
Normal,0.62091383
Normal,0.620785568
Normal,0.620749297
Normal,0.620629305
Normal,0.620568293
Normal,0.619412707
Normal,0.619203862
Normal,0.619026419
Normal,0.618199907
Normal,0.617832198
Normal,0.617435291
Normal,0.617213808
Normal,0.617195317
Normal,0.6168438
Normal,0.61638144
Normal,0.616131773
Normal,0.615833636
Normal,0.615755311
Normal,0.615716702
Normal,0.615547695
Normal,0.615270315
Normal,0.614708377
Normal,0.614545136
Normal,0.61453998
Normal,0.614522464
Normal,0.614464859
Normal,0.614263452
Normal,0.614231473
Normal,0.614144349
Normal,0.614121532
Normal,0.613800743
Normal,0.613657178
Normal,0.61334661
Normal,0.613240178
Normal,0.613107603
Normal,0.613076548
Normal,0.612917837
Normal,0.612866897
Normal,0.612703884
Normal,0.612604432
Normal,0.611990394
Normal,0.611761671
Normal,0.611199097
Normal,0.6110183
Normal,0.611008182
Normal,0.61084113
Normal,0.610605958
Normal,0.610574356
Normal,0.610531355
Normal,0.61052023
Normal,0.610458639
Normal,0.610194871
Normal,0.609976262
Normal,0.609215908
Normal,0.609151497
Normal,0.609084051
Normal,0.609069208
Normal,0.609046046
Normal,0.608899036
Normal,0.608837618
Normal,0.608749713
Normal,0.60852711
Normal,0.608430698
Normal,0.608193215
Normal,0.607996974
Normal,0.607982776
Normal,0.607876491
Normal,0.60772564
Normal,0.60763441
Normal,0.607142369
Normal,0.607016036
Normal,0.606949835
Normal,0.606847007
Normal,0.606692325
Normal,0.606618024
Normal,0.606445816
Normal,0.60622253
Normal,0.606143552
Normal,0.606079218
Normal,0.606001232
Normal,0.605897081
Normal,0.605659359
Normal,0.605505076
Normal,0.605239259
Normal,0.605073231
Normal,0.604835606
Normal,0.604563119
Normal,0.604497027
Normal,0.604308629
Normal,0.604168503
Normal,0.603630859
Normal,0.603574989
Normal,0.603529656
Normal,0.603314876
Normal,0.60299141
Normal,0.602720301
Normal,0.602524083
Normal,0.602169171
Normal,0.601530789
Normal,0.601446667
Normal,0.601277822
Normal,0.601247701
Normal,0.601210675
Normal,0.601135584
Normal,0.600702372
Normal,0.600581674
Normal,0.600572477
Normal,0.600367326
Normal,0.600085765
Normal,0.599946154
Normal,0.59977138
Normal,0.599701269
Normal,0.599588813
Normal,0.599271674
Normal,0.599116893
Normal,0.599059646
Normal,0.598888326
Normal,0.59861721
Normal,0.598184821
Normal,0.598160034
Normal,0.597637402
Normal,0.597261526
Normal,0.597152498
Normal,0.596974247
Normal,0.596885776
Normal,0.596796628
Normal,0.596538576
Normal,0.596478439
Normal,0.596405547
Normal,0.596213867
Normal,0.595975888
Normal,0.595717372
Normal,0.59547374
Normal,0.595192478
Normal,0.595155382
Normal,0.595125296
Normal,0.59506632
Normal,0.595003345
Normal,0.594357386
Normal,0.59432792
Normal,0.59427719
Normal,0.594118485
Normal,0.593291457
Normal,0.592015153
Normal,0.591973465
Normal,0.591560197
Normal,0.591543855
Normal,0.5914963
Normal,0.590988352
Normal,0.590851121
Normal,0.590708829
Normal,0.590698773
Normal,0.590309382
Normal,0.590229644
Normal,0.590202058
Normal,0.589937687
Normal,0.589676889
Normal,0.589420617
Normal,0.589412439
Normal,0.589384446
Normal,0.58928933
Normal,0.589218883
Normal,0.589163509
Normal,0.58903232
Normal,0.588808113
Normal,0.588597029
Normal,0.587892331
Normal,0.587859913
Normal,0.587729725
Normal,0.587393715
Normal,0.587225737
Normal,0.587089654
Normal,0.58706778
Normal,0.587063898
Normal,0.586688278
Normal,0.586657564
Normal,0.586208497
Normal,0.585678627
Normal,0.585520929
Normal,0.584616783
Normal,0.58456048
Normal,0.584469631
Normal,0.584359674
Normal,0.584179369
Normal,0.584001901
Normal,0.583493407
Normal,0.583277216
Normal,0.583250818
Normal,0.583148941
Normal,0.582603496
Normal,0.582373144
Normal,0.582009767
Normal,0.58169388
Normal,0.581686871
Normal,0.581644324
Normal,0.581615351
Normal,0.581585146
Normal,0.581135676
Normal,0.58111389
Normal,0.580956207
Normal,0.580846436
Normal,0.580745872
Normal,0.580017917
Normal,0.579931814
Normal,0.579810174
Normal,0.57897337
Normal,0.578750774
Normal,0.578713422
Normal,0.578361333
Normal,0.578286097
Normal,0.578096371
Normal,0.577938175
Normal,0.577626461
Normal,0.577541476
Normal,0.577465429
Normal,0.577143983
Normal,0.577028032
Normal,0.576718575
Normal,0.576558055
Normal,0.576295902
Normal,0.57628221
Normal,0.576098348
Normal,0.575437988
Normal,0.574707505
Normal,0.574509546
Normal,0.574059859
Normal,0.573994679
Normal,0.5735581
Normal,0.573510477
Normal,0.57310267
Normal,0.572471009
Normal,0.572411389
Normal,0.571987503
Normal,0.571239899
Normal,0.5708988
Normal,0.570577136
Normal,0.569834521
Normal,0.569425451
Normal,0.56892573
Normal,0.568821743
Normal,0.568610715
Normal,0.568418275
Normal,0.568337684
Normal,0.568321928
Normal,0.56830885
Normal,0.568223279
Normal,0.567730282
Outlier,0.567241616
Normal,0.567013306
Normal,0.566917548
Normal,0.5666678
Normal,0.566549563
Normal,0.566410223
Normal,0.566402764
Normal,0.566285999
Normal,0.566184627
Normal,0.56614264
Normal,0.565957585
Normal,0.56570603
Normal,0.565577134
Normal,0.564718756
Normal,0.564480894
Normal,0.564309608
Normal,0.564298839
Normal,0.563758792
Normal,0.563729174
Normal,0.563713877
Normal,0.563248206
Normal,0.56304926
Normal,0.562833646
Normal,0.562558509
Normal,0.562488126
Normal,0.561834295
Normal,0.561666501
Normal,0.561534032
Normal,0.561396224
Normal,0.561111093
Normal,0.561109489
Normal,0.560790386
Normal,0.560305694
Normal,0.56007925
Normal,0.560040371
Normal,0.559876003
Normal,0.559634208
Normal,0.559629775
Normal,0.55925567
Normal,0.557923468
Normal,0.557622121
Normal,0.557086266
Normal,0.556771088
Normal,0.556258057
Normal,0.556122624
Normal,0.555740981
Normal,0.55562139
Normal,0.555411284
Normal,0.555267976
Normal,0.555241793
Normal,0.554852134
Normal,0.554778485
Normal,0.554538367
Normal,0.553992684
Normal,0.553914297
Normal,0.553774522
Normal,0.553647831
Normal,0.553618035
Normal,0.553430117
Normal,0.553181844
Normal,0.552924465
Normal,0.552899056
Normal,0.552889148
Normal,0.552841143
Normal,0.552551278
Normal,0.552529662
Normal,0.552302004
Normal,0.552254045
Normal,0.552196712
Normal,0.552057565
Normal,0.551844515
Normal,0.551479997
Normal,0.551228117
Normal,0.551184858
Normal,0.551100125
Normal,0.550249579
Normal,0.550215655
Normal,0.550184708
Normal,0.549680068
Normal,0.549231995
Normal,0.549192542
Normal,0.54911104
Normal,0.548770617
Normal,0.54828866
Normal,0.547611035
Normal,0.547261517
Normal,0.546799248
Normal,0.546638467
Normal,0.546084003
Normal,0.546032495
Normal,0.545967848
Normal,0.5458466
Normal,0.545762965
Normal,0.545448778
Normal,0.54484929
Normal,0.544228341
Normal,0.543703136
Normal,0.543633937
Normal,0.543401148
Normal,0.543242661
Normal,0.54307967
Normal,0.542812831
Normal,0.542752198
Normal,0.542189057
Normal,0.54189007
Normal,0.541724149
Normal,0.541621972
Normal,0.541449689
Normal,0.541242321
Normal,0.54037396
Normal,0.540298166
Normal,0.540200348
Normal,0.539910267
Normal,0.539792686
Normal,0.539788907
Normal,0.539677683
Normal,0.539670405
Normal,0.539662738
Normal,0.539454768
Normal,0.539343894
Normal,0.539337456
Normal,0.539221646
Normal,0.53921467
Normal,0.539195817
Normal,0.538927781
Normal,0.538359615
Normal,0.538211334
Normal,0.537863134
Normal,0.537695521
Normal,0.53758244
Normal,0.537495147
Normal,0.537473793
Normal,0.537268343
Normal,0.536657462
Normal,0.536447526
Normal,0.535291952
Normal,0.534789334
Normal,0.534768391
Normal,0.534713983
Normal,0.534706006
Normal,0.534403186
Normal,0.534284262
Normal,0.534229103
Normal,0.534222185
Normal,0.534217006
Normal,0.533963986
Normal,0.533886112
Normal,0.533753314
Normal,0.533318809
Normal,0.533186656
Normal,0.532606854
Normal,0.532564459
Normal,0.532393892
Normal,0.532382151
Normal,0.531810862
Normal,0.531272362
Normal,0.530559737
Normal,0.530274955
Normal,0.53013618
Normal,0.530095369
Normal,0.530033525
Normal,0.529932432
Normal,0.529426017
Normal,0.5293865
Normal,0.529005218
Normal,0.52898739
Normal,0.528430616
Normal,0.528142386
Normal,0.527846091
Normal,0.527432896
Normal,0.527279536
Normal,0.527047945
Normal,0.526806215
Normal,0.526763406
Normal,0.526110427
Normal,0.526046753
Normal,0.525526001
Normal,0.52530283
Normal,0.525101941
Normal,0.524990034
Normal,0.524500267
Normal,0.524300953
Normal,0.524259213
Normal,0.52416936
Normal,0.524139781
Normal,0.524085044
Normal,0.523855873
Normal,0.523815141
Normal,0.523322591
Normal,0.523199782
Normal,0.52319253
Normal,0.523105965
Normal,0.52304819
Normal,0.52273205
Normal,0.52253651
Normal,0.522251109
Normal,0.5220229
Normal,0.521868151
Normal,0.521594547
Normal,0.521206567
Normal,0.521123371
Normal,0.521098409
Normal,0.520792816
Normal,0.520784216
Normal,0.520701036
Normal,0.520538103
Normal,0.520440777
Normal,0.519791864
Normal,0.519777264
Normal,0.519485473
Normal,0.519347702
Normal,0.519230041
Normal,0.518946883
Normal,0.518631493
Normal,0.517488251
Normal,0.517412153
Normal,0.517382654
Normal,0.517336281
Normal,0.517180218
Normal,0.517065481
Normal,0.516971151
Normal,0.516860818
Normal,0.5165763
Normal,0.515993453
Normal,0.515051618
Normal,0.51504859
Normal,0.514534589
Normal,0.514394426
Normal,0.514268248
Normal,0.513719373
Normal,0.513383411
Normal,0.512825016
Normal,0.512714185
Normal,0.512491797
Normal,0.512404195
Normal,0.512180685
Normal,0.511928653
Normal,0.511588617
Normal,0.511342338
Normal,0.51063779
Normal,0.510504099
Normal,0.510359766
Normal,0.509943172
Normal,0.509906219
Normal,0.509590656
Normal,0.509370311
Normal,0.509122569
Normal,0.508977739
Normal,0.508785929
Normal,0.508295361
Normal,0.5080955
Normal,0.508023564
Normal,0.507568994
Normal,0.506974545
Normal,0.506913515
Normal,0.506365681
Normal,0.50627068
Normal,0.506012946
Normal,0.505975311
Normal,0.505740554
Normal,0.505678183
Normal,0.505578986
Normal,0.505490349
Normal,0.505074185
Normal,0.504215882
Normal,0.504151864
Normal,0.50378772
Normal,0.503581234
Normal,0.503492968
Normal,0.503470268
Normal,0.503422916
Normal,0.503382267
Normal,0.50330923
Normal,0.502933735
Normal,0.502902465
Normal,0.502698422
Normal,0.50251157
Normal,0.502176657
Normal,0.501657667
Normal,0.501119568
Outlier,0.500915198
Normal,0.50055021
Normal,0.500357483
Normal,0.500237382
Normal,0.500230693
Normal,0.499516518
Outlier,0.499476155
Normal,0.498713826
Normal,0.498206826
Normal,0.498110995
Normal,0.497841937
Normal,0.497437116
Normal,0.497415323
Normal,0.49708724
Normal,0.496747956
Normal,0.496734078
Normal,0.496698661
Normal,0.496326592
Normal,0.496225017
Normal,0.495826813
Normal,0.495800745
Normal,0.495476832
Normal,0.495154665
Normal,0.494907327
Normal,0.494569416
Normal,0.494203394
Normal,0.493735235
Normal,0.493643884
Outlier,0.492928738
Normal,0.492905262
Normal,0.492488622
Normal,0.492165334
Normal,0.492090683
Normal,0.491642607
Normal,0.491246124
Normal,0.491243083
Normal,0.490644776
Normal,0.490287249
Normal,0.489544727
Normal,0.489379992
Normal,0.48837097
Normal,0.488289714
Normal,0.488174747
Normal,0.48793246
Normal,0.48787014
Normal,0.487868782
Normal,0.487728234
Normal,0.487437946
Normal,0.486559188
Normal,0.486525324
Normal,0.486519129
Normal,0.486265039
Normal,0.486097365
Normal,0.485573964
Normal,0.485368161
Normal,0.48531875
Normal,0.485094159
Normal,0.484810451
Normal,0.483713617
Normal,0.483666535
Normal,0.482890829
Normal,0.482264919
Normal,0.482151032
Normal,0.482010853
Normal,0.481637526
Normal,0.481037617
Normal,0.480742114
Normal,0.480016504
Normal,0.47975633
Normal,0.479671632
Normal,0.479621619
Normal,0.479221169
Normal,0.47860923
Normal,0.478557646
Normal,0.47788059
Normal,0.477826863
Normal,0.47761201
Normal,0.476816096
Normal,0.476646167
Normal,0.47636649
Normal,0.47625068
Normal,0.47595681
Normal,0.475686826
Normal,0.47490334
Normal,0.47486461
Normal,0.474846455
Normal,0.47475768
Normal,0.474275312
Normal,0.474093307
Normal,0.473234221
Normal,0.473054531
Normal,0.472919824
Normal,0.472674904
Normal,0.472067958
Normal,0.472065519
Normal,0.471766189
Normal,0.471598384
Normal,0.471408975
Outlier,0.471246237
Normal,0.471116663
Normal,0.470824715
Normal,0.470295763
Normal,0.468704329
Normal,0.468565589
Normal,0.468509501
Normal,0.467888844
Normal,0.467713412
Normal,0.467302489
Normal,0.466936253
Normal,0.466022648
Normal,0.465607285
Normal,0.465594898
Normal,0.465076525
Normal,0.464869819
Normal,0.464314957
Normal,0.463658729
Normal,0.46356538
Normal,0.46316428
Normal,0.463016401
Normal,0.463011257
Normal,0.462564773
Normal,0.462536236
Normal,0.461784574
Normal,0.461755368
Normal,0.46115733
Normal,0.460007245
Normal,0.459904877
Normal,0.459600636
Normal,0.459079634
Normal,0.458670335
Normal,0.458487419
Normal,0.456906599
Normal,0.456726255
Normal,0.454754332
Normal,0.453646961
Normal,0.45355893
Normal,0.452945293
Normal,0.452726183
Normal,0.451940904
Normal,0.451899329
Normal,0.451735657
Normal,0.451672548
Normal,0.451636795
Normal,0.451175869
Normal,0.450875342
Normal,0.450554157
Normal,0.450369077
Normal,0.449771012
Normal,0.449533722
Normal,0.44947446
Normal,0.448802551
Normal,0.448400467
Normal,0.448297307
Normal,0.447561519
Normal,0.447392373
Outlier,0.44737129
Normal,0.447189912
Normal,0.44698941
Normal,0.446786996
Normal,0.445824302
Normal,0.44577434
Normal,0.445321244
Normal,0.4452235
Normal,0.444828603
Normal,0.444657414
Normal,0.444403906
Normal,0.444373893
Normal,0.443191802
Normal,0.442668108
Normal,0.442581788
Normal,0.442352579
Normal,0.44134489
Normal,0.441231501
Normal,0.440781207
Normal,0.440229406
Normal,0.440186578
Normal,0.440086235
Normal,0.439801509
Normal,0.43975828
Normal,0.439695017
Normal,0.439683908
Normal,0.438974305
Normal,0.438855954
Normal,0.438635036
Normal,0.437845697
Normal,0.437711989
Normal,0.436903851
Normal,0.436777501
Normal,0.435364483
Normal,0.435325348
Normal,0.434572587
Normal,0.434505339
Normal,0.434091002
Normal,0.43384755
Normal,0.432949964
Normal,0.432477824
Normal,0.432376212
Normal,0.431841673
Normal,0.431207882
Normal,0.430434104
Normal,0.430168364
Normal,0.43015979
Normal,0.430147993
Normal,0.429398937
Normal,0.429289478
Normal,0.429215385
Normal,0.428957065
Outlier,0.428814529
Normal,0.428554161
Normal,0.428501717
Normal,0.42794675
Normal,0.42790983
Normal,0.427705602
Normal,0.427578912
Normal,0.426972603
Normal,0.426911249
Normal,0.426871499
Normal,0.426513151
Normal,0.425967014
Normal,0.424464549
Normal,0.424260169
Normal,0.423893829
Normal,0.423272176
Normal,0.423147558
Normal,0.422687031
Normal,0.422543426
Normal,0.422313464
Normal,0.421852765
Normal,0.421352962
Normal,0.42134395
Normal,0.421268488
Normal,0.421002459
Normal,0.420939312
Normal,0.420748457
Normal,0.419265708
Normal,0.418539465
Normal,0.418019688
Normal,0.417617283
Normal,0.416543601
Normal,0.416505816
Normal,0.416097682
Normal,0.415971489
Normal,0.41390453
Normal,0.413856401
Normal,0.413387535
Normal,0.412181965
Normal,0.411752603
Normal,0.410897308
Normal,0.410569584
Normal,0.409885405
Normal,0.409862856
Normal,0.409574811
Normal,0.409541545
Normal,0.409421868
Normal,0.408888674
Normal,0.408662747
Normal,0.407837678
Normal,0.40629656
Normal,0.405936262
Normal,0.405774761
Normal,0.405688577
Normal,0.404698196
Normal,0.404413448
Normal,0.402302774
Normal,0.402066892
Normal,0.401820378
Normal,0.401537244
Normal,0.401137775
Normal,0.397117826
Normal,0.397073295
Normal,0.396799513
Normal,0.39653355
Normal,0.396410417
Normal,0.396010611
Normal,0.395531837
Normal,0.392800419
Normal,0.392267822
Normal,0.391287802
Normal,0.39040529
Normal,0.387892729
Normal,0.387537441
Normal,0.387360941
Normal,0.387353444
Normal,0.386150711
Normal,0.385643801
Normal,0.384020094
Normal,0.383554878
Normal,0.383450211
Normal,0.383267436
Normal,0.383094051
Normal,0.382341535
Normal,0.382177893
Normal,0.381800631
Normal,0.381755397
Normal,0.381501652
Normal,0.381245826
Normal,0.380734679
Normal,0.379941189
Normal,0.379815544
Normal,0.378579364
Normal,0.378528481
Normal,0.377959705
Normal,0.377737064
Normal,0.376943902
Normal,0.376852515
Normal,0.37647402
Normal,0.376431034
Normal,0.375647205
Normal,0.375546883
Normal,0.375031817
Normal,0.37449004
Normal,0.374031582
Normal,0.373906468
Normal,0.373003031
Normal,0.372212309
Normal,0.371911052
Normal,0.371869604
Normal,0.37143113
Normal,0.371381279
Normal,0.371018549
Normal,0.37078148
Normal,0.370578455
Normal,0.370359035
Normal,0.368767597
Normal,0.368736778
Normal,0.36685246
Normal,0.36565919
Normal,0.365499331
Normal,0.363984743
Normal,0.363942172
Normal,0.363638938
Normal,0.362880306
Normal,0.362337116
Normal,0.361637488
Normal,0.36137264
Normal,0.360089428
Normal,0.358487935
Normal,0.358048409
Normal,0.356556279
Normal,0.356216043
Normal,0.35550977
Normal,0.35440512
Normal,0.35255941
Normal,0.349716239
Normal,0.349483424
Normal,0.349130527
Normal,0.34894611
Normal,0.347962041
Normal,0.347896103
Normal,0.347404912
Normal,0.346801386
Normal,0.346027553
Normal,0.344988933
Normal,0.34461501
Normal,0.344566653
Normal,0.342840588
Normal,0.342600438
Normal,0.342130919
Normal,0.341537343
Normal,0.341475106
Normal,0.341349675
Normal,0.340663261
Normal,0.339661701
Normal,0.339199377
Normal,0.338767148
Normal,0.338562313
Normal,0.338330533
Normal,0.338227455
Normal,0.337396954
Normal,0.333887808
Normal,0.333332058
Normal,0.332758267
Normal,0.332569984
Normal,0.331568751
Normal,0.330896988
Normal,0.329651947
Normal,0.329012404
Normal,0.328871125
Normal,0.328463831
Normal,0.327768282
Normal,0.325581459
Normal,0.323053745
Normal,0.322586098
Normal,0.322549268
Normal,0.32131187
Normal,0.320725709
Normal,0.320698432
Normal,0.319855124
Normal,0.319779733
Normal,0.318230245
Normal,0.316721779
Normal,0.315260178
Normal,0.312271198
Normal,0.311221482
Normal,0.308893094
Normal,0.307216733
Normal,0.305668175
Normal,0.305138559
Normal,0.30455964
Normal,0.302385246
Normal,0.299346581
Normal,0.298986307
Normal,0.29853394
Normal,0.298469035
Normal,0.297838459
Normal,0.296850073
Normal,0.293915196
Normal,0.291858341
Normal,0.291763118
Normal,0.287145795
Normal,0.285875111
Normal,0.284783797
Normal,0.284683162
Normal,0.283955027
Normal,0.283759211
Normal,0.283303867
Normal,0.282331302
Normal,0.281538718
Normal,0.280199919
Normal,0.27723276
Normal,0.276101748
Normal,0.272700496
Normal,0.271487292
Normal,0.268145403
Normal,0.26726223
Normal,0.267104642
Normal,0.266127325
Normal,0.264625541
Normal,0.251511313
Normal,0.251360919
Normal,0.250014911
Normal,0.249401983
Normal,0.249313109
Normal,0.244883434
Normal,0.235533639
Normal,0.230527375
Normal,0.229738774
Normal,0.190964531
Normal,0.178847594
Normal,0.16803123
Normal,0.164846717
Normal,0.143489347
Normal,0.136743941
Normal,0.099295985
Normal,0
