Outlier,4.409838007
Outlier,4.40731395
Outlier,4.403623382
Outlier,4.40165837
Normal,4.398430898
Outlier,4.392558151
Outlier,4.381367136
Outlier,4.379616288
Outlier,4.371124525
Outlier,4.370035612
Normal,4.367161585
Outlier,4.366040525
Normal,4.359241177
Normal,4.351350148
Outlier,4.338142561
Outlier,4.337252102
Outlier,4.316481087
Normal,4.315624613
Normal,4.296214749
Outlier,4.278322434
Outlier,4.274906469
Outlier,4.272788402
Normal,4.271450464
Outlier,4.268999419
Normal,4.261641412
Outlier,4.259876579
Outlier,4.255389317
Normal,4.25502567
Normal,4.246799046
Normal,4.243423244
Normal,4.167648152
Normal,4.167623913
Normal,4.157270711
Outlier,4.155023763
Normal,4.1507963
Normal,4.149975887
Normal,4.138651366
Normal,4.122206481
Normal,4.1062712
Normal,4.103569486
Normal,4.100891982
Normal,4.08585914
Normal,4.085827693
Normal,4.051166034
Normal,4.03574964
Normal,4.030264898
Normal,4.014980355
Normal,3.998355554
Normal,3.968881168
Normal,3.968663192
Normal,3.956734328
Normal,3.956552235
Normal,3.944224096
Normal,3.941700886
Normal,3.938165184
Normal,3.931477096
Outlier,3.922401673
Outlier,3.918408914
Outlier,3.896885013
Normal,3.896070352
Normal,3.881406082
Normal,3.869515629
Normal,3.832249624
Normal,3.829448442
Outlier,3.820515772
Normal,3.815270786
Normal,3.813833989
Normal,3.782414375
Normal,3.780134695
Normal,3.767747349
Normal,3.707994561
Normal,3.69694469
Normal,3.687953649
Normal,3.684854045
Normal,3.680270965
Normal,3.675308777
Normal,3.671696574
Outlier,3.650455425
Normal,3.619465457
Outlier,3.607394998
Normal,3.605302067
Normal,3.597846215
Normal,3.594575171
Normal,3.594313337
Normal,3.590978072
Normal,3.580043361
Normal,3.559906674
Normal,3.552528473
Normal,3.550910776
Normal,3.550182767
Normal,3.549200863
Normal,3.549124681
Normal,3.534340683
Normal,3.530450829
Outlier,3.525940209
Normal,3.524498407
Normal,3.510537978
Normal,3.510373866
Outlier,3.509744262
Outlier,3.501378366
Normal,3.49937926
Normal,3.49435302
Normal,3.487599822
Normal,3.481687456
Normal,3.480883917
Normal,3.475860445
Normal,3.462793914
Normal,3.461163441
Normal,3.454639758
Normal,3.452832994
Outlier,3.452666105
Normal,3.451483139
Normal,3.442490383
Normal,3.410835613
Normal,3.3916125
Normal,3.390464408
Normal,3.378635197
Normal,3.376654516
Normal,3.348816693
Normal,3.348232088
Normal,3.342254072
Normal,3.341937642
Outlier,3.326284605
Normal,3.325196393
Normal,3.308960274
Outlier,3.303117679
Normal,3.281472138
Outlier,3.281215866
Normal,3.270736591
Normal,3.268352576
Normal,3.26211014
Normal,3.26134097
Normal,3.253021501
Normal,3.24518157
Normal,3.229324409
Normal,3.228191038
Normal,3.227114706
Normal,3.220142478
Normal,3.216984265
Normal,3.19989376
Normal,3.198061198
Outlier,3.192178825
Normal,3.183826531
Normal,3.176620647
Normal,3.1742824
Normal,3.168703137
Normal,3.159057007
Normal,3.143809646
Normal,3.142746654
Normal,3.14156807
Normal,3.131483281
Normal,3.125908059
Normal,3.114491766
Normal,3.114041344
Normal,3.113572939
Outlier,3.112632628
Normal,3.105702961
Normal,3.10282709
Normal,3.097168802
Outlier,3.095621808
Normal,3.086343257
Normal,3.080862059
Normal,3.079746756
Normal,3.079173514
Normal,3.075852159
Normal,3.058330434
Normal,3.046986382
Normal,3.045228718
Normal,3.035396339
Normal,3.030570888
Outlier,3.026104799
Normal,3.023633245
Normal,3.022088051
Outlier,3.019076516
Normal,3.016865595
Normal,3.01267016
Normal,3.006851062
Normal,2.993528747
Normal,2.989070753
Normal,2.981291386
Normal,2.977753556
Normal,2.975368908
Normal,2.974058027
Normal,2.969008297
Normal,2.962722449
Normal,2.957349213
Normal,2.951772572
Normal,2.951327064
Normal,2.932847489
Normal,2.918542855
Normal,2.91796112
Normal,2.913632199
Normal,2.906013801
Normal,2.89481559
Normal,2.89470735
Normal,2.892467598
Normal,2.885222369
Normal,2.875917659
Normal,2.873375033
Normal,2.865791898
Normal,2.863757012
Normal,2.861688675
Normal,2.86073295
Normal,2.854091077
Normal,2.848810685
Normal,2.845778346
Normal,2.844724814
Normal,2.835300111
Normal,2.833607128
Normal,2.819035823
Normal,2.818451228
Normal,2.814980461
Normal,2.812149807
Normal,2.81079006
Normal,2.783805229
Normal,2.780969939
Normal,2.759131947
Normal,2.751631772
Normal,2.742389475
Normal,2.721549081
Normal,2.717967834
Normal,2.7140889
Normal,2.71220954
Normal,2.710722756
Normal,2.710208347
Normal,2.706894223
Normal,2.700370328
Normal,2.697530753
Normal,2.69173888
Normal,2.689934241
Normal,2.689829037
Normal,2.685709138
Normal,2.680093272
Normal,2.677916637
Normal,2.674850743
Normal,2.671326864
Normal,2.669283287
Normal,2.669022881
Normal,2.659269322
Normal,2.657935909
Normal,2.652526698
Normal,2.650379177
Normal,2.650286359
Normal,2.64622098
Normal,2.642456529
Normal,2.639063011
Normal,2.635320713
Normal,2.628116127
Normal,2.625039018
Normal,2.624531264
Normal,2.623634314
Normal,2.623379972
Normal,2.612446902
Normal,2.611768489
Normal,2.611020105
Normal,2.606827397
Normal,2.604222988
Normal,2.591346292
Normal,2.588547376
Normal,2.587694389
Normal,2.582558603
Normal,2.571215898
Normal,2.567944426
Normal,2.557848555
Normal,2.55204129
Outlier,2.551424327
Normal,2.550251352
Normal,2.54336938
Normal,2.539418202
Normal,2.530437872
Normal,2.528562036
Normal,2.527243984
Normal,2.511088728
Normal,2.50874007
Normal,2.504505537
Normal,2.497324852
Normal,2.48105815
Normal,2.480883309
Normal,2.472539545
Normal,2.471975653
Normal,2.470487443
Normal,2.468950437
Normal,2.464357501
Normal,2.463480556
Normal,2.459406341
Normal,2.453436846
Normal,2.45279359
Normal,2.447930149
Normal,2.446041147
Normal,2.445900888
Normal,2.445172682
Normal,2.443931206
Normal,2.44356052
Normal,2.439953967
Outlier,2.435210457
Normal,2.432871746
Normal,2.42788907
Normal,2.406024119
Normal,2.401610973
Normal,2.390646971
Normal,2.3897717
Normal,2.38718213
Normal,2.385462385
Normal,2.384658493
Normal,2.384286454
Outlier,2.381996899
Normal,2.379788044
Normal,2.374015041
Normal,2.371778044
Normal,2.36613022
Normal,2.356184739
Normal,2.355559971
Normal,2.352966184
Normal,2.348056242
Normal,2.347785186
Normal,2.344130607
Normal,2.343525308
Normal,2.341842924
Normal,2.341574498
Normal,2.330073404
Normal,2.329548028
Normal,2.328276468
Normal,2.322478765
Normal,2.321258109
Normal,2.320587711
Normal,2.320167928
Normal,2.320097611
Normal,2.313121769
Normal,2.312121719
Normal,2.301517962
Normal,2.301513321
Normal,2.298651835
Normal,2.295976872
Normal,2.293482757
Normal,2.293268144
Normal,2.291724219
Normal,2.291675232
Normal,2.289563777
Normal,2.286730554
Normal,2.283120146
Normal,2.28244872
Normal,2.279720201
Normal,2.278842354
Normal,2.278783268
Normal,2.273466734
Normal,2.271110683
Normal,2.269516919
Normal,2.266674054
Normal,2.262600037
Normal,2.260967936
Normal,2.258783305
Normal,2.258604553
Outlier,2.258142671
Normal,2.255831323
Normal,2.241943688
Normal,2.240494175
Normal,2.238354939
Normal,2.22764276
Normal,2.226921072
Normal,2.224421076
Normal,2.22400362
Normal,2.223994521
Normal,2.220123283
Normal,2.219942576
Normal,2.215918571
Normal,2.212766422
Normal,2.211523806
Normal,2.211469236
Normal,2.207843127
Normal,2.207306999
Normal,2.20578761
Normal,2.202433753
Normal,2.201775999
Normal,2.201655796
Normal,2.199351515
Normal,2.199224408
Normal,2.197795383
Outlier,2.197242377
Normal,2.196105833
Normal,2.193174927
Normal,2.192677871
Normal,2.191883313
Normal,2.19011029
Normal,2.189768198
Normal,2.18476214
Normal,2.180123232
Normal,2.179762764
Normal,2.178540292
Normal,2.177725914
Normal,2.175045825
Normal,2.171408818
Normal,2.169697505
Normal,2.163318766
Normal,2.161952875
Normal,2.156605114
Normal,2.154127877
Normal,2.152405691
Normal,2.148478606
Normal,2.146563717
Normal,2.145995394
Normal,2.144241202
Normal,2.140322263
Normal,2.13950469
Normal,2.139050045
Normal,2.138676031
Normal,2.138056885
Normal,2.137423481
Normal,2.135120853
Normal,2.130099333
Normal,2.127508346
Normal,2.126999412
Normal,2.123557782
Normal,2.120188168
Normal,2.118708844
Normal,2.117421074
Normal,2.115435818
Normal,2.115128677
Normal,2.115023007
Normal,2.113647714
Normal,2.112542982
Normal,2.112428332
Normal,2.108381946
Normal,2.107826321
Normal,2.107107569
Normal,2.105801207
Normal,2.10447298
Normal,2.104194411
Normal,2.101672791
Normal,2.099332942
Normal,2.098572113
Normal,2.098309267
Normal,2.097819839
Normal,2.095396318
Normal,2.095179746
Normal,2.094313715
Normal,2.0868416
Normal,2.086288099
Normal,2.08491038
Normal,2.078155209
Normal,2.073813382
Normal,2.072511424
Normal,2.071868513
Normal,2.07040446
Normal,2.069839181
Normal,2.068225834
Normal,2.068163625
Normal,2.065492299
Normal,2.065050629
Normal,2.064473328
Normal,2.059466876
Normal,2.057403803
Normal,2.056065305
Normal,2.048997188
Normal,2.048396264
Normal,2.048229733
Normal,2.047659374
Normal,2.047165038
Normal,2.045833063
Normal,2.043154794
Normal,2.040938351
Normal,2.038710043
Normal,2.035839879
Normal,2.035045742
Normal,2.034926999
Normal,2.033349014
Normal,2.033206013
Normal,2.032448026
Normal,2.03234898
Normal,2.031482531
Normal,2.03112702
Normal,2.028735064
Normal,2.028332476
Outlier,2.02549531
Normal,2.024635338
Normal,2.023846949
Normal,2.019870095
Normal,2.018631796
Normal,2.018529166
Normal,2.017257956
Normal,2.016014432
Normal,2.01321778
Normal,2.009845515
Normal,2.009785432
Normal,2.008291576
Normal,2.004139686
Normal,2.002350731
Normal,1.997197188
Normal,1.993962938
Normal,1.992103576
Normal,1.989797487
Normal,1.989506375
Normal,1.988815534
Normal,1.986524069
Normal,1.986397639
Normal,1.984014051
Normal,1.982893986
Normal,1.982608956
Normal,1.980910718
Normal,1.98087258
Normal,1.979614211
Normal,1.975650997
Normal,1.974169473
Normal,1.969696587
Normal,1.969240788
Normal,1.968807085
Normal,1.96725327
Normal,1.964847486
Normal,1.961821609
Normal,1.95992526
Normal,1.959383753
Normal,1.958139723
Normal,1.958017119
Normal,1.957928492
Normal,1.951742097
Normal,1.947651404
Normal,1.947555904
Normal,1.946482763
Normal,1.943075267
Normal,1.939882555
Normal,1.93970189
Normal,1.937084497
Normal,1.935923919
Normal,1.932185749
Normal,1.930635437
Normal,1.927234201
Normal,1.924484538
Normal,1.923046071
Normal,1.921682604
Normal,1.918623292
Normal,1.91771055
Normal,1.915562939
Normal,1.915083444
Normal,1.914952869
Normal,1.913551967
Normal,1.911770569
Normal,1.907013379
Normal,1.90607885
Normal,1.904602206
Normal,1.904094008
Normal,1.901457646
Normal,1.895864367
Normal,1.893646966
Normal,1.892081943
Normal,1.890295922
Normal,1.889037643
Normal,1.887601875
Normal,1.884811933
Normal,1.88317461
Normal,1.88256094
Normal,1.880731752
Normal,1.879602241
Normal,1.876315459
Normal,1.874953111
Outlier,1.874612763
Normal,1.873053635
Normal,1.870808028
Normal,1.870534732
Normal,1.867157956
Normal,1.864794889
Normal,1.861508919
Normal,1.860024882
Normal,1.859505526
Normal,1.852821504
Normal,1.852245423
Normal,1.847811222
Normal,1.843564276
Outlier,1.842853213
Normal,1.84198989
Normal,1.840081451
Normal,1.8377121
Normal,1.833588972
Normal,1.832326337
Normal,1.831822831
Normal,1.830444925
Normal,1.828961058
Normal,1.824597881
Normal,1.823723174
Normal,1.823603616
Normal,1.822888483
Normal,1.821527667
Normal,1.821261882
Normal,1.820841108
Normal,1.819758982
Normal,1.819365433
Normal,1.818002571
Normal,1.817958913
Normal,1.817907983
Normal,1.817012913
Normal,1.816300444
Normal,1.814821243
Normal,1.814401632
Normal,1.808528161
Normal,1.808148051
Normal,1.807848156
Normal,1.807779525
Normal,1.803626856
Normal,1.803243348
Normal,1.80169171
Normal,1.800122497
Normal,1.799981558
Normal,1.798888039
Normal,1.798062201
Normal,1.796957042
Normal,1.794803908
Normal,1.793990934
Normal,1.793385954
Normal,1.79013629
Normal,1.789813582
Normal,1.789705157
Normal,1.788470252
Normal,1.786514191
Normal,1.786488702
Normal,1.785030943
Normal,1.784209494
Normal,1.78132879
Normal,1.778517374
Normal,1.777583841
Normal,1.7730806
Normal,1.770003598
Normal,1.769380756
Normal,1.768333775
Normal,1.762630421
Normal,1.761827102
Normal,1.759994225
Normal,1.758586536
Normal,1.757538359
Normal,1.756579228
Normal,1.755854024
Normal,1.754620941
Normal,1.754547272
Normal,1.754394423
Normal,1.754174963
Normal,1.7520652
Normal,1.751176152
Normal,1.749838607
Normal,1.747396991
Normal,1.744355722
Normal,1.744225634
Normal,1.743788797
Normal,1.743423435
Normal,1.743183527
Normal,1.74273671
Normal,1.740391603
Normal,1.740335736
Normal,1.73631193
Normal,1.735068347
Normal,1.733844708
Normal,1.731886844
Normal,1.731046461
Normal,1.730318202
Normal,1.729963895
Normal,1.726944065
Normal,1.726929712
Normal,1.725460083
Normal,1.724405688
Normal,1.722437965
Normal,1.720523575
Normal,1.71899007
Normal,1.718399323
Normal,1.716494563
Normal,1.713245717
Normal,1.71238083
Normal,1.711869285
Normal,1.711865425
Normal,1.709334076
Normal,1.709205066
Normal,1.707746683
Normal,1.707276558
Normal,1.696874832
Normal,1.695293491
Normal,1.694795115
Normal,1.691488027
Normal,1.691164477
Normal,1.68957287
Normal,1.687094651
Normal,1.6866854
Normal,1.682320556
Normal,1.680878007
Normal,1.679297701
Normal,1.678325906
Normal,1.677580148
Normal,1.677081794
Normal,1.674827297
Normal,1.672604518
Normal,1.671101829
Normal,1.669362724
Normal,1.668422515
Normal,1.667127362
Normal,1.666012616
Normal,1.664620983
Normal,1.663827471
Normal,1.663116455
Normal,1.661887471
Normal,1.658435892
Normal,1.658379754
Normal,1.656928334
Normal,1.655331654
Normal,1.653768107
Normal,1.651795538
Normal,1.650652296
Normal,1.648008093
Normal,1.645958184
Normal,1.645285062
Normal,1.64507029
Normal,1.642915116
Normal,1.641521325
Normal,1.640288668
Normal,1.639638662
Normal,1.639141592
Normal,1.637264028
Normal,1.636775418
Normal,1.63640923
Normal,1.635434323
Normal,1.634633081
Normal,1.634132527
Normal,1.633071755
Normal,1.632538593
Normal,1.631386803
Normal,1.628538738
Normal,1.62816421
Normal,1.626913213
Normal,1.626623371
Normal,1.624503278
Normal,1.624108003
Normal,1.623991953
Normal,1.623868466
Normal,1.623737427
Normal,1.62357138
Normal,1.623371195
Normal,1.623226271
Normal,1.623188997
Normal,1.622609538
Normal,1.621231009
Normal,1.61953792
Normal,1.618894657
Normal,1.618118399
Normal,1.617880437
Normal,1.617183639
Normal,1.615049791
Normal,1.612540943
Normal,1.612404387
Normal,1.611074824
Normal,1.604268106
Normal,1.601300669
Normal,1.600577445
Normal,1.600080762
Normal,1.597290614
Normal,1.59647239
Normal,1.590799538
Normal,1.589868079
Normal,1.589511393
Normal,1.586766168
Normal,1.585933412
Normal,1.58585638
Normal,1.584823106
Normal,1.584710544
Normal,1.577821245
Normal,1.577774945
Normal,1.577419033
Normal,1.577281226
Normal,1.576637066
Normal,1.573849089
Normal,1.57348354
Normal,1.572176817
Normal,1.572097797
Normal,1.57136614
Normal,1.570848297
Normal,1.569790832
Normal,1.569786292
Normal,1.568888889
Normal,1.567576166
Normal,1.56668093
Normal,1.564210597
Normal,1.56398726
Normal,1.563109356
Normal,1.561740549
Normal,1.561577279
Normal,1.561508631
Normal,1.559664532
Normal,1.558852518
Normal,1.556835477
Normal,1.55400966
Normal,1.54854275
Normal,1.547687017
Normal,1.547420494
Normal,1.546999842
Normal,1.546574891
Normal,1.546535912
Normal,1.546056211
Normal,1.545949094
Normal,1.543708177
Normal,1.543271735
Normal,1.539886742
Normal,1.538165606
Normal,1.538158923
Normal,1.535558895
Normal,1.534560714
Normal,1.534470985
Normal,1.533177097
Normal,1.533023668
Normal,1.531573302
Normal,1.53111
Normal,1.529911256
Normal,1.528989107
Normal,1.526760647
Normal,1.523261627
Normal,1.519656766
Normal,1.517578528
Normal,1.516891073
Normal,1.5162221
Normal,1.515150932
Normal,1.514552983
Normal,1.513815004
Normal,1.513692579
Normal,1.513586264
Normal,1.51162816
Normal,1.511087119
Normal,1.51035448
Normal,1.510096535
Normal,1.508874774
Normal,1.508409497
Normal,1.508018817
Normal,1.506514224
Normal,1.504903048
Normal,1.504148307
Normal,1.502396566
Normal,1.501196615
Normal,1.500689725
Normal,1.500409385
Normal,1.500301034
Normal,1.499340742
Normal,1.497755828
Normal,1.496939804
Normal,1.496378277
Normal,1.495472412
Normal,1.495344771
Normal,1.491908169
Normal,1.490150532
Normal,1.489879796
Normal,1.488843306
Normal,1.487539522
Normal,1.48634142
Normal,1.485189761
Normal,1.485078438
Normal,1.482268544
Normal,1.482221743
Normal,1.48213011
Normal,1.480774519
Normal,1.48020262
Normal,1.479889106
Normal,1.478401081
Normal,1.475872079
Normal,1.474461959
Normal,1.470180745
Normal,1.469659686
Normal,1.469267267
Normal,1.469180275
Normal,1.4670273
Normal,1.465543742
Normal,1.465212219
Normal,1.465159317
Normal,1.465108588
Normal,1.464896344
Normal,1.46455945
Normal,1.463616518
Normal,1.463404368
Outlier,1.463256925
Normal,1.463229192
Normal,1.461236899
Normal,1.459580613
Normal,1.459370878
Normal,1.456111078
Normal,1.455850084
Normal,1.454712448
Normal,1.454136445
Normal,1.453445049
Normal,1.450168472
Normal,1.450079729
Normal,1.449652701
Normal,1.447966868
Normal,1.447888389
Normal,1.447456442
Normal,1.447060352
Normal,1.445981789
Normal,1.445174016
Normal,1.444571825
Normal,1.442463234
Normal,1.442204971
Normal,1.441676903
Normal,1.441178263
Normal,1.440844202
Normal,1.440825142
Normal,1.437838242
Normal,1.433762452
Normal,1.432565326
Normal,1.43146869
Normal,1.430308902
Normal,1.42951156
Normal,1.428369382
Normal,1.427542652
Normal,1.427496207
Normal,1.426628904
Normal,1.426573651
Normal,1.426381934
Normal,1.425731079
Normal,1.425632536
Normal,1.425561621
Normal,1.422949667
Normal,1.422830723
Normal,1.421894741
Normal,1.421569096
Normal,1.420998778
Normal,1.420833732
Normal,1.420582451
Normal,1.419724569
Normal,1.41823183
Normal,1.418095204
Normal,1.417635141
Normal,1.416957161
Normal,1.414648539
Normal,1.413071017
Normal,1.412778024
Normal,1.412148036
Normal,1.411908593
Normal,1.410959095
Normal,1.410389315
Normal,1.409979132
Normal,1.409917536
Normal,1.409708919
Normal,1.408931493
Normal,1.406991376
Normal,1.40686084
Normal,1.406237349
Normal,1.40519264
Normal,1.404307045
Normal,1.399664579
Normal,1.399643147
Normal,1.399615554
Normal,1.399171744
Normal,1.396112001
Normal,1.393564393
Normal,1.392686069
Normal,1.39206321
Normal,1.391599979
Normal,1.391250377
Normal,1.39124145
Normal,1.390834014
Normal,1.390817456
Normal,1.390619099
Normal,1.390344665
Normal,1.390050722
Normal,1.388373925
Normal,1.388347473
Normal,1.388264725
Normal,1.38757459
Normal,1.387496662
Normal,1.385280737
Normal,1.384903188
Normal,1.384155039
Normal,1.382923829
Normal,1.382026347
Normal,1.379791245
Normal,1.377205135
Normal,1.374843464
Normal,1.37471025
Normal,1.373811045
Normal,1.372089798
Normal,1.371811291
Normal,1.371805236
Normal,1.371244163
Normal,1.368371696
Normal,1.366905805
Normal,1.366521988
Normal,1.366409261
Normal,1.366323538
Normal,1.365183166
Normal,1.362584166
Normal,1.362472212
Normal,1.360965261
Normal,1.360332495
Normal,1.360218451
Normal,1.359432878
Normal,1.359186857
Normal,1.359089603
Normal,1.357442044
Normal,1.355801872
Normal,1.354980329
Normal,1.35401355
Normal,1.351840469
Normal,1.351240453
Normal,1.350846901
Normal,1.350820386
Normal,1.348928994
Normal,1.348540019
Normal,1.348536658
Normal,1.348514588
Normal,1.347755816
Normal,1.346934947
Normal,1.345704548
Normal,1.345644222
Normal,1.345532146
Normal,1.345154209
Normal,1.344046379
Normal,1.34330887
Normal,1.341637638
Normal,1.33882945
Normal,1.338618677
Normal,1.338338975
Normal,1.338334378
Normal,1.33753556
Normal,1.337005681
Normal,1.336263324
Normal,1.330496855
Normal,1.330290444
Normal,1.330207672
Normal,1.330140562
Normal,1.328292258
Normal,1.327910027
Normal,1.327834462
Normal,1.32650711
Normal,1.326444568
Normal,1.325547331
Normal,1.325378149
Normal,1.325198803
Normal,1.324673301
Normal,1.323314996
Normal,1.323116994
Normal,1.32238747
Normal,1.322024887
Normal,1.320914137
Normal,1.320589131
Normal,1.319678938
Normal,1.318658828
Normal,1.318615745
Normal,1.318460288
Normal,1.318356243
Normal,1.318318391
Normal,1.316722433
Normal,1.316680505
Normal,1.31495895
Normal,1.312444174
Normal,1.311973247
Normal,1.311147163
Normal,1.310712052
Normal,1.309524943
Normal,1.308390129
Normal,1.30830545
Normal,1.308078896
Normal,1.307746487
Normal,1.306739042
Normal,1.306627054
Normal,1.305272978
Normal,1.305238745
Normal,1.305231664
Normal,1.304734266
Normal,1.304148975
Normal,1.303183647
Normal,1.301745697
Normal,1.301544911
Normal,1.300224743
Normal,1.30015695
Normal,1.300040311
Normal,1.297958139
Normal,1.297670195
Normal,1.297250544
Normal,1.295982019
Normal,1.295026256
Normal,1.294932041
Normal,1.294743009
Normal,1.294592983
Normal,1.293996716
Normal,1.293387367
Normal,1.292201925
Normal,1.291099103
Normal,1.290615986
Normal,1.290605682
Normal,1.29032175
Normal,1.290267806
Normal,1.290223788
Normal,1.288720379
Normal,1.288148896
Normal,1.287980785
Normal,1.287626696
Normal,1.287181479
Normal,1.287061543
Normal,1.286757836
Normal,1.284744053
Normal,1.283905125
Normal,1.283297398
Normal,1.282290833
Normal,1.281810731
Normal,1.280965081
Normal,1.280142133
Normal,1.280063246
Normal,1.278314391
Normal,1.277826376
Normal,1.277717042
Normal,1.277223689
Normal,1.276567814
Normal,1.274885797
Normal,1.27375682
Normal,1.273626252
Normal,1.273522497
Normal,1.27319058
Normal,1.271908032
Normal,1.271232235
Normal,1.269819415
Normal,1.269037259
Normal,1.268875273
Normal,1.267928784
Normal,1.267240225
Normal,1.267149145
Normal,1.264262352
Normal,1.262976049
Normal,1.261987971
Normal,1.261530628
Normal,1.261325299
Normal,1.26111811
Normal,1.260629306
Normal,1.260474227
Normal,1.260111845
Normal,1.259405087
Normal,1.257891207
Normal,1.256998542
Normal,1.256650122
Normal,1.256034774
Normal,1.254664082
Normal,1.254024515
Normal,1.253621349
Normal,1.253274579
Normal,1.253060967
Normal,1.252413586
Normal,1.251662308
Normal,1.251474557
Normal,1.250071457
Normal,1.249702151
Normal,1.248398565
Normal,1.248278002
Normal,1.248179366
Normal,1.247113979
Normal,1.247065648
Normal,1.246582369
Normal,1.245459185
Normal,1.245343121
Normal,1.245126553
Normal,1.244499781
Normal,1.243156474
Normal,1.243146054
Normal,1.242765987
Normal,1.242598403
Normal,1.241821481
Normal,1.241783016
Normal,1.241470447
Normal,1.239457181
Normal,1.238744177
Normal,1.238713318
Normal,1.237961376
Normal,1.237163912
Normal,1.236490307
Normal,1.236423516
Normal,1.236045906
Normal,1.235868429
Normal,1.235320334
Normal,1.234255604
Normal,1.231703323
Normal,1.230965186
Normal,1.23050356
Normal,1.2281481
Normal,1.227508417
Normal,1.226363089
Normal,1.225120338
Normal,1.224912498
Normal,1.224292853
Normal,1.224148247
Normal,1.223766069
Normal,1.223723753
Normal,1.222093676
Normal,1.22202077
Normal,1.220782444
Normal,1.22048887
Normal,1.219774255
Normal,1.219451773
Normal,1.219301446
Normal,1.219081669
Normal,1.219023925
Normal,1.217113967
Normal,1.216144862
Normal,1.215042421
Normal,1.214541641
Normal,1.214370225
Normal,1.213896198
Normal,1.213395334
Normal,1.212832855
Normal,1.210210901
Normal,1.209938348
Normal,1.209859238
Normal,1.208847202
Normal,1.206603697
Normal,1.20578084
Normal,1.205721166
Normal,1.203966217
Normal,1.203277709
Normal,1.202820744
Normal,1.201459848
Normal,1.200924118
Normal,1.20028699
Normal,1.199834115
Normal,1.197614443
Normal,1.196410593
Normal,1.195776913
Normal,1.195474598
Normal,1.194657274
Normal,1.192950523
Normal,1.192107942
Normal,1.191131849
Normal,1.190862525
Normal,1.190795869
Normal,1.189919005
Normal,1.187733092
Normal,1.186800365
Normal,1.186741056
Normal,1.186638179
Normal,1.186169254
Normal,1.184370226
Normal,1.183410923
Normal,1.182905022
Normal,1.182263296
Normal,1.181918095
Normal,1.181294441
Normal,1.177572661
Normal,1.176990247
Normal,1.176755898
Normal,1.175311997
Normal,1.175219543
Normal,1.174983437
Normal,1.174705118
Normal,1.173461918
Normal,1.172327996
Normal,1.172108505
Normal,1.170352209
Normal,1.168781854
Normal,1.168763538
Normal,1.168447044
Normal,1.16766763
Normal,1.167088119
Normal,1.166870269
Normal,1.165713055
Normal,1.165403503
Normal,1.165113131
Normal,1.164027986
Normal,1.162950764
Normal,1.160479969
Normal,1.160370647
Normal,1.160275782
Normal,1.159528208
Normal,1.159264847
Normal,1.158447526
Normal,1.158232865
Normal,1.158072513
Normal,1.157630584
Normal,1.157376105
Normal,1.157066321
Normal,1.156839036
Normal,1.156743687
Normal,1.155769152
Normal,1.155754025
Normal,1.155526935
Normal,1.154146697
Normal,1.15266088
Normal,1.151291665
Normal,1.151230203
Normal,1.150976911
Normal,1.150912027
Normal,1.149530183
Normal,1.149519649
Normal,1.148022568
Normal,1.147721498
Normal,1.147364989
Normal,1.147163505
Normal,1.14664327
Normal,1.145197283
Normal,1.144367831
Normal,1.143680312
Normal,1.143111088
Normal,1.142996097
Normal,1.142824658
Normal,1.14246066
Normal,1.141025482
Normal,1.140423506
Normal,1.13964732
Normal,1.139503415
Normal,1.139148263
Normal,1.138386947
Normal,1.137366056
Normal,1.136593353
Normal,1.13646077
Normal,1.136238906
Normal,1.135713445
Normal,1.135629188
Normal,1.135553018
Normal,1.134820258
Normal,1.134375811
Normal,1.134338599
Normal,1.133305005
Normal,1.132507718
Normal,1.132202809
Normal,1.13179428
Normal,1.130821964
Normal,1.130480686
Normal,1.129874512
Normal,1.128738033
Normal,1.128717773
Normal,1.128569072
Normal,1.128151733
Normal,1.126870022
Normal,1.126664471
Normal,1.126207016
Normal,1.126151626
Normal,1.125462596
Normal,1.125085447
Normal,1.124072364
Normal,1.123586664
Normal,1.123048306
Normal,1.122971796
Normal,1.122845931
Normal,1.122247622
Normal,1.121676339
Normal,1.121361027
Normal,1.121133732
Normal,1.120721183
Normal,1.120545806
Normal,1.120447235
Normal,1.119490761
Normal,1.119013934
Normal,1.118851842
Normal,1.118784255
Normal,1.118624319
Normal,1.118325723
Normal,1.118082703
Normal,1.117138356
Normal,1.116121402
Normal,1.115371846
Normal,1.113914557
Normal,1.113797437
Normal,1.112149379
Normal,1.112107402
Normal,1.111939936
Normal,1.110811231
Normal,1.108500202
Normal,1.108210776
Normal,1.10757812
Normal,1.10656285
Normal,1.106200172
Normal,1.1054995
Normal,1.103379591
Normal,1.103377873
Normal,1.102332695
Normal,1.101957358
Normal,1.101953251
Normal,1.100367113
Normal,1.097148966
Normal,1.096491514
Normal,1.096206619
Normal,1.095973766
Normal,1.095557328
Normal,1.094666667
Normal,1.094254806
Normal,1.094212356
Normal,1.093922728
Normal,1.092451475
Normal,1.091535322
Normal,1.08998343
Normal,1.089394651
Normal,1.088988341
Normal,1.088718086
Normal,1.088599485
Normal,1.088055672
Normal,1.086562282
Normal,1.086337255
Normal,1.086233736
Normal,1.086090077
Normal,1.086080485
Normal,1.085605861
Normal,1.083820593
Normal,1.083036775
Normal,1.082567485
Normal,1.082528598
Normal,1.08247866
Normal,1.08225414
Normal,1.080785934
Normal,1.080706498
Normal,1.080303697
Normal,1.079808557
Normal,1.079689884
Normal,1.079291652
Normal,1.079117111
Normal,1.078758223
Normal,1.077641904
Normal,1.07668211
Normal,1.075758236
Normal,1.075614029
Normal,1.074823679
Normal,1.074620003
Normal,1.074379182
Normal,1.074148973
Normal,1.072135624
Outlier,1.070791984
Normal,1.070775818
Normal,1.070557991
Normal,1.070059518
Normal,1.069121095
Normal,1.068299738
Normal,1.068087076
Normal,1.067710471
Normal,1.067259384
Normal,1.067245793
Normal,1.066575435
Normal,1.065621529
Normal,1.065547681
Normal,1.065436416
Normal,1.065165677
Normal,1.064743671
Normal,1.064004971
Normal,1.063788982
Normal,1.063551138
Normal,1.063468586
Normal,1.062653032
Normal,1.062560234
Normal,1.062305642
Normal,1.061891374
Normal,1.061323062
Normal,1.060923005
Normal,1.06067359
Normal,1.058446511
Normal,1.058412439
Normal,1.057638227
Normal,1.057581524
Normal,1.057282253
Normal,1.057020764
Normal,1.056944937
Normal,1.056851354
Normal,1.056809304
Normal,1.056680843
Normal,1.056594418
Normal,1.055698128
Normal,1.05458668
Normal,1.054259354
Normal,1.053852142
Normal,1.053332692
Normal,1.052954469
Normal,1.052536674
Normal,1.051606756
Normal,1.049704966
Normal,1.049656107
Normal,1.049583627
Normal,1.047172984
Normal,1.047136096
Normal,1.047127348
Normal,1.046849693
Normal,1.046735087
Normal,1.046638457
Normal,1.046336258
Normal,1.044870614
Normal,1.044742947
Normal,1.044561992
Normal,1.04454349
Normal,1.043786196
Normal,1.043605669
Normal,1.043281774
Normal,1.042567239
Normal,1.042455871
Normal,1.042310909
Normal,1.041756933
Normal,1.041705021
Normal,1.041693069
Normal,1.041631931
Normal,1.041472156
Normal,1.04055326
Normal,1.040311301
Normal,1.039146994
Normal,1.03904614
Normal,1.038893984
Normal,1.037561077
Normal,1.036855329
Normal,1.035825436
Normal,1.034794866
Normal,1.034494186
Normal,1.033493169
Normal,1.033299177
Normal,1.032284022
Normal,1.031543886
Normal,1.031465206
Normal,1.03120669
Normal,1.031182653
Normal,1.031172285
Normal,1.030901002
Normal,1.029800499
Normal,1.029621053
Outlier,1.029512686
Normal,1.029320596
Normal,1.027697689
Normal,1.026996524
Normal,1.026821783
Normal,1.02669148
Normal,1.026434245
Normal,1.026427153
Normal,1.024872067
Normal,1.024466341
Normal,1.024448549
Normal,1.024423564
Normal,1.023893454
Normal,1.023613167
Normal,1.02354616
Normal,1.023350848
Normal,1.023295967
Normal,1.02307877
Normal,1.022892951
Normal,1.021379599
Normal,1.021304786
Normal,1.020179796
Normal,1.019426444
Normal,1.01927415
Normal,1.019251139
Normal,1.018228428
Normal,1.018209431
Normal,1.017416778
Normal,1.017315178
Normal,1.017106067
Normal,1.016757063
Normal,1.016220319
Normal,1.016196524
Normal,1.01451047
Normal,1.01328929
Normal,1.013142171
Normal,1.012558997
Normal,1.011464096
Normal,1.011154569
Normal,1.01053651
Normal,1.009657856
Normal,1.008770384
Normal,1.007422896
Normal,1.00732212
Normal,1.006808137
Normal,1.006759652
Normal,1.006211055
Normal,1.003111324
Normal,1.00298174
Normal,1.002485714
Normal,1.001547028
Normal,1.001258572
Normal,1.001082588
Normal,1.000665727
Normal,1.000015155
Normal,1.000014256
Normal,1.000012342
Normal,1.000009667
Normal,1.000008755
Normal,1.000008717
Normal,1.000007062
Normal,1.000006545
Normal,1.000005269
Normal,1.00000397
Outlier,1.000002351
Normal,1.000001966
Normal,1.00000034
Normal,0.999998043
Normal,0.999996898
Normal,0.999996504
Normal,0.999995466
Normal,0.999995457
Normal,0.999995095
Normal,0.999993243
Normal,0.999992696
Normal,0.999992672
Normal,0.999992097
Normal,0.999985942
Normal,0.999985168
Normal,0.999984303
Normal,0.999452772
Normal,0.998207458
Normal,0.996887664
Normal,0.996426523
Normal,0.996177958
Normal,0.995988827
Normal,0.995156451
Normal,0.994589409
Normal,0.993170122
Normal,0.993062837
Normal,0.99298733
Normal,0.992637203
Normal,0.992022536
Normal,0.991960863
Normal,0.991399965
Normal,0.990493646
Normal,0.989261157
Normal,0.989128518
Normal,0.989116037
Normal,0.988441137
Normal,0.98628376
Normal,0.986211027
Normal,0.98441385
Normal,0.984227252
Normal,0.983853116
Normal,0.983100547
Normal,0.982922612
Normal,0.982707084
Normal,0.982254772
Normal,0.981921921
Normal,0.980868108
Normal,0.980725969
Normal,0.980451755
Normal,0.979391136
Normal,0.978577242
Normal,0.978386589
Normal,0.977780035
Normal,0.977021329
Normal,0.974772623
Normal,0.973746641
Normal,0.97357284
Normal,0.973069247
Normal,0.972820588
Normal,0.972707132
Normal,0.97210527
Normal,0.971470743
Normal,0.971409767
Normal,0.97097816
Normal,0.970632965
Normal,0.970585195
Normal,0.970023559
Normal,0.969695928
Normal,0.969227772
Normal,0.968927604
Normal,0.968278118
Normal,0.966644494
Normal,0.966110704
Normal,0.965901709
Normal,0.965309015
Normal,0.965068914
Normal,0.962731378
Normal,0.962131532
Normal,0.961583091
Normal,0.961560416
Normal,0.961100319
Normal,0.959391383
Normal,0.958482018
Normal,0.957835067
Normal,0.957397034
Normal,0.956952139
Normal,0.956575194
Normal,0.956261661
Normal,0.956195281
Normal,0.954971862
Normal,0.953936305
Normal,0.953744779
Normal,0.953459783
Normal,0.953284773
Normal,0.953283615
Normal,0.952443233
Normal,0.952312517
Normal,0.951708992
Normal,0.950245434
Normal,0.948724072
Normal,0.948662142
Normal,0.948635405
Normal,0.948259948
Normal,0.947503888
Normal,0.947403602
Normal,0.947072201
Normal,0.945644206
Normal,0.945196747
Normal,0.944884108
Normal,0.944576408
Normal,0.944373532
Normal,0.944065105
Normal,0.944039497
Normal,0.944024171
Normal,0.943629136
Normal,0.94295764
Normal,0.942378731
Normal,0.941310171
Normal,0.940673527
Normal,0.939668627
Normal,0.939410554
Normal,0.93797308
Normal,0.937559492
Normal,0.936597983
Normal,0.936571061
Normal,0.936565244
Normal,0.935978172
Normal,0.935811117
Normal,0.935287381
Normal,0.935191042
Normal,0.934870776
Normal,0.934816008
Normal,0.93425603
Normal,0.93393734
Normal,0.933716714
Normal,0.932956756
Normal,0.932777798
Normal,0.932737786
Normal,0.931283001
Normal,0.931077125
Normal,0.930642697
Normal,0.930204594
Normal,0.930161822
Normal,0.929974458
Normal,0.929344258
Normal,0.92870483
Normal,0.928616177
Normal,0.928521239
Normal,0.928494032
Normal,0.928141831
Normal,0.928108595
Normal,0.927758088
Normal,0.927699154
Normal,0.927682347
Normal,0.927668147
Normal,0.927451251
Normal,0.927277238
Normal,0.926985717
Normal,0.92657276
Normal,0.926522254
Normal,0.925812192
Normal,0.925325944
Normal,0.925251532
Normal,0.92407934
Normal,0.923856766
Normal,0.923545916
Normal,0.923085028
Normal,0.922727088
Normal,0.922620455
Normal,0.921647071
Normal,0.921622029
Normal,0.921209339
Normal,0.921034258
Normal,0.920935505
Normal,0.920893069
Normal,0.920873423
Normal,0.920244975
Outlier,0.919937907
Normal,0.918252021
Normal,0.918229989
Normal,0.917843364
Normal,0.917030673
Normal,0.91696047
Normal,0.915440429
Normal,0.915418308
Outlier,0.915247299
Normal,0.91489772
Normal,0.914587659
Normal,0.914417336
Normal,0.913983676
Normal,0.913641389
Normal,0.913098507
Outlier,0.912338188
Normal,0.912065747
Normal,0.911893182
Normal,0.911887346
Normal,0.910459096
Normal,0.910253206
Normal,0.909553864
Normal,0.908628066
Normal,0.908142263
Normal,0.907177831
Normal,0.906897394
Normal,0.906571117
Normal,0.906191757
Normal,0.905288088
Normal,0.904696757
Normal,0.904373265
Normal,0.90403562
Normal,0.903863929
Normal,0.903211739
Normal,0.903197982
Normal,0.90315384
Normal,0.903077857
Normal,0.902746652
Normal,0.90265745
Normal,0.902219055
Normal,0.902216115
Normal,0.9020195
Normal,0.901540901
Normal,0.901117487
Normal,0.900548345
Normal,0.900004244
Normal,0.899394201
Normal,0.898421068
Normal,0.898094666
Normal,0.896670295
Normal,0.895550347
Normal,0.895084172
Normal,0.89447903
Normal,0.892569677
Normal,0.89230612
Normal,0.892225992
Normal,0.890577784
Normal,0.889742598
Normal,0.889693661
Normal,0.889555647
Normal,0.889022052
Normal,0.88852458
Normal,0.887820523
Normal,0.887655288
Normal,0.886753776
Normal,0.886092444
Normal,0.884140432
Normal,0.883519502
Normal,0.88260652
Normal,0.882251317
Normal,0.882195943
Normal,0.881849062
Normal,0.881145674
Normal,0.880832194
Outlier,0.88080449
Normal,0.879550756
Normal,0.879357674
Normal,0.879286898
Normal,0.878785781
Normal,0.878657252
Normal,0.877595021
Normal,0.877309625
Normal,0.877203431
Normal,0.875966621
Normal,0.874025074
Normal,0.872343512
Normal,0.872318999
Normal,0.871579609
Outlier,0.871443881
Normal,0.871065822
Normal,0.870715259
Normal,0.8700867
Normal,0.869295612
Normal,0.869225703
Normal,0.868888711
Normal,0.868778657
Normal,0.868696675
Normal,0.868258714
Normal,0.868178367
Normal,0.867611695
Normal,0.867582927
Normal,0.867158998
Normal,0.866128944
Normal,0.866102291
Normal,0.86522345
Normal,0.865030098
Normal,0.864831959
Normal,0.864819193
Normal,0.864656142
Normal,0.863858285
Normal,0.86270759
Normal,0.86265944
Normal,0.862304256
Normal,0.861884881
Normal,0.860038741
Normal,0.859362431
Normal,0.858657416
Normal,0.858569638
Normal,0.858049525
Normal,0.85798209
Normal,0.856880319
Normal,0.856455129
Normal,0.856369085
Normal,0.8551798
Normal,0.855059592
Normal,0.854889207
Normal,0.854760546
Normal,0.854500651
Normal,0.854415677
Normal,0.853693943
Normal,0.853597895
Normal,0.853223806
Normal,0.852906584
Normal,0.852074519
Normal,0.850709983
Normal,0.849781915
Normal,0.849630665
Normal,0.849331862
Normal,0.848715037
Normal,0.848667803
Normal,0.848555892
Normal,0.848393198
Normal,0.847093289
Normal,0.847036393
Normal,0.846434614
Normal,0.846320817
Normal,0.845539079
Normal,0.845510364
Normal,0.845078567
Normal,0.843634311
Normal,0.843498145
Normal,0.843332638
Normal,0.843137841
Normal,0.841691165
Normal,0.84122904
Normal,0.840422499
Normal,0.840350028
Normal,0.840128286
Normal,0.839669801
Normal,0.839424935
Normal,0.838683959
Normal,0.838507897
Normal,0.838142484
Normal,0.838075936
Normal,0.837770457
Normal,0.837722135
Normal,0.837589343
Normal,0.837141337
Normal,0.836570206
Normal,0.836194103
Normal,0.835014181
Normal,0.834591731
Normal,0.834517454
Normal,0.834175384
Normal,0.833945989
Normal,0.833118838
Normal,0.832116284
Normal,0.831799595
Normal,0.831682192
Normal,0.831110588
Normal,0.831104547
Normal,0.830612285
Normal,0.82916029
Normal,0.829022426
Normal,0.828693723
Normal,0.82768846
Normal,0.826836509
Normal,0.826483362
Normal,0.826198826
Normal,0.825980858
Normal,0.825956955
Normal,0.825791109
Normal,0.825718016
Normal,0.825593341
Normal,0.825488898
Normal,0.823946037
Normal,0.823636018
Normal,0.823431409
Normal,0.823332507
Normal,0.823130917
Normal,0.822986571
Normal,0.822589872
Normal,0.822124261
Normal,0.82179568
Normal,0.821778647
Normal,0.820408466
Normal,0.819855167
Normal,0.818116521
Normal,0.81804222
Normal,0.816727358
Normal,0.81576963
Normal,0.815433956
Normal,0.814601906
Normal,0.81352197
Normal,0.812593815
Normal,0.81251492
Normal,0.812155739
Normal,0.811951777
Normal,0.811918147
Normal,0.811844763
Normal,0.811748346
Normal,0.811684966
Normal,0.811556083
Normal,0.811163083
Normal,0.81086143
Normal,0.810839492
Normal,0.810507329
Normal,0.810085968
Normal,0.810019414
Normal,0.809823609
Normal,0.80888898
Normal,0.808780496
Normal,0.808308308
Normal,0.807813938
Normal,0.807493009
Normal,0.807335357
Normal,0.807303399
Normal,0.807119059
Normal,0.806086582
Normal,0.805897766
Normal,0.805561811
Normal,0.805296123
Normal,0.804252133
Normal,0.804080354
Normal,0.803956971
Normal,0.803628122
Normal,0.803619107
Normal,0.803406805
Normal,0.803285938
Normal,0.803020367
Normal,0.802659923
Normal,0.802136228
Normal,0.801756385
Normal,0.8015983
Normal,0.801220171
Normal,0.800679847
Normal,0.800406869
Normal,0.800213674
Normal,0.799954206
Normal,0.79908361
Normal,0.798679009
Normal,0.798048204
Normal,0.798014643
Normal,0.796815138
Normal,0.796179728
Normal,0.795272182
Normal,0.795269708
Normal,0.794748686
Normal,0.794388606
Normal,0.794120244
Normal,0.794031505
Normal,0.793448513
Normal,0.793161799
Normal,0.792950766
Normal,0.792630779
Normal,0.79243459
Normal,0.791693607
Normal,0.79154788
Normal,0.791501489
Normal,0.791356809
Normal,0.790494253
Normal,0.787996362
Normal,0.787489367
Normal,0.787375574
Normal,0.787372756
Normal,0.78663058
Normal,0.785911769
Normal,0.785190661
Normal,0.784825886
Normal,0.783848899
Normal,0.783709511
Normal,0.783506556
Normal,0.783311913
Normal,0.78254434
Normal,0.782502355
Normal,0.781817922
Normal,0.781428192
Normal,0.780869007
Outlier,0.780788581
Normal,0.780655134
Normal,0.780581973
Normal,0.780486329
Normal,0.779586797
Normal,0.778536699
Normal,0.778521341
Normal,0.778140003
Normal,0.777769116
Normal,0.777553295
Normal,0.775728606
Normal,0.775485298
Normal,0.775465893
Normal,0.774686858
Normal,0.774679194
Normal,0.773748928
Normal,0.773652408
Normal,0.773110314
Normal,0.772618849
Normal,0.772334176
Normal,0.77231597
Normal,0.772108181
Normal,0.771433258
Normal,0.771324603
Normal,0.771059631
Normal,0.770015789
Normal,0.769823349
Normal,0.769358859
Normal,0.769192704
Normal,0.768907384
Normal,0.76803722
Normal,0.76782144
Normal,0.767490109
Normal,0.767423452
Normal,0.767303496
Normal,0.766519945
Normal,0.766399241
Normal,0.764459463
Normal,0.76203329
Normal,0.761905475
Normal,0.76181669
Normal,0.7613875
Normal,0.759836622
Normal,0.759582847
Normal,0.759132726
Normal,0.759053892
Normal,0.758756129
Normal,0.758562107
Normal,0.758286298
Normal,0.758133236
Normal,0.757765062
Normal,0.757611341
Normal,0.756805735
Normal,0.756289542
Normal,0.755981765
Normal,0.7559606
Normal,0.754932296
Normal,0.754561549
Normal,0.754115111
Normal,0.753566938
Normal,0.753511223
Normal,0.75305906
Normal,0.752983223
Normal,0.752203794
Normal,0.752124061
Normal,0.751734022
Normal,0.751624255
Normal,0.751494859
Normal,0.750472406
Normal,0.750281374
Normal,0.749902085
Normal,0.749799293
Normal,0.749775113
Normal,0.749624546
Normal,0.749136928
Normal,0.748817282
Normal,0.748224395
Normal,0.74773311
Normal,0.747060024
Normal,0.74692672
Normal,0.745530804
Normal,0.744549891
Normal,0.743939104
Normal,0.74384962
Normal,0.743408834
Normal,0.743000282
Normal,0.742848878
Normal,0.74242842
Normal,0.742371688
Normal,0.741822627
Normal,0.741560611
Normal,0.74150728
Normal,0.74068978
Normal,0.740205827
Normal,0.740170772
Normal,0.740033816
Normal,0.739767502
Normal,0.739333456
Normal,0.738710048
Normal,0.738107454
Normal,0.737835325
Normal,0.736946248
Normal,0.736772947
Normal,0.735462545
Normal,0.735342456
Normal,0.734855615
Normal,0.734364705
Normal,0.733875138
Normal,0.733683218
Normal,0.733204412
Normal,0.732894162
Normal,0.731103117
Normal,0.730517434
Normal,0.730229918
Normal,0.729546495
Normal,0.72940429
Normal,0.729387217
Normal,0.729274087
Normal,0.728770302
Normal,0.728407873
Normal,0.728188389
Normal,0.72777013
Normal,0.727479159
Normal,0.727201234
Normal,0.726770805
Normal,0.726427715
Normal,0.726314399
Normal,0.725425052
Normal,0.72512122
Normal,0.724912688
Normal,0.724133384
Normal,0.722105967
Normal,0.722018787
Normal,0.721530732
Normal,0.721185579
Normal,0.720960589
Normal,0.720436826
Normal,0.720044613
Normal,0.718905849
Normal,0.718895165
Normal,0.718757893
Normal,0.718458263
Normal,0.717951563
Normal,0.71793064
Normal,0.717225835
Normal,0.716325019
Normal,0.716135236
Normal,0.715596423
Normal,0.715497755
Normal,0.713698268
Normal,0.712863714
Normal,0.712266825
Normal,0.712214529
Normal,0.711957545
Normal,0.711768149
Normal,0.710893287
Normal,0.710198574
Normal,0.710017842
Normal,0.70919242
Normal,0.705376659
Normal,0.705345556
Normal,0.705189353
Normal,0.704219423
Normal,0.703197577
Normal,0.703158086
Normal,0.702594128
Normal,0.702087706
Normal,0.701995379
Normal,0.701762394
Normal,0.700995196
Normal,0.700398449
Normal,0.70037724
Normal,0.700166098
Normal,0.699453034
Normal,0.699027223
Normal,0.698955998
Normal,0.698727047
Normal,0.698691784
Normal,0.6981631
Normal,0.697884356
Normal,0.697764602
Normal,0.696491893
Normal,0.696277372
Normal,0.696258596
Normal,0.695615197
Normal,0.694954686
Normal,0.692795244
Normal,0.691549716
Normal,0.69145641
Normal,0.691199489
Normal,0.690972435
Normal,0.690589359
Normal,0.689247457
Normal,0.689020719
Normal,0.688494354
Normal,0.687889196
Normal,0.687599773
Normal,0.686121023
Normal,0.685683785
Normal,0.684466056
Normal,0.684338094
Normal,0.684189704
Normal,0.683914966
Normal,0.683796469
Normal,0.683726614
Normal,0.682755639
Normal,0.682624529
Normal,0.682340508
Normal,0.681506304
Normal,0.681062504
Normal,0.680607765
Normal,0.680296179
Normal,0.680255469
Normal,0.679840033
Normal,0.678060972
Normal,0.678047682
Normal,0.678035499
Normal,0.677800545
Normal,0.677466435
Normal,0.677102627
Normal,0.67580287
Normal,0.675258863
Normal,0.674971221
Normal,0.674936129
Normal,0.674816846
Normal,0.674116057
Normal,0.673575376
Normal,0.673206742
Normal,0.673040558
Normal,0.672972714
Normal,0.672796052
Normal,0.672753277
Normal,0.671965771
Normal,0.671438409
Normal,0.671387965
Normal,0.67125521
Normal,0.671225669
Normal,0.671097922
Normal,0.670891032
Normal,0.670884926
Normal,0.66958102
Normal,0.669358575
Normal,0.668232277
Normal,0.668058151
Normal,0.667136544
Normal,0.666820619
Normal,0.666474138
Normal,0.665241965
Normal,0.664880364
Normal,0.664814563
Normal,0.664607336
Normal,0.664482171
Normal,0.66422096
Normal,0.663697469
Normal,0.663175286
Normal,0.662774592
Normal,0.662515632
Normal,0.662248615
Normal,0.662191551
Normal,0.66101329
Normal,0.660296755
Normal,0.659837303
Normal,0.659799031
Normal,0.659662837
Normal,0.659648833
Normal,0.659387039
Normal,0.658676031
Normal,0.658502037
Normal,0.658254537
Normal,0.657315186
Normal,0.656572203
Normal,0.65646877
Normal,0.655817203
Outlier,0.655785162
Normal,0.655115359
Normal,0.654843543
Normal,0.654778123
Normal,0.654482587
Normal,0.65428173
Normal,0.653326945
Normal,0.652842806
Normal,0.652785808
Normal,0.652622571
Normal,0.652404055
Normal,0.6523609
Normal,0.652296673
Normal,0.652133805
Normal,0.651954716
Normal,0.651909116
Normal,0.651729905
Normal,0.651642901
Normal,0.651520561
Normal,0.649228278
Normal,0.648633123
Normal,0.648584493
Normal,0.648344843
Normal,0.646484608
Normal,0.646468679
Normal,0.646366402
Normal,0.645986503
Normal,0.645925832
Normal,0.645870926
Normal,0.644702544
Normal,0.644495284
Normal,0.644202865
Normal,0.644005737
Normal,0.643992599
Normal,0.642324856
Normal,0.642020548
Normal,0.642009989
Normal,0.640583781
Normal,0.640454191
Normal,0.639180759
Normal,0.638869649
Normal,0.638227737
Normal,0.637956428
Normal,0.637076413
Outlier,0.636952519
Normal,0.636594741
Normal,0.636412482
Normal,0.6363046
Normal,0.63626994
Normal,0.63602224
Normal,0.635992768
Normal,0.635597728
Normal,0.633893574
Normal,0.6337708
Normal,0.63351937
Normal,0.633518379
Normal,0.633155163
Normal,0.633088171
Normal,0.632511255
Normal,0.632081463
Normal,0.632080502
Normal,0.631224018
Normal,0.631133819
Normal,0.630925413
Normal,0.630488959
Normal,0.630115649
Normal,0.629928208
Normal,0.629881811
Normal,0.629385533
Normal,0.628977657
Normal,0.628932771
Normal,0.627515107
Normal,0.626897698
Normal,0.626674708
Normal,0.626646434
Normal,0.626366932
Normal,0.626220925
Normal,0.625619801
Normal,0.624660919
Normal,0.624210523
Normal,0.622716594
Normal,0.622539411
Normal,0.622297075
Normal,0.62229451
Normal,0.622141343
Normal,0.621811375
Normal,0.62160149
Normal,0.621446583
Normal,0.619355424
Normal,0.618885319
Normal,0.618070832
Normal,0.617738997
Normal,0.617356724
Normal,0.616724017
Normal,0.616605067
Normal,0.616450804
Normal,0.616315632
Normal,0.615936515
Normal,0.615501152
Normal,0.615386641
Normal,0.615190127
Normal,0.615020285
Normal,0.614359426
Normal,0.613619998
Normal,0.612975913
Normal,0.611802213
Normal,0.611745251
Normal,0.611095368
Normal,0.610890121
Normal,0.610450997
Normal,0.609552096
Normal,0.609488516
Normal,0.608975641
Normal,0.608751648
Normal,0.608722143
Normal,0.608527387
Normal,0.608354191
Normal,0.608296514
Normal,0.607822633
Normal,0.607123697
Normal,0.606741787
Normal,0.606631915
Normal,0.605291716
Normal,0.604622997
Normal,0.602834062
Normal,0.602770337
Normal,0.602255899
Normal,0.602061378
Normal,0.601766951
Normal,0.599704233
Normal,0.598924736
Normal,0.597866527
Normal,0.597594669
Normal,0.596601817
Normal,0.596035751
Normal,0.595876667
Normal,0.594865322
Normal,0.594464561
Normal,0.594321599
Normal,0.59396958
Normal,0.593195028
Normal,0.593193979
Normal,0.5916983
Outlier,0.590985802
Normal,0.590888817
Normal,0.59080991
Normal,0.590232219
Normal,0.589948908
Normal,0.589898445
Normal,0.587679032
Normal,0.587641658
Normal,0.587231582
Normal,0.586971527
Normal,0.586422315
Normal,0.586412123
Normal,0.586245464
Normal,0.585950189
Normal,0.585948453
Normal,0.5858321
Normal,0.585818217
Normal,0.585503306
Normal,0.585141634
Normal,0.585018968
Normal,0.584483525
Normal,0.584412844
Normal,0.584343596
Normal,0.583039748
Normal,0.582545192
Normal,0.582091147
Normal,0.581827157
Normal,0.58150629
Normal,0.580850993
Normal,0.580745053
Normal,0.580219374
Normal,0.580158957
Normal,0.579308631
Normal,0.5790808
Normal,0.578933197
Normal,0.578705803
Normal,0.576873644
Normal,0.576647686
Normal,0.576195713
Normal,0.575571882
Normal,0.575322857
Normal,0.575057815
Normal,0.574829262
Normal,0.573457975
Normal,0.572446167
Normal,0.572208072
Normal,0.572024138
Normal,0.571897633
Normal,0.571721459
Normal,0.571489345
Normal,0.570201145
Normal,0.570020462
Normal,0.569670566
Normal,0.569383124
Normal,0.56898455
Normal,0.568867839
Normal,0.568581964
Normal,0.568427587
Normal,0.56828908
Normal,0.568115983
Normal,0.56797848
Normal,0.567614413
Normal,0.566433477
Normal,0.566196338
Normal,0.566038537
Normal,0.565772106
Normal,0.565155321
Normal,0.564757153
Normal,0.564746244
Normal,0.564633625
Normal,0.564237025
Normal,0.563046239
Normal,0.562504402
Normal,0.561127159
Normal,0.560888699
Normal,0.560727669
Normal,0.559124984
Normal,0.558233074
Normal,0.556431063
Normal,0.556179254
Normal,0.555828922
Normal,0.555643093
Normal,0.555320709
Normal,0.555124755
Normal,0.555117975
Normal,0.554937887
Normal,0.554533439
Normal,0.554468626
Normal,0.554407509
Normal,0.554145303
Normal,0.553941478
Normal,0.550675377
Normal,0.550181294
Normal,0.549094007
Normal,0.547749564
Normal,0.547677908
Normal,0.546375008
Normal,0.545900801
Normal,0.545643575
Normal,0.545265906
Normal,0.544873696
Normal,0.54485398
Normal,0.544822734
Normal,0.544548021
Normal,0.544330856
Normal,0.544141391
Normal,0.542986826
Normal,0.542875937
Normal,0.542200408
Normal,0.541784572
Normal,0.541536088
Normal,0.541024853
Normal,0.540745159
Normal,0.540641362
Normal,0.540341711
Normal,0.539094974
Normal,0.538784401
Normal,0.537834976
Normal,0.536934687
Normal,0.536105076
Normal,0.535782978
Normal,0.535624637
Normal,0.535159184
Normal,0.534824133
Normal,0.534799876
Normal,0.534796652
Normal,0.534577761
Normal,0.534493859
Normal,0.533898827
Normal,0.533864356
Normal,0.533653376
Normal,0.533649573
Normal,0.53282382
Normal,0.532019456
Normal,0.531995252
Normal,0.531636903
Normal,0.529956023
Normal,0.529238937
Normal,0.528656136
Normal,0.52765698
Normal,0.527614967
Normal,0.526910372
Normal,0.524754864
Normal,0.524636782
Normal,0.52456059
Normal,0.52385198
Normal,0.523791931
Normal,0.523362509
Normal,0.522100683
Normal,0.521956883
Normal,0.521798452
Normal,0.521739325
Normal,0.521710691
Normal,0.521450361
Normal,0.519931851
Normal,0.519759397
Normal,0.518334881
Normal,0.517894266
Normal,0.517658039
Normal,0.517354702
Normal,0.516317012
Normal,0.516189106
Normal,0.516114513
Normal,0.515425862
Normal,0.515260952
Normal,0.512691078
Normal,0.512646477
Normal,0.512486715
Normal,0.512080568
Normal,0.511746283
Normal,0.511627923
Normal,0.511530864
Normal,0.511447782
Normal,0.511193874
Normal,0.511152838
Normal,0.51023167
Normal,0.509814297
Normal,0.509716052
Normal,0.509627912
Normal,0.508727943
Normal,0.508342339
Normal,0.507838612
Normal,0.50698163
Normal,0.50680122
Normal,0.50633578
Normal,0.506193248
Normal,0.50609154
Normal,0.505403206
Normal,0.505250428
Normal,0.504984999
Normal,0.50402107
Normal,0.503925495
Normal,0.503571734
Normal,0.503347415
Normal,0.503154137
Normal,0.502139263
Normal,0.50166796
Normal,0.501056707
Normal,0.500847875
Normal,0.500016712
Normal,0.499818156
Normal,0.498354299
Normal,0.497337143
Normal,0.496329793
Normal,0.495297436
Normal,0.494831988
Normal,0.494567711
Normal,0.494317051
Normal,0.494185734
Normal,0.493768546
Normal,0.49330602
Normal,0.493181981
Normal,0.492452257
Normal,0.492304128
Normal,0.492095185
Normal,0.491083034
Normal,0.490992196
Normal,0.489383162
Normal,0.489107318
Normal,0.488111396
Normal,0.4879944
Normal,0.487659039
Normal,0.48729607
Normal,0.486613416
Normal,0.485578143
Normal,0.485407552
Normal,0.485029687
Normal,0.484768395
Normal,0.484189475
Normal,0.484153245
Normal,0.48356792
Normal,0.483319623
Normal,0.482794774
Normal,0.482297188
Normal,0.481783949
Normal,0.481034878
Normal,0.48084555
Normal,0.480297911
Normal,0.478877288
Normal,0.478610531
Normal,0.478504287
Normal,0.478436444
Normal,0.47740192
Normal,0.476745412
Normal,0.476672075
Normal,0.476345487
Normal,0.475091718
Normal,0.474898638
Normal,0.4747954
Normal,0.473314751
Normal,0.472943217
Normal,0.472921066
Normal,0.472166666
Normal,0.471736711
Normal,0.471171753
Normal,0.471040145
Normal,0.47091443
Normal,0.470513942
Normal,0.470337452
Normal,0.469314781
Normal,0.469012131
Normal,0.468973358
Normal,0.468155829
Normal,0.467817968
Normal,0.467724221
Normal,0.467628563
Normal,0.467377031
Normal,0.467358041
Normal,0.467281533
Normal,0.467005046
Normal,0.466898143
Normal,0.466047337
Normal,0.465854595
Normal,0.465556804
Normal,0.465365317
Normal,0.464946257
Normal,0.464568604
Normal,0.462862348
Normal,0.461931708
Normal,0.461020796
Normal,0.460736009
Normal,0.459622089
Normal,0.459485808
Normal,0.459477074
Normal,0.45930253
Normal,0.459252906
Normal,0.458580675
Normal,0.458409656
Normal,0.457733569
Normal,0.45630358
Normal,0.45527313
Normal,0.4534419
Normal,0.45174573
Normal,0.451312039
Normal,0.450574796
Normal,0.450516213
Normal,0.45004622
Normal,0.449828241
Normal,0.449398545
Normal,0.448570079
Normal,0.448101513
Normal,0.446933065
Normal,0.446893784
Normal,0.446532754
Normal,0.444786892
Normal,0.444412261
Normal,0.443737438
Normal,0.442503224
Normal,0.4420239
Normal,0.441061686
Normal,0.441049278
Normal,0.441027811
Normal,0.440817131
Normal,0.440166948
Normal,0.439626098
Normal,0.439025848
Normal,0.438486608
Normal,0.438002247
Normal,0.437989105
Normal,0.437728907
Normal,0.437402599
Normal,0.436433979
Normal,0.436343386
Normal,0.434989133
Normal,0.433968513
Normal,0.433786064
Normal,0.433498248
Normal,0.432858867
Normal,0.432374108
Normal,0.42997588
Normal,0.429596196
Normal,0.429079769
Normal,0.428457807
Normal,0.427328332
Normal,0.42724908
Normal,0.425136308
Normal,0.424471746
Normal,0.42443707
Normal,0.424324403
Normal,0.4235092
Normal,0.422732479
Normal,0.422061456
Normal,0.421422938
Normal,0.420434953
Normal,0.420166531
Normal,0.420055133
Normal,0.419182649
Normal,0.418233101
Normal,0.418011435
Normal,0.417036901
Normal,0.416936089
Normal,0.416572902
Normal,0.41592163
Normal,0.415573706
Normal,0.415522698
Normal,0.415442962
Normal,0.414791067
Normal,0.414600717
Normal,0.413047153
Normal,0.4122679
Normal,0.411394511
Normal,0.411355106
Normal,0.410553938
Normal,0.41007889
Normal,0.40966085
Normal,0.408853741
Normal,0.408377813
Normal,0.40815171
Normal,0.408134324
Normal,0.408064642
Normal,0.407370162
Normal,0.407126986
Normal,0.406965857
Normal,0.406808685
Normal,0.405664272
Normal,0.404807061
Normal,0.40346568
Normal,0.403455603
Normal,0.403211374
Normal,0.402278452
Normal,0.402013196
Normal,0.401780022
Normal,0.401388041
Normal,0.401311895
Normal,0.401231482
Normal,0.400739073
Normal,0.400632665
Normal,0.400028282
Normal,0.398921549
Normal,0.398371136
Normal,0.397516464
Normal,0.396889283
Normal,0.396798806
Normal,0.396621902
Normal,0.396316888
Normal,0.395843104
Normal,0.394995362
Normal,0.394152382
Normal,0.394098069
Normal,0.394014599
Normal,0.393628579
Normal,0.392662285
Normal,0.391836732
Normal,0.391215382
Normal,0.391080512
Normal,0.390801411
Normal,0.390374466
Normal,0.390285472
Normal,0.390116088
Normal,0.389313269
Normal,0.388884551
Normal,0.388751892
Normal,0.388288683
Normal,0.388010945
Normal,0.386812544
Normal,0.38666938
Normal,0.386337689
Normal,0.386308565
Normal,0.386202938
Normal,0.385823997
Normal,0.385817967
Normal,0.384940592
Normal,0.384178954
Normal,0.38396294
Normal,0.383547889
Normal,0.382922763
Normal,0.381714391
Normal,0.381264807
Normal,0.380704121
Normal,0.379425832
Normal,0.379325025
Normal,0.379277471
Normal,0.379169816
Normal,0.378881464
Normal,0.378762653
Normal,0.378281826
Normal,0.378112886
Normal,0.377207423
Normal,0.376928375
Normal,0.376141121
Normal,0.376025695
Normal,0.376009675
Normal,0.375884641
Normal,0.375774045
Normal,0.375278293
Normal,0.374973807
Normal,0.374441459
Normal,0.372884511
Normal,0.372290123
Normal,0.372155276
Normal,0.37214624
Normal,0.370371068
Normal,0.370080711
Normal,0.369877955
Normal,0.369388118
Normal,0.368762863
Normal,0.367664779
Normal,0.366921539
Normal,0.366564317
Normal,0.366046248
Normal,0.36526095
Normal,0.364706779
Normal,0.363908439
Normal,0.363821792
Normal,0.363133393
Normal,0.363125992
Normal,0.363096567
Normal,0.362803538
Normal,0.361463094
Normal,0.360959763
Normal,0.360121147
Normal,0.359517981
Normal,0.359180645
Normal,0.358768713
Normal,0.35701145
Normal,0.356829269
Normal,0.356776773
Normal,0.356403952
Normal,0.35381015
Normal,0.353500629
Normal,0.352240676
Normal,0.352030055
Normal,0.351702431
Normal,0.348608974
Normal,0.348324741
Normal,0.348311199
Normal,0.347936487
Normal,0.345969569
Normal,0.345969249
Normal,0.34588874
Normal,0.34494582
Normal,0.343985523
Normal,0.343367828
Normal,0.342648979
Normal,0.341693722
Normal,0.34124344
Normal,0.340964225
Normal,0.340385596
Normal,0.337400142
Normal,0.33694791
Normal,0.336457502
Normal,0.33615399
Normal,0.335878073
Normal,0.335656306
Normal,0.335590785
Normal,0.334233592
Normal,0.334110211
Normal,0.333372685
Normal,0.332596158
Normal,0.332377464
Normal,0.331237056
Normal,0.330765137
Normal,0.330764596
Normal,0.329169899
Normal,0.329085126
Normal,0.327773104
Normal,0.32649691
Normal,0.326295782
Normal,0.326112881
Normal,0.325580488
Normal,0.324541738
Normal,0.324079705
Normal,0.322584521
Normal,0.321171966
Normal,0.320560009
Normal,0.319752773
Normal,0.319130983
Normal,0.318688204
Normal,0.318220482
Normal,0.317941294
Normal,0.313478379
Normal,0.313349311
Normal,0.312866017
Normal,0.312650674
Normal,0.312305142
Normal,0.311199498
Normal,0.310849122
Normal,0.309623023
Normal,0.309267317
Normal,0.306973476
Normal,0.306385142
Normal,0.305847621
Normal,0.304826333
Normal,0.304743317
Normal,0.304448824
Normal,0.30322087
Normal,0.302471049
Normal,0.301608849
Normal,0.301497338
Normal,0.300337208
Normal,0.300056888
Normal,0.29995999
Normal,0.298151695
Normal,0.297641013
Normal,0.297521872
Normal,0.296752521
Normal,0.296540868
Normal,0.295997268
Normal,0.295917501
Normal,0.295372873
Normal,0.294879944
Normal,0.294176647
Normal,0.294174297
Normal,0.292205024
Normal,0.290489091
Normal,0.290125369
Normal,0.289376275
Normal,0.289117609
Normal,0.288913204
Normal,0.287652432
Normal,0.286277217
Normal,0.286165402
Normal,0.2854897
Normal,0.284609127
Normal,0.284462892
Normal,0.284177769
Normal,0.282572467
Normal,0.281901124
Normal,0.279820162
Normal,0.278599916
Normal,0.277277704
Normal,0.276612624
Normal,0.275225774
Normal,0.275022238
Normal,0.274875422
Normal,0.274459611
Normal,0.268637889
Normal,0.26819487
Normal,0.267457729
Normal,0.265852355
Normal,0.262885001
Normal,0.2594718
Normal,0.258646587
Normal,0.257967963
Normal,0.257543158
Normal,0.25747905
Normal,0.257389072
Normal,0.256129421
Normal,0.251341874
Normal,0.249494365
Normal,0.248643837
Normal,0.24765815
Normal,0.246579265
Normal,0.245187195
Normal,0.243964588
Normal,0.242791105
Normal,0.242182425
Normal,0.24190521
Normal,0.24188166
Normal,0.241074869
Normal,0.240390306
Normal,0.23897543
Normal,0.238507124
Normal,0.238448187
Normal,0.237382135
Normal,0.234314112
Normal,0.234016473
Normal,0.23111639
Normal,0.227164938
Normal,0.22713197
Normal,0.224841969
Normal,0.224742079
Normal,0.22469442
Normal,0.221748021
Normal,0.220445614
Normal,0.219339299
Normal,0.218899275
Normal,0.215735997
Normal,0.21218672
Normal,0.212062708
Normal,0.211729959
Normal,0.210662101
Normal,0.206275108
Normal,0.202513165
Normal,0.197744398
Normal,0.196073649
Normal,0.194097996
Normal,0.192989768
Normal,0.189993234
Normal,0.189427576
Normal,0.182682809
Normal,0.178402808
Normal,0.177511566
Normal,0.174000029
Normal,0.168193285
Normal,0.1663852
Normal,0.16545115
Normal,0.164650129
Normal,0.157678328
Normal,0.153678827
Normal,0.147534592
Normal,0.143100451
Normal,0.142809431
Normal,0.141721816
Normal,0.137965806
Normal,0.136169226
Normal,0.134549632
Normal,0.125831789
Normal,0.123794833
Normal,0.111477502
Normal,0.106177304
Normal,0.104161836
Normal,0.101143601
Normal,0.100069886
Normal,0.091001696
Normal,0.08917827
Normal,0.082575264
Normal,0.072280109
Normal,0.069548802
Normal,0.06847584
Normal,0.066676713
Normal,0.061926187
Normal,0.031902218
Normal,0.022951589
Normal,0.008527894
Normal,0.002947589
Normal,0
