Outlier,3.332520866
Outlier,3.332520866
Outlier,3.332520866
Outlier,3.332520866
Outlier,3.332520864
Outlier,3.332520863
Outlier,3.332520862
Outlier,3.33252086
Outlier,3.332520849
Outlier,3.332520846
Outlier,3.332520838
Outlier,3.332520463
Outlier,3.332520117
Outlier,3.332519638
Outlier,3.332417431
Outlier,3.332230393
Outlier,3.332047992
Outlier,3.329840692
Normal,3.329051836
Normal,3.326217664
Normal,3.318375905
Normal,3.316259194
Normal,3.309430047
Outlier,3.307791356
Normal,3.28283045
Normal,3.280977418
Normal,3.275669837
Normal,3.271511896
Normal,3.259268199
Normal,3.242818643
Normal,3.242174871
Normal,3.240155946
Normal,3.237139208
Normal,3.23672306
Normal,3.236040404
Normal,3.232466331
Normal,3.22837383
Normal,3.210780064
Normal,3.207917323
Outlier,3.204715832
Normal,3.203793152
Normal,3.185334476
Normal,3.18117928
Normal,3.179161867
Normal,3.157081288
Normal,3.129198595
Normal,3.123200228
Normal,3.09707934
Normal,3.09485554
Normal,3.093017295
Outlier,3.08854937
Outlier,3.081583084
Normal,3.074242689
Normal,3.058154793
Normal,3.05696231
Normal,3.053442111
Normal,3.047868996
Normal,3.047773019
Normal,3.047700074
Normal,3.032473467
Normal,3.029374186
Normal,3.026082901
Normal,3.002597747
Normal,2.999011049
Normal,2.988554929
Normal,2.973918194
Normal,2.9670479
Outlier,2.962734081
Outlier,2.954602124
Outlier,2.951662737
Normal,2.944894891
Normal,2.937018921
Normal,2.915856383
Normal,2.907643621
Outlier,2.901498367
Normal,2.898756785
Normal,2.896756219
Normal,2.893029719
Outlier,2.890192984
Outlier,2.869833877
Normal,2.869237561
Normal,2.86900929
Normal,2.864539522
Normal,2.864327163
Normal,2.860374414
Normal,2.859128788
Normal,2.847065411
Normal,2.846423355
Normal,2.843507387
Normal,2.840106444
Normal,2.837004673
Normal,2.835051489
Normal,2.830068414
Normal,2.828584894
Normal,2.81308429
Outlier,2.788704849
Normal,2.780877324
Normal,2.778475333
Normal,2.765185308
Normal,2.74382482
Normal,2.736667196
Normal,2.720057966
Outlier,2.705189069
Normal,2.699403997
Outlier,2.696659591
Normal,2.6799249
Normal,2.667414101
Normal,2.666448169
Normal,2.662671803
Normal,2.657999993
Outlier,2.648791679
Normal,2.642953479
Outlier,2.641860293
Normal,2.631628684
Normal,2.63042083
Normal,2.626585624
Normal,2.624101887
Normal,2.621867895
Normal,2.619879301
Normal,2.613569616
Normal,2.607676643
Normal,2.606851478
Outlier,2.606544694
Normal,2.606126751
Normal,2.599295785
Normal,2.599011634
Normal,2.594012185
Normal,2.592384854
Normal,2.592142833
Normal,2.591227877
Outlier,2.5829571
Normal,2.572300714
Normal,2.572263754
Normal,2.563898644
Normal,2.563721001
Normal,2.537608187
Normal,2.533341966
Normal,2.53258447
Normal,2.531959947
Normal,2.530646062
Normal,2.526472055
Normal,2.525441649
Outlier,2.521411933
Normal,2.519746337
Normal,2.507379215
Normal,2.499016202
Normal,2.498439179
Normal,2.488543805
Normal,2.48642557
Normal,2.479118247
Normal,2.479026338
Normal,2.46816195
Normal,2.46725605
Normal,2.467216267
Normal,2.461691527
Normal,2.458446944
Normal,2.451717697
Normal,2.450178745
Normal,2.442137326
Normal,2.437817993
Outlier,2.421587581
Normal,2.416812946
Normal,2.416562054
Normal,2.41058268
Normal,2.409845651
Normal,2.408159965
Normal,2.401140662
Normal,2.400928549
Normal,2.397354216
Normal,2.397193984
Normal,2.389277704
Normal,2.388896923
Normal,2.385711546
Normal,2.385148673
Normal,2.384829768
Normal,2.373360385
Normal,2.372757472
Normal,2.367991996
Normal,2.367037815
Normal,2.365736122
Normal,2.365307816
Normal,2.364208458
Outlier,2.359908626
Normal,2.357228882
Normal,2.351613027
Normal,2.351237973
Normal,2.346366018
Normal,2.341250025
Normal,2.333050695
Normal,2.332342185
Normal,2.325060159
Normal,2.31844134
Normal,2.318383043
Normal,2.317364002
Normal,2.311462793
Normal,2.299903299
Normal,2.299707507
Normal,2.297651667
Normal,2.291131771
Normal,2.28585419
Normal,2.284214396
Normal,2.278195217
Normal,2.276663949
Normal,2.275904923
Normal,2.270188579
Normal,2.262689438
Normal,2.254156167
Normal,2.242808046
Normal,2.23815054
Normal,2.230121126
Normal,2.221921532
Normal,2.22184508
Normal,2.218334864
Normal,2.217842151
Normal,2.214575026
Normal,2.213705944
Normal,2.21024486
Normal,2.209170636
Normal,2.207167746
Normal,2.205609199
Normal,2.199616151
Normal,2.193214717
Normal,2.192664091
Normal,2.191988093
Normal,2.184776679
Normal,2.183204742
Normal,2.182776172
Normal,2.179146178
Normal,2.176947226
Normal,2.166203584
Normal,2.164613
Normal,2.163769443
Normal,2.162408282
Normal,2.158094848
Normal,2.153350585
Normal,2.149662322
Normal,2.140743449
Normal,2.139402105
Normal,2.138048024
Normal,2.134371661
Normal,2.129688771
Normal,2.127683558
Normal,2.126263138
Normal,2.124670828
Normal,2.123647277
Normal,2.122299768
Normal,2.121184054
Normal,2.11861608
Normal,2.111100931
Normal,2.107821203
Normal,2.106790574
Normal,2.106690874
Normal,2.106541196
Normal,2.105260439
Normal,2.10300938
Normal,2.102969229
Normal,2.10127657
Normal,2.098340479
Normal,2.095590077
Normal,2.094991628
Normal,2.0945499
Outlier,2.09312259
Normal,2.092612977
Normal,2.083081155
Normal,2.082306535
Normal,2.077685977
Normal,2.075098481
Normal,2.073153132
Normal,2.072753575
Normal,2.072554331
Normal,2.071556911
Normal,2.071319915
Normal,2.069740843
Normal,2.066610087
Normal,2.063691441
Normal,2.062076839
Normal,2.061749508
Normal,2.060150732
Normal,2.058172948
Normal,2.057313473
Normal,2.052099309
Normal,2.050940218
Normal,2.046811602
Normal,2.046035691
Normal,2.036966403
Normal,2.035337405
Normal,2.034689129
Normal,2.025331717
Normal,2.024566021
Normal,2.023014537
Normal,2.022489592
Normal,2.022482025
Normal,2.022388555
Outlier,2.022083118
Normal,2.021382439
Normal,2.021182801
Normal,2.018443843
Normal,2.017532949
Normal,2.014184853
Normal,2.013873366
Normal,2.011104136
Normal,2.00649258
Normal,2.005406349
Normal,1.998426452
Normal,1.998406468
Normal,1.997883982
Normal,1.997637845
Normal,1.994396138
Normal,1.989264494
Normal,1.988294384
Normal,1.987700484
Normal,1.987014035
Normal,1.986112013
Normal,1.9847184
Normal,1.98417646
Normal,1.984164933
Normal,1.98403061
Normal,1.983985171
Normal,1.983983587
Normal,1.982644968
Normal,1.981807347
Normal,1.980144997
Normal,1.977129893
Normal,1.97694094
Normal,1.971795067
Normal,1.971127621
Normal,1.970302105
Normal,1.96940161
Normal,1.969236074
Normal,1.968808379
Normal,1.968399433
Normal,1.965163657
Normal,1.961586277
Normal,1.960605482
Normal,1.959156121
Normal,1.958839622
Normal,1.958784792
Normal,1.958008314
Normal,1.957370191
Normal,1.954647249
Normal,1.952428016
Normal,1.950007609
Normal,1.948562657
Normal,1.948141327
Normal,1.947711447
Normal,1.944242865
Normal,1.942484168
Normal,1.941944416
Normal,1.93829841
Normal,1.934332918
Normal,1.932503943
Normal,1.932245309
Normal,1.931278959
Normal,1.930990288
Normal,1.930117187
Normal,1.923591446
Normal,1.921931846
Outlier,1.92106279
Normal,1.92050666
Normal,1.919062553
Normal,1.917603741
Normal,1.916804925
Normal,1.91646704
Normal,1.915346913
Normal,1.915134518
Normal,1.914769116
Normal,1.914601372
Outlier,1.913931568
Normal,1.911965402
Normal,1.910748674
Normal,1.910140779
Normal,1.904592096
Normal,1.901516298
Normal,1.896934665
Normal,1.896827221
Normal,1.896619519
Normal,1.895646395
Normal,1.893450093
Normal,1.890985675
Normal,1.889534743
Normal,1.885198507
Normal,1.882194656
Normal,1.881300919
Normal,1.879832701
Normal,1.876415867
Normal,1.876320072
Normal,1.876303094
Normal,1.87628352
Normal,1.874842171
Normal,1.872964691
Normal,1.872319351
Normal,1.871900655
Normal,1.871693129
Normal,1.871324221
Normal,1.870593782
Normal,1.869933832
Normal,1.869729784
Normal,1.868607274
Normal,1.86706382
Normal,1.86164357
Normal,1.860919579
Normal,1.860216018
Normal,1.859684217
Normal,1.859340121
Normal,1.858192603
Outlier,1.856634293
Normal,1.855584
Normal,1.85394876
Normal,1.853248813
Normal,1.852792374
Normal,1.850685286
Normal,1.845557484
Normal,1.843708276
Normal,1.843533422
Normal,1.843217749
Normal,1.843200124
Normal,1.842247178
Normal,1.84021625
Normal,1.839415131
Normal,1.83899241
Normal,1.837866581
Outlier,1.837703821
Normal,1.835917692
Normal,1.83429931
Normal,1.834044999
Normal,1.832172033
Normal,1.830701154
Normal,1.829762642
Normal,1.827556765
Normal,1.827222099
Normal,1.826551962
Normal,1.82338128
Normal,1.822056812
Normal,1.821062946
Normal,1.819505451
Normal,1.81912272
Normal,1.818689313
Normal,1.818588282
Normal,1.817991917
Normal,1.817512548
Normal,1.816081846
Normal,1.814334124
Normal,1.814328398
Normal,1.813458446
Normal,1.813226076
Normal,1.812419208
Normal,1.811072511
Normal,1.810054351
Normal,1.809303213
Normal,1.809012101
Normal,1.807574435
Normal,1.797532366
Normal,1.7972964
Normal,1.795991849
Normal,1.794867886
Normal,1.794404329
Normal,1.794235598
Normal,1.792454682
Normal,1.791375255
Normal,1.790026735
Normal,1.787941567
Normal,1.787148829
Normal,1.787138338
Normal,1.78581032
Normal,1.785620344
Normal,1.782749541
Normal,1.781799803
Normal,1.781777074
Normal,1.781056949
Normal,1.779954296
Normal,1.779289952
Normal,1.778956094
Normal,1.771298141
Normal,1.770701205
Normal,1.770696042
Normal,1.770347113
Normal,1.769016298
Normal,1.768904596
Normal,1.768105756
Normal,1.765535937
Normal,1.765300111
Normal,1.765164881
Normal,1.76432643
Normal,1.763360816
Normal,1.763349079
Normal,1.763158205
Normal,1.762951055
Normal,1.760587669
Normal,1.758210953
Normal,1.758187334
Normal,1.758084872
Normal,1.7580047
Normal,1.757213512
Normal,1.755861495
Normal,1.754256121
Normal,1.754248425
Normal,1.751507328
Normal,1.7511686
Normal,1.750912894
Normal,1.750809563
Normal,1.749224517
Normal,1.748849703
Normal,1.748714675
Normal,1.746684495
Normal,1.745915613
Normal,1.745301181
Normal,1.745138263
Normal,1.7450951
Normal,1.743859574
Normal,1.743448909
Normal,1.742747164
Normal,1.742170134
Normal,1.741798662
Normal,1.740159284
Normal,1.738832135
Normal,1.734841053
Normal,1.733251225
Normal,1.73324181
Normal,1.732617998
Normal,1.732557767
Normal,1.732041577
Normal,1.73090898
Normal,1.730329087
Normal,1.72900943
Normal,1.728395619
Normal,1.726751886
Normal,1.72361615
Normal,1.720436767
Normal,1.720214465
Normal,1.719738587
Normal,1.719631904
Normal,1.717960898
Normal,1.717346697
Normal,1.716982934
Normal,1.716959902
Normal,1.71688622
Normal,1.716408972
Normal,1.716269605
Normal,1.713019241
Normal,1.711853315
Normal,1.711267982
Normal,1.708828195
Normal,1.707855618
Normal,1.706407159
Normal,1.705917088
Normal,1.705383924
Normal,1.702715078
Normal,1.702543884
Normal,1.701145521
Normal,1.701076184
Normal,1.699721786
Normal,1.698885888
Normal,1.69874376
Normal,1.69698313
Normal,1.696810072
Normal,1.696321642
Normal,1.693305102
Normal,1.692861468
Normal,1.691726114
Normal,1.691692699
Normal,1.68913734
Normal,1.689096465
Normal,1.688498487
Normal,1.682319572
Normal,1.682221044
Normal,1.680836826
Normal,1.680627984
Normal,1.678243902
Normal,1.676779306
Normal,1.676025361
Normal,1.673900396
Normal,1.673003151
Normal,1.672102782
Normal,1.669586377
Normal,1.66609094
Normal,1.665607763
Normal,1.665390611
Normal,1.664895245
Normal,1.664059109
Normal,1.664034069
Normal,1.66400164
Normal,1.66377728
Normal,1.663292296
Normal,1.663091484
Normal,1.662743443
Normal,1.661997431
Normal,1.660976233
Normal,1.660640035
Normal,1.660296427
Normal,1.660293438
Normal,1.659935817
Normal,1.659844123
Normal,1.657660348
Normal,1.656990625
Normal,1.656100686
Normal,1.653784284
Normal,1.652400423
Normal,1.651176453
Normal,1.650588826
Normal,1.649427276
Normal,1.647410417
Normal,1.646829674
Normal,1.645827936
Normal,1.645590519
Normal,1.645545619
Normal,1.642819231
Normal,1.64159524
Normal,1.639406552
Normal,1.637931349
Normal,1.636436201
Normal,1.636434687
Normal,1.635728977
Normal,1.635428943
Normal,1.632959999
Normal,1.632733919
Normal,1.632677019
Normal,1.631966945
Normal,1.631085657
Normal,1.62915152
Normal,1.629071793
Normal,1.628609196
Normal,1.628133843
Normal,1.62730761
Normal,1.626956151
Normal,1.626593914
Normal,1.625901503
Normal,1.62290668
Normal,1.620325113
Normal,1.618857952
Normal,1.61781142
Normal,1.617161774
Normal,1.616941569
Normal,1.616664128
Normal,1.615074883
Normal,1.614400746
Normal,1.607588661
Normal,1.606653014
Normal,1.605901071
Normal,1.605739449
Normal,1.602310272
Normal,1.600126222
Normal,1.599045652
Normal,1.597023467
Normal,1.596552767
Normal,1.595420014
Normal,1.59397633
Normal,1.593427284
Normal,1.589725997
Normal,1.588714176
Normal,1.587089012
Normal,1.585316615
Normal,1.584573736
Normal,1.582965471
Normal,1.582833743
Normal,1.582595369
Normal,1.582238443
Normal,1.582133434
Normal,1.581963938
Normal,1.581622493
Normal,1.580893684
Normal,1.580809502
Normal,1.578739146
Normal,1.578276477
Normal,1.576531906
Normal,1.574665542
Normal,1.574071483
Normal,1.573736409
Normal,1.57277497
Normal,1.572521593
Normal,1.572178264
Normal,1.57121742
Normal,1.571035764
Normal,1.570534585
Normal,1.569039693
Normal,1.569008474
Normal,1.567693663
Normal,1.566147489
Normal,1.565451641
Normal,1.563412232
Normal,1.562998174
Normal,1.561352824
Normal,1.55938193
Normal,1.558544717
Normal,1.5581404
Normal,1.557244438
Normal,1.55713965
Normal,1.557038939
Normal,1.55564489
Normal,1.55563701
Normal,1.555620657
Normal,1.555579767
Normal,1.55372872
Normal,1.553597113
Normal,1.55204387
Normal,1.550999392
Normal,1.548455124
Normal,1.54840463
Normal,1.547849084
Normal,1.546453946
Normal,1.546337758
Normal,1.546283122
Normal,1.543505948
Normal,1.543410172
Normal,1.542688843
Normal,1.54268447
Normal,1.542574952
Normal,1.542386453
Normal,1.542061835
Normal,1.541436806
Normal,1.541052861
Normal,1.540716794
Normal,1.539889038
Normal,1.539428991
Normal,1.539413238
Normal,1.537023341
Normal,1.536731281
Normal,1.536324704
Normal,1.53146827
Normal,1.530118747
Normal,1.529619642
Normal,1.528163234
Normal,1.527792738
Normal,1.526305637
Normal,1.526002345
Normal,1.525627808
Normal,1.525478122
Normal,1.52415465
Normal,1.52403718
Normal,1.522832028
Normal,1.522054363
Normal,1.521931297
Normal,1.519587214
Normal,1.517781964
Normal,1.517294509
Normal,1.515381987
Normal,1.514106474
Normal,1.513991981
Normal,1.513742856
Normal,1.513551894
Normal,1.512398218
Normal,1.512050432
Normal,1.509942391
Normal,1.509634747
Normal,1.509105284
Normal,1.508691342
Normal,1.50620044
Normal,1.505520118
Normal,1.504664403
Normal,1.502747731
Normal,1.501682333
Normal,1.500720988
Normal,1.500166753
Normal,1.500068691
Normal,1.49988296
Normal,1.499819793
Normal,1.499207185
Normal,1.499080193
Normal,1.49824019
Normal,1.497702447
Normal,1.497476384
Normal,1.496816878
Normal,1.495649148
Normal,1.495141405
Normal,1.494880807
Normal,1.493752269
Normal,1.492765971
Normal,1.492683907
Normal,1.492589232
Normal,1.492211114
Normal,1.491762069
Normal,1.491054503
Normal,1.490910669
Normal,1.490698219
Normal,1.490423012
Normal,1.489214133
Normal,1.48853787
Normal,1.48834018
Normal,1.488021655
Normal,1.487116448
Normal,1.486750444
Normal,1.48649791
Normal,1.486252824
Normal,1.485101931
Normal,1.484583987
Normal,1.484362806
Normal,1.484100856
Normal,1.482564354
Normal,1.481678482
Normal,1.479383774
Normal,1.479143461
Normal,1.478941657
Normal,1.478315616
Normal,1.477667277
Normal,1.477591034
Normal,1.477287543
Normal,1.477224288
Normal,1.477048694
Normal,1.476801663
Normal,1.475973823
Normal,1.475002988
Normal,1.474619084
Normal,1.474514694
Normal,1.472915094
Normal,1.472742504
Normal,1.47144152
Normal,1.470836807
Normal,1.470332472
Normal,1.470225534
Normal,1.468979146
Normal,1.468858045
Normal,1.468660483
Normal,1.468612068
Normal,1.466621103
Normal,1.466461985
Normal,1.465540219
Normal,1.464285735
Normal,1.464228702
Normal,1.463762092
Normal,1.463306578
Normal,1.463190925
Normal,1.461997371
Normal,1.461167871
Normal,1.460806224
Normal,1.460417419
Normal,1.45972116
Normal,1.459199986
Normal,1.459158335
Normal,1.458785112
Normal,1.45768834
Normal,1.457261039
Normal,1.456526339
Normal,1.454096501
Normal,1.454084343
Normal,1.453392332
Normal,1.453278594
Normal,1.451925202
Normal,1.451853177
Normal,1.451315577
Normal,1.451280098
Normal,1.44969835
Normal,1.448905952
Normal,1.448672618
Normal,1.448252727
Normal,1.446745034
Normal,1.443665168
Normal,1.443477782
Normal,1.442715079
Normal,1.442687842
Normal,1.441322943
Normal,1.441088144
Normal,1.438277521
Normal,1.437507185
Normal,1.437445238
Normal,1.436860444
Normal,1.436623991
Normal,1.436126083
Normal,1.434641504
Normal,1.434308136
Normal,1.433285074
Normal,1.433158527
Normal,1.432919454
Normal,1.432890096
Normal,1.432049327
Normal,1.431511939
Normal,1.428684563
Normal,1.42740963
Normal,1.427253976
Normal,1.426364684
Normal,1.426122502
Normal,1.42556508
Normal,1.424668035
Normal,1.423838599
Normal,1.423589269
Normal,1.423171763
Normal,1.422343192
Normal,1.421002156
Normal,1.420804689
Normal,1.418551324
Normal,1.417551102
Normal,1.417158128
Normal,1.417140262
Normal,1.417128754
Normal,1.416373904
Normal,1.416039784
Normal,1.415818226
Normal,1.415156223
Normal,1.41494754
Normal,1.414921454
Normal,1.413214281
Normal,1.411756699
Normal,1.411370218
Normal,1.411309827
Normal,1.411105694
Normal,1.409137959
Normal,1.408730786
Normal,1.408681001
Normal,1.408416366
Normal,1.408384552
Normal,1.408190667
Normal,1.407810419
Normal,1.40543795
Normal,1.405351496
Normal,1.404414497
Normal,1.403966066
Normal,1.40348562
Normal,1.402101179
Normal,1.402009322
Normal,1.401869114
Normal,1.401822755
Normal,1.401110163
Normal,1.400397706
Normal,1.399579123
Normal,1.399436445
Normal,1.398928769
Normal,1.398835262
Normal,1.398177964
Normal,1.397907037
Normal,1.397773106
Normal,1.397090955
Normal,1.39636931
Normal,1.395271398
Normal,1.395029901
Normal,1.394350238
Normal,1.393892835
Normal,1.393712421
Normal,1.39354885
Normal,1.392554769
Normal,1.392426199
Normal,1.392233619
Normal,1.391203198
Normal,1.39076831
Normal,1.390673693
Outlier,1.390480726
Normal,1.389051252
Normal,1.388940439
Normal,1.388271952
Normal,1.388214584
Normal,1.387606767
Normal,1.387443732
Normal,1.386911705
Normal,1.386057625
Normal,1.385125899
Normal,1.385008549
Normal,1.382746465
Normal,1.382322333
Normal,1.381722309
Normal,1.381710864
Normal,1.381411813
Normal,1.38074719
Normal,1.380283771
Normal,1.380169229
Normal,1.379913011
Normal,1.378884898
Normal,1.378230481
Normal,1.377079535
Normal,1.376708915
Normal,1.376589481
Normal,1.375556308
Normal,1.375537079
Normal,1.372680954
Normal,1.372479224
Normal,1.372298508
Normal,1.370968862
Normal,1.369803544
Normal,1.369389507
Normal,1.369264713
Normal,1.369165727
Normal,1.368839995
Normal,1.368734044
Normal,1.367436235
Normal,1.367258322
Normal,1.366513947
Normal,1.364106449
Normal,1.363926803
Normal,1.363239924
Normal,1.362822942
Normal,1.362665103
Normal,1.362391642
Normal,1.362133379
Normal,1.361317501
Normal,1.361153707
Normal,1.361128371
Normal,1.360735758
Normal,1.360685735
Normal,1.359931203
Normal,1.358397182
Normal,1.358049265
Normal,1.358019412
Normal,1.357320079
Normal,1.357063963
Normal,1.356183452
Normal,1.355531509
Normal,1.355018634
Normal,1.35392342
Normal,1.353786227
Normal,1.353571458
Normal,1.352772155
Normal,1.351508751
Normal,1.3514156
Normal,1.351040631
Normal,1.350193986
Normal,1.34983704
Normal,1.349399007
Normal,1.348893051
Normal,1.347126684
Normal,1.34663418
Normal,1.346109857
Normal,1.346091219
Normal,1.344542175
Normal,1.343841997
Normal,1.34372976
Normal,1.343128373
Normal,1.343024399
Outlier,1.342818718
Normal,1.342409077
Normal,1.341981327
Normal,1.341844196
Normal,1.341527906
Normal,1.341522964
Normal,1.340758481
Normal,1.338579089
Normal,1.338450951
Normal,1.338107451
Normal,1.336959288
Normal,1.336911868
Normal,1.335828613
Normal,1.335819608
Normal,1.335531853
Normal,1.335155367
Normal,1.33510838
Normal,1.33189434
Normal,1.330088823
Normal,1.328684192
Normal,1.328347443
Normal,1.327673345
Normal,1.327160195
Normal,1.326543556
Normal,1.326330372
Normal,1.32627781
Normal,1.325799641
Normal,1.325276575
Normal,1.325028122
Normal,1.325026329
Normal,1.322929523
Normal,1.322793028
Normal,1.322648857
Normal,1.319696721
Normal,1.319344607
Normal,1.315388132
Normal,1.313225121
Normal,1.312857607
Normal,1.312705154
Normal,1.311808546
Normal,1.311568855
Normal,1.311388487
Normal,1.309572023
Normal,1.309174196
Normal,1.307323173
Normal,1.306942159
Normal,1.306115029
Normal,1.305684997
Normal,1.305135025
Normal,1.304921338
Normal,1.303612486
Normal,1.302203699
Normal,1.302040316
Normal,1.301292733
Normal,1.299815069
Normal,1.299391094
Normal,1.298514028
Normal,1.298476462
Normal,1.297390185
Normal,1.297369271
Normal,1.295671519
Normal,1.294893673
Normal,1.294717387
Normal,1.294176834
Normal,1.292882809
Normal,1.292234262
Normal,1.291997498
Normal,1.291782418
Normal,1.291708843
Normal,1.290547792
Normal,1.289632203
Normal,1.288839627
Normal,1.288265322
Normal,1.287839837
Normal,1.287311616
Normal,1.287234213
Normal,1.28599553
Normal,1.285857733
Normal,1.284672943
Normal,1.28434657
Normal,1.283926496
Normal,1.283530803
Normal,1.283440272
Normal,1.281775351
Normal,1.281173548
Normal,1.279923393
Normal,1.279325839
Normal,1.278860963
Normal,1.278056711
Normal,1.27725568
Normal,1.276802694
Normal,1.27584176
Normal,1.274783004
Normal,1.274695398
Normal,1.273807292
Normal,1.272550141
Normal,1.272464808
Normal,1.271941271
Normal,1.271925408
Normal,1.271664169
Normal,1.271563128
Normal,1.2706231
Normal,1.270402407
Normal,1.269762815
Normal,1.268681812
Normal,1.268167894
Normal,1.268121081
Normal,1.267297899
Normal,1.267193435
Normal,1.267110371
Normal,1.267078535
Normal,1.266943654
Normal,1.266825051
Normal,1.266692617
Normal,1.266365302
Normal,1.265206248
Normal,1.265103214
Normal,1.264308527
Normal,1.263298102
Normal,1.263226437
Normal,1.263184699
Normal,1.263145721
Outlier,1.262064731
Normal,1.260817851
Normal,1.260763902
Normal,1.26049997
Normal,1.257824269
Normal,1.257599137
Normal,1.257164308
Normal,1.25633312
Normal,1.25584982
Normal,1.255540283
Normal,1.255033683
Normal,1.253967528
Normal,1.253817013
Normal,1.253243085
Normal,1.252982097
Normal,1.252980711
Normal,1.252815824
Normal,1.252797412
Normal,1.251533917
Normal,1.251068922
Normal,1.250936677
Normal,1.250515653
Normal,1.250314752
Normal,1.249773977
Normal,1.249692082
Normal,1.249487808
Normal,1.249325423
Normal,1.249292369
Normal,1.248868673
Normal,1.24862627
Normal,1.248324723
Normal,1.247407485
Normal,1.247273831
Normal,1.247199187
Normal,1.247132438
Normal,1.246982369
Normal,1.245879774
Normal,1.245512351
Normal,1.245017708
Normal,1.244639937
Normal,1.244303278
Normal,1.244081343
Normal,1.241956584
Normal,1.241137179
Normal,1.239303534
Normal,1.238772622
Normal,1.238598105
Normal,1.238502332
Normal,1.238405624
Normal,1.238288837
Normal,1.237564869
Normal,1.236604141
Normal,1.236448464
Normal,1.236305621
Normal,1.23508605
Normal,1.235018364
Normal,1.234925133
Normal,1.234752465
Normal,1.234723141
Normal,1.234707324
Normal,1.233581505
Normal,1.232807841
Normal,1.231309426
Normal,1.231205573
Normal,1.23003704
Normal,1.228721212
Normal,1.228205418
Normal,1.227634643
Normal,1.226280453
Normal,1.22626189
Normal,1.225085521
Normal,1.22483048
Normal,1.224175826
Normal,1.223762472
Normal,1.223684689
Normal,1.223665585
Normal,1.223398838
Normal,1.223385666
Normal,1.223145719
Normal,1.22258508
Normal,1.22166508
Normal,1.221218295
Normal,1.220484838
Normal,1.218975367
Normal,1.218737011
Normal,1.21754453
Normal,1.217157424
Normal,1.216262789
Normal,1.215986449
Normal,1.215349903
Normal,1.215060207
Normal,1.213758029
Normal,1.21252133
Normal,1.21224522
Normal,1.21073722
Normal,1.210719856
Normal,1.210653761
Normal,1.209682003
Normal,1.209421533
Normal,1.209206937
Normal,1.208694505
Normal,1.208664213
Normal,1.208265664
Normal,1.207017736
Normal,1.20660467
Normal,1.206599459
Normal,1.206163311
Normal,1.205419451
Normal,1.205333614
Normal,1.204303818
Normal,1.203957157
Normal,1.203810387
Normal,1.202322929
Normal,1.202316386
Normal,1.20205047
Normal,1.201344161
Normal,1.200661457
Normal,1.200402695
Normal,1.200230875
Normal,1.199465023
Normal,1.199123837
Normal,1.197891514
Normal,1.197449744
Normal,1.195999878
Normal,1.195961685
Normal,1.19589018
Normal,1.195705953
Normal,1.19560702
Normal,1.195050002
Normal,1.193637037
Normal,1.193574587
Normal,1.193070438
Normal,1.192715293
Normal,1.192588581
Normal,1.192558996
Normal,1.191665539
Normal,1.191378562
Normal,1.189486484
Normal,1.189032366
Normal,1.188634423
Normal,1.188266956
Normal,1.188233204
Normal,1.188018775
Normal,1.187535118
Normal,1.187525282
Normal,1.187515137
Normal,1.187160968
Normal,1.186772231
Normal,1.185928877
Normal,1.185817437
Normal,1.185502544
Normal,1.184840507
Normal,1.184025631
Normal,1.183407033
Normal,1.183396633
Normal,1.183017559
Normal,1.182518475
Normal,1.182397724
Normal,1.182349029
Normal,1.181721787
Normal,1.179010022
Normal,1.178332174
Normal,1.177303811
Normal,1.174945002
Normal,1.173005572
Normal,1.172968184
Normal,1.172717489
Normal,1.169437578
Normal,1.169371239
Normal,1.169192155
Normal,1.167449777
Normal,1.167262074
Normal,1.167220993
Normal,1.166089354
Normal,1.1658849
Normal,1.163874692
Normal,1.163777256
Normal,1.16351514
Normal,1.163122639
Normal,1.1631134
Normal,1.161054664
Normal,1.16035683
Normal,1.160106573
Normal,1.159134731
Normal,1.15721715
Normal,1.157101389
Normal,1.156691811
Normal,1.156430302
Normal,1.156146713
Normal,1.155340084
Normal,1.155205465
Normal,1.155151822
Normal,1.154599609
Normal,1.153834412
Normal,1.15333312
Normal,1.152574306
Normal,1.151547963
Normal,1.151352045
Normal,1.15110811
Normal,1.150301227
Normal,1.149949755
Normal,1.149936114
Normal,1.149462416
Normal,1.148832961
Normal,1.148617088
Normal,1.146914407
Normal,1.146189384
Normal,1.146062031
Normal,1.146021958
Normal,1.145542873
Normal,1.145163433
Normal,1.144795576
Normal,1.144539141
Normal,1.144453877
Normal,1.143464689
Normal,1.143379093
Normal,1.142265288
Normal,1.142182087
Normal,1.141818513
Normal,1.141779903
Normal,1.141662005
Normal,1.141592321
Normal,1.141217027
Normal,1.139852483
Normal,1.139408426
Normal,1.139232331
Normal,1.138007888
Normal,1.137486885
Normal,1.136245005
Normal,1.135428939
Normal,1.135027501
Normal,1.134908935
Normal,1.134821093
Normal,1.133478816
Normal,1.133343517
Normal,1.132015918
Normal,1.131545441
Normal,1.131093144
Normal,1.129859155
Normal,1.129175621
Normal,1.129083721
Normal,1.12861589
Normal,1.12812985
Normal,1.126843167
Normal,1.126642503
Normal,1.126249505
Normal,1.125943868
Normal,1.125858471
Normal,1.125723739
Normal,1.125488022
Normal,1.124632699
Normal,1.122054798
Normal,1.121786306
Normal,1.12169239
Normal,1.121563526
Normal,1.121532926
Normal,1.120669428
Normal,1.119802181
Normal,1.11948737
Normal,1.119137062
Normal,1.118955819
Normal,1.118815419
Normal,1.11834242
Normal,1.118229239
Normal,1.117647531
Normal,1.116891985
Normal,1.116616282
Normal,1.116454235
Normal,1.116405891
Normal,1.116382633
Normal,1.115507916
Normal,1.115334931
Normal,1.1153236
Normal,1.115066961
Normal,1.113787125
Normal,1.113730615
Normal,1.113091809
Normal,1.113058322
Normal,1.112633609
Normal,1.112447057
Normal,1.112072187
Normal,1.112041828
Normal,1.111435273
Normal,1.111052348
Normal,1.110919383
Normal,1.110660712
Normal,1.110099761
Normal,1.108853033
Normal,1.108524704
Normal,1.108390508
Normal,1.108152319
Normal,1.106762041
Normal,1.105414662
Normal,1.10469651
Normal,1.10464428
Normal,1.103968282
Normal,1.102544443
Normal,1.099682225
Normal,1.099574976
Normal,1.099472555
Normal,1.099041773
Normal,1.098524454
Normal,1.09600438
Normal,1.095113369
Normal,1.095011711
Normal,1.094577741
Normal,1.093558876
Normal,1.093485798
Normal,1.092895225
Normal,1.092159994
Normal,1.091726858
Normal,1.091584775
Normal,1.089160561
Normal,1.089123106
Normal,1.08881478
Normal,1.086426636
Normal,1.085405623
Normal,1.085373349
Normal,1.083161697
Normal,1.082850528
Normal,1.080752861
Normal,1.080675208
Normal,1.080426977
Normal,1.080136617
Normal,1.079275847
Normal,1.07791807
Normal,1.077507761
Normal,1.077454167
Normal,1.077260167
Normal,1.077028532
Normal,1.07685449
Normal,1.075212889
Normal,1.074604208
Normal,1.074451519
Normal,1.073499244
Normal,1.073296943
Normal,1.073119805
Normal,1.07076214
Normal,1.069880874
Normal,1.06948554
Normal,1.069184625
Normal,1.068832448
Normal,1.067920829
Normal,1.067692381
Normal,1.067189923
Normal,1.066482518
Normal,1.066304505
Normal,1.066063318
Normal,1.065671784
Normal,1.065393092
Normal,1.064280084
Normal,1.06425218
Normal,1.062772679
Normal,1.062287905
Normal,1.062052401
Normal,1.062011343
Normal,1.061999515
Normal,1.061663316
Normal,1.060515158
Normal,1.060122013
Normal,1.05881542
Normal,1.058553802
Normal,1.057780772
Normal,1.057268285
Normal,1.057186929
Normal,1.057162317
Normal,1.055097184
Normal,1.054265612
Normal,1.053726652
Normal,1.053474146
Normal,1.053246628
Normal,1.053227079
Normal,1.051898044
Normal,1.051387834
Normal,1.051369611
Normal,1.051012902
Normal,1.050957899
Normal,1.050015886
Normal,1.049845782
Normal,1.049676167
Normal,1.049459736
Normal,1.049036805
Normal,1.047673499
Normal,1.047415645
Normal,1.047407097
Normal,1.047389857
Normal,1.047330995
Normal,1.046930175
Normal,1.04623949
Normal,1.046186912
Normal,1.045051006
Normal,1.04489677
Normal,1.043780348
Normal,1.04271921
Normal,1.042706777
Normal,1.042452401
Normal,1.041746015
Normal,1.041599847
Normal,1.041191453
Normal,1.040238754
Normal,1.039856711
Normal,1.03961545
Normal,1.039396773
Normal,1.039395619
Normal,1.038665401
Normal,1.035967411
Normal,1.035572102
Normal,1.035436406
Normal,1.035076304
Normal,1.032294144
Normal,1.031686181
Normal,1.031670993
Normal,1.031513323
Normal,1.031279157
Normal,1.030964463
Normal,1.030483811
Normal,1.030453256
Normal,1.027146434
Normal,1.023251812
Normal,1.02219074
Normal,1.02163046
Normal,1.020752075
Normal,1.02065262
Normal,1.020164012
Normal,1.019956284
Normal,1.019587289
Normal,1.019433561
Normal,1.018402636
Normal,1.017534178
Normal,1.016618943
Normal,1.01155861
Normal,1.01148407
Normal,1.011263841
Normal,1.011160804
Normal,1.010170855
Normal,1.009599592
Normal,1.009481092
Normal,1.009388583
Normal,1.009299055
Normal,1.009240375
Normal,1.009202862
Normal,1.009031472
Normal,1.008895557
Normal,1.008891714
Normal,1.008561021
Normal,1.008264556
Normal,1.007948408
Normal,1.007897237
Normal,1.007894368
Normal,1.007721375
Normal,1.007584162
Normal,1.007571355
Normal,1.007210976
Normal,1.007200759
Normal,1.00712725
Normal,1.006542099
Normal,1.006340823
Normal,1.006338967
Normal,1.006213223
Normal,1.006098264
Normal,1.006093581
Normal,1.005918667
Normal,1.005775744
Normal,1.005300476
Normal,1.005289861
Normal,1.005263375
Normal,1.005197988
Normal,1.00515253
Normal,1.004931903
Normal,1.004533444
Normal,1.004172908
Normal,1.004126833
Normal,1.004080273
Normal,1.003804069
Normal,1.003714981
Normal,1.003630942
Normal,1.003616166
Normal,1.003496718
Normal,1.003308875
Normal,1.003140583
Normal,1.0029029
Normal,1.002838647
Normal,1.002722884
Normal,1.002714335
Normal,1.002644318
Normal,1.002643802
Normal,1.002556874
Normal,1.002394575
Normal,1.002292364
Normal,1.002261567
Outlier,1.002154446
Normal,1.001874314
Normal,1.001585238
Normal,1.001558111
Normal,1.001241349
Normal,1.000735698
Normal,1.000600783
Normal,1.00058511
Normal,1.000507486
Normal,1.000153602
Normal,1.000117149
Normal,1.000006849
Normal,0.999953295
Normal,0.999913119
Normal,0.999769545
Normal,0.999740083
Normal,0.999728883
Normal,0.999699551
Normal,0.999699534
Normal,0.999638234
Normal,0.999570148
Normal,0.999538466
Normal,0.99922316
Normal,0.999073082
Normal,0.998987478
Normal,0.998940694
Normal,0.998879575
Normal,0.998799531
Normal,0.998795879
Normal,0.99874338
Normal,0.998638812
Normal,0.998518233
Normal,0.99827042
Normal,0.998067504
Normal,0.997914496
Normal,0.997878994
Normal,0.997589937
Normal,0.997563218
Normal,0.997488446
Normal,0.997262049
Normal,0.99717203
Normal,0.997170731
Normal,0.99707149
Normal,0.99672709
Normal,0.996676711
Normal,0.996398115
Normal,0.996352874
Normal,0.996338847
Normal,0.996286576
Normal,0.996250513
Normal,0.996249701
Normal,0.996150274
Normal,0.996126954
Normal,0.996061112
Normal,0.995944428
Normal,0.995285545
Normal,0.995270948
Normal,0.994998726
Normal,0.994774019
Normal,0.994625809
Normal,0.994611384
Normal,0.99410683
Normal,0.994082333
Normal,0.994064139
Normal,0.993949678
Normal,0.993837724
Normal,0.993721469
Normal,0.993602734
Normal,0.993434591
Normal,0.993306156
Normal,0.993061138
Normal,0.993020407
Normal,0.992886586
Normal,0.99240125
Normal,0.992148682
Normal,0.991996439
Normal,0.991756539
Normal,0.991614775
Normal,0.991362203
Normal,0.991231015
Normal,0.990764097
Normal,0.990652839
Normal,0.990565243
Normal,0.989929971
Normal,0.989890612
Normal,0.989332791
Normal,0.98904347
Normal,0.988831633
Normal,0.988801047
Normal,0.988800823
Normal,0.9887481
Normal,0.988343633
Normal,0.988329952
Normal,0.988200646
Normal,0.988046
Normal,0.988010449
Normal,0.98781511
Normal,0.986861363
Normal,0.986438068
Normal,0.986327163
Normal,0.985873855
Normal,0.985757273
Normal,0.985698768
Normal,0.985565015
Normal,0.985457414
Normal,0.984973825
Normal,0.984782047
Normal,0.983821748
Normal,0.983011781
Normal,0.981715104
Normal,0.979717437
Normal,0.979378006
Normal,0.978426838
Normal,0.978410547
Normal,0.978199027
Normal,0.977403205
Normal,0.97690922
Normal,0.976768103
Normal,0.976610836
Normal,0.974224448
Normal,0.974034069
Normal,0.97297464
Normal,0.972904384
Normal,0.972256296
Normal,0.971722911
Normal,0.971630808
Normal,0.971593929
Normal,0.97107471
Normal,0.970820053
Normal,0.970266587
Normal,0.969619724
Normal,0.969503838
Normal,0.969444454
Normal,0.969251108
Normal,0.967915665
Normal,0.967782834
Normal,0.966639879
Normal,0.966491821
Normal,0.965479645
Normal,0.965363604
Normal,0.965049836
Normal,0.964360721
Normal,0.964176063
Normal,0.964128242
Normal,0.964071322
Normal,0.963998622
Normal,0.963805499
Normal,0.963497314
Normal,0.963421215
Normal,0.962329748
Normal,0.962248431
Normal,0.961350704
Normal,0.961145209
Normal,0.960671032
Normal,0.960338604
Normal,0.960096532
Normal,0.957401802
Normal,0.956493996
Normal,0.956274824
Normal,0.955513072
Normal,0.954423891
Normal,0.954292268
Normal,0.95420575
Normal,0.954098409
Normal,0.95366374
Normal,0.953211466
Normal,0.952483984
Normal,0.951496485
Normal,0.951467059
Normal,0.951359824
Normal,0.950815004
Normal,0.950512503
Normal,0.950090357
Normal,0.949583608
Normal,0.94917545
Normal,0.949124684
Normal,0.948882169
Normal,0.948721601
Normal,0.948700676
Normal,0.948389478
Normal,0.948368769
Normal,0.94797742
Normal,0.947812657
Normal,0.947719563
Normal,0.946210979
Normal,0.946005436
Normal,0.945279504
Normal,0.945264909
Normal,0.944010359
Normal,0.943355813
Normal,0.942191655
Normal,0.942004606
Normal,0.941853821
Normal,0.94131142
Normal,0.941226067
Normal,0.940573846
Normal,0.940430814
Normal,0.94040052
Normal,0.940347502
Normal,0.94022091
Normal,0.939660131
Normal,0.939121326
Normal,0.938468978
Normal,0.938038889
Normal,0.937610404
Normal,0.937289942
Normal,0.937057812
Normal,0.936781155
Normal,0.936116263
Normal,0.935855484
Normal,0.93565595
Normal,0.935458094
Normal,0.935285247
Normal,0.934425849
Normal,0.934345535
Normal,0.933503052
Normal,0.932835646
Normal,0.932042409
Normal,0.931959337
Normal,0.931924613
Normal,0.931640669
Normal,0.931256955
Outlier,0.929953829
Normal,0.928873765
Normal,0.927838064
Normal,0.927736008
Normal,0.927707576
Normal,0.927637628
Normal,0.927533714
Normal,0.927381992
Normal,0.927002891
Normal,0.926947129
Normal,0.926298735
Normal,0.926115932
Normal,0.926115759
Normal,0.925914775
Normal,0.925774487
Normal,0.925657866
Normal,0.925460469
Normal,0.925320689
Normal,0.92493339
Normal,0.924493446
Normal,0.924485093
Normal,0.92419276
Normal,0.924077952
Normal,0.923691569
Normal,0.922370812
Normal,0.921502301
Normal,0.920899416
Normal,0.920887142
Normal,0.919830054
Normal,0.919410354
Normal,0.919207992
Normal,0.918404259
Normal,0.917524954
Normal,0.916934235
Normal,0.916587376
Normal,0.915853141
Normal,0.915694611
Normal,0.914953598
Normal,0.914476534
Normal,0.91380081
Normal,0.9137918
Normal,0.91330087
Normal,0.912710271
Normal,0.912311511
Normal,0.91211208
Normal,0.911379668
Normal,0.911170598
Normal,0.910352461
Normal,0.910337158
Normal,0.909559702
Normal,0.909322625
Normal,0.908945311
Normal,0.90889982
Normal,0.906487449
Normal,0.906201117
Normal,0.906109044
Normal,0.905819804
Normal,0.904625909
Normal,0.904342559
Normal,0.902206944
Normal,0.902032637
Normal,0.902029906
Normal,0.901663144
Normal,0.90151784
Normal,0.901229457
Normal,0.900806119
Normal,0.900683125
Normal,0.900437747
Normal,0.900038244
Normal,0.899965403
Normal,0.899851614
Normal,0.899677815
Normal,0.899551148
Normal,0.898526855
Normal,0.898517387
Normal,0.898075792
Normal,0.897712533
Normal,0.897170196
Normal,0.896916809
Normal,0.896769113
Normal,0.896210723
Normal,0.895752645
Normal,0.895738841
Normal,0.895440987
Normal,0.894910016
Normal,0.894279235
Normal,0.894111903
Normal,0.89344495
Normal,0.893245671
Normal,0.892072598
Normal,0.891937903
Normal,0.891446488
Normal,0.891279067
Normal,0.890395965
Normal,0.890043811
Normal,0.889750527
Normal,0.889461781
Normal,0.887255628
Normal,0.886886996
Normal,0.88673965
Normal,0.886732548
Normal,0.886007727
Normal,0.885780431
Normal,0.88573954
Normal,0.885180695
Normal,0.884467807
Normal,0.884443027
Normal,0.884321333
Normal,0.88305388
Normal,0.882972264
Normal,0.882743858
Normal,0.882709917
Normal,0.88250144
Normal,0.882340949
Normal,0.882224975
Normal,0.88184669
Normal,0.879511752
Normal,0.879493709
Normal,0.878955952
Normal,0.87850444
Normal,0.878469518
Normal,0.878463538
Normal,0.878350977
Normal,0.877379124
Normal,0.876931195
Normal,0.876802161
Normal,0.875381304
Normal,0.874890803
Normal,0.874772503
Normal,0.873947575
Normal,0.872289722
Normal,0.872133624
Normal,0.871747084
Normal,0.871510757
Normal,0.871488016
Normal,0.871397412
Normal,0.871206367
Normal,0.871178393
Normal,0.870965264
Normal,0.870824981
Normal,0.870429508
Normal,0.869643481
Normal,0.869585962
Normal,0.869481434
Normal,0.86930467
Normal,0.867997321
Normal,0.867891833
Normal,0.867696426
Normal,0.866837468
Normal,0.866743779
Normal,0.865113428
Normal,0.865048045
Normal,0.864358327
Normal,0.862961793
Normal,0.862496137
Normal,0.86217106
Normal,0.861502073
Normal,0.86129837
Normal,0.861031179
Normal,0.860656476
Normal,0.860481774
Normal,0.860029041
Normal,0.859978379
Normal,0.859921691
Normal,0.85954817
Normal,0.859343418
Normal,0.85901339
Normal,0.858068453
Normal,0.857897032
Normal,0.855708109
Normal,0.855548808
Normal,0.854891035
Normal,0.85489003
Normal,0.854166057
Normal,0.85235747
Normal,0.852338632
Normal,0.852113221
Normal,0.851651684
Normal,0.85114864
Normal,0.851133031
Normal,0.850924395
Normal,0.85089383
Normal,0.850793796
Normal,0.850620101
Normal,0.848854111
Normal,0.84846645
Normal,0.848082131
Normal,0.84708878
Normal,0.846902505
Normal,0.846826697
Normal,0.846808324
Normal,0.84628632
Normal,0.845629695
Normal,0.845618965
Normal,0.843601843
Normal,0.843378076
Normal,0.842937075
Normal,0.842531731
Normal,0.841925155
Normal,0.841754506
Normal,0.841523146
Normal,0.840801803
Normal,0.840608583
Normal,0.839994331
Normal,0.839157626
Normal,0.839065336
Normal,0.838640108
Normal,0.83746384
Normal,0.837340691
Normal,0.836436812
Normal,0.835569974
Normal,0.835276324
Normal,0.835170817
Normal,0.835049194
Normal,0.834477671
Normal,0.834125861
Normal,0.833962414
Normal,0.833420922
Normal,0.833367101
Normal,0.831975585
Normal,0.831483966
Normal,0.831483385
Normal,0.831062507
Normal,0.829778728
Normal,0.829489009
Normal,0.829097194
Normal,0.828948977
Normal,0.828551027
Normal,0.82854369
Normal,0.827319458
Normal,0.827161243
Normal,0.82650864
Normal,0.826218347
Normal,0.826142146
Normal,0.825708644
Normal,0.82551235
Normal,0.825355409
Normal,0.824542895
Normal,0.824056888
Normal,0.822053997
Normal,0.821349533
Normal,0.820993637
Normal,0.820599066
Normal,0.819708173
Normal,0.818876735
Normal,0.818622606
Normal,0.81775206
Normal,0.816501693
Normal,0.814948782
Normal,0.814733913
Normal,0.813571313
Normal,0.813488305
Normal,0.812818988
Normal,0.812677678
Normal,0.812581776
Normal,0.811744542
Normal,0.811508464
Normal,0.810983923
Normal,0.810979179
Normal,0.810974377
Normal,0.810958128
Normal,0.810234679
Normal,0.810150747
Normal,0.810032249
Normal,0.809308791
Normal,0.809243034
Normal,0.809157848
Normal,0.807424498
Normal,0.807212924
Normal,0.806822208
Normal,0.806782904
Normal,0.806758969
Normal,0.806109873
Normal,0.804630117
Normal,0.804168474
Normal,0.803886587
Normal,0.803819724
Normal,0.80336915
Normal,0.803069732
Normal,0.80290631
Normal,0.802785019
Normal,0.801058227
Normal,0.800706935
Normal,0.800601247
Normal,0.800233215
Normal,0.800029916
Normal,0.7998971
Normal,0.799080567
Normal,0.798891986
Normal,0.798779949
Normal,0.798612376
Normal,0.798412369
Normal,0.798077605
Normal,0.7973757
Normal,0.797104749
Normal,0.796986983
Normal,0.796622062
Normal,0.796109883
Normal,0.796057969
Normal,0.795841629
Normal,0.795641766
Normal,0.795519313
Normal,0.795503692
Normal,0.794439506
Normal,0.793886042
Normal,0.793868847
Normal,0.793825095
Normal,0.793771383
Normal,0.793443264
Normal,0.79332954
Normal,0.792959153
Normal,0.792526222
Normal,0.792262179
Normal,0.792064845
Normal,0.791496814
Normal,0.791230857
Normal,0.791095027
Normal,0.790868528
Normal,0.790660147
Normal,0.79047524
Normal,0.788350829
Normal,0.787855445
Normal,0.787514537
Normal,0.786948762
Normal,0.786645818
Normal,0.786602254
Normal,0.78621871
Normal,0.78574605
Normal,0.785507504
Normal,0.785045008
Normal,0.784428976
Normal,0.784326713
Normal,0.783842593
Normal,0.783294358
Normal,0.781414818
Normal,0.78115972
Normal,0.77967484
Normal,0.779463697
Normal,0.778682424
Normal,0.778651323
Normal,0.778203053
Normal,0.777773937
Normal,0.777341049
Normal,0.775487137
Normal,0.775053114
Normal,0.774701967
Normal,0.774450346
Normal,0.773672212
Normal,0.773495173
Normal,0.773134416
Normal,0.772912647
Normal,0.772768645
Normal,0.772305798
Normal,0.771405376
Normal,0.771349673
Normal,0.771137027
Normal,0.770937346
Normal,0.770499324
Normal,0.770364378
Normal,0.769765478
Normal,0.769623502
Normal,0.769471458
Normal,0.769385476
Normal,0.769366583
Normal,0.769321778
Normal,0.769018237
Normal,0.768671487
Normal,0.768639556
Normal,0.768077147
Normal,0.767559371
Normal,0.767499644
Normal,0.767203524
Normal,0.767187859
Normal,0.767154497
Normal,0.767048879
Normal,0.766853128
Normal,0.766471942
Normal,0.76640116
Normal,0.765280514
Normal,0.765048344
Normal,0.765007884
Normal,0.764979926
Normal,0.764620016
Normal,0.764286666
Normal,0.764080392
Normal,0.763994825
Normal,0.763769549
Normal,0.763430597
Normal,0.762681943
Normal,0.762540085
Normal,0.761493939
Normal,0.760117254
Normal,0.759983095
Normal,0.759688735
Normal,0.758742975
Normal,0.758673089
Normal,0.758536843
Normal,0.757921205
Normal,0.756582426
Normal,0.755454766
Normal,0.755336642
Normal,0.755099317
Normal,0.754449295
Normal,0.754434935
Normal,0.753513948
Normal,0.753374628
Normal,0.752997387
Normal,0.752683657
Normal,0.752373688
Normal,0.751995204
Normal,0.751778164
Normal,0.75102236
Normal,0.750967401
Normal,0.750864852
Normal,0.750633706
Normal,0.750381967
Normal,0.749988512
Normal,0.749949201
Normal,0.74973169
Normal,0.749728664
Normal,0.749390708
Normal,0.749196089
Normal,0.747782382
Normal,0.747481452
Normal,0.747453612
Normal,0.747266058
Normal,0.747163385
Normal,0.747021746
Normal,0.746811944
Normal,0.746168836
Normal,0.745623021
Normal,0.745566091
Normal,0.74539373
Normal,0.744821269
Normal,0.744362954
Normal,0.742049373
Normal,0.741730918
Normal,0.741561123
Normal,0.74109895
Normal,0.74008359
Normal,0.739960068
Normal,0.739827055
Normal,0.739758116
Normal,0.73969212
Normal,0.739021934
Normal,0.738899414
Normal,0.738502747
Normal,0.738384363
Normal,0.738190031
Normal,0.737822681
Normal,0.737712969
Normal,0.737019709
Normal,0.736652201
Normal,0.736277859
Normal,0.735091434
Normal,0.734926006
Normal,0.734808825
Normal,0.734370882
Normal,0.734328229
Normal,0.733154325
Normal,0.73281383
Normal,0.732129484
Normal,0.731817273
Normal,0.731577825
Normal,0.731480792
Normal,0.730689272
Normal,0.730071317
Normal,0.730000271
Normal,0.729573256
Normal,0.728948679
Normal,0.72845564
Normal,0.728174897
Normal,0.727305978
Normal,0.727247373
Normal,0.727003243
Normal,0.726813697
Normal,0.726621433
Normal,0.726573402
Normal,0.725535212
Normal,0.724459088
Normal,0.723285278
Normal,0.723207283
Normal,0.723138107
Normal,0.722857317
Normal,0.722387806
Normal,0.721936425
Normal,0.721044264
Normal,0.720855687
Normal,0.720835436
Normal,0.720227296
Normal,0.719596253
Normal,0.719492737
Normal,0.718919046
Normal,0.718512044
Normal,0.717702326
Normal,0.716931813
Normal,0.71678277
Normal,0.716775877
Normal,0.716197403
Normal,0.715623376
Normal,0.715177484
Normal,0.714974709
Normal,0.714694323
Normal,0.714329009
Normal,0.713803294
Normal,0.713728541
Normal,0.712999746
Normal,0.712867866
Normal,0.712827691
Normal,0.712401136
Normal,0.712136602
Normal,0.711280289
Normal,0.711077903
Normal,0.710851932
Normal,0.710565588
Normal,0.709803004
Normal,0.709552317
Normal,0.709168368
Normal,0.707222391
Normal,0.706820576
Normal,0.706749944
Normal,0.706681571
Normal,0.706583825
Normal,0.705776833
Normal,0.705709083
Normal,0.705622896
Normal,0.704354668
Normal,0.704109091
Normal,0.703875629
Normal,0.703076138
Normal,0.702818581
Normal,0.702419601
Normal,0.701875028
Normal,0.701521989
Normal,0.701336855
Normal,0.700093764
Normal,0.699844296
Normal,0.699681128
Normal,0.699646929
Normal,0.699201592
Normal,0.699133375
Normal,0.698987516
Normal,0.698347523
Normal,0.697955397
Normal,0.696401562
Normal,0.696262321
Normal,0.695398354
Normal,0.694976812
Normal,0.694767123
Normal,0.694644933
Normal,0.693901403
Normal,0.693822794
Normal,0.693718598
Normal,0.692242992
Normal,0.691895793
Normal,0.691508103
Normal,0.691430875
Normal,0.690717265
Normal,0.690673348
Normal,0.690373625
Normal,0.689263701
Normal,0.689240683
Normal,0.687039859
Normal,0.687021106
Normal,0.687019063
Normal,0.686666958
Normal,0.686625923
Normal,0.686172335
Normal,0.685927482
Normal,0.685792998
Normal,0.685625106
Normal,0.685506288
Normal,0.684754097
Normal,0.684420045
Normal,0.68429949
Normal,0.684075391
Normal,0.68406462
Normal,0.683245538
Normal,0.682146806
Normal,0.681911822
Normal,0.681151042
Normal,0.68033026
Normal,0.680013683
Normal,0.679582855
Normal,0.678660664
Normal,0.678571788
Outlier,0.678189339
Normal,0.677872088
Normal,0.677288228
Normal,0.677274894
Normal,0.677213579
Outlier,0.676885459
Normal,0.676797385
Normal,0.6762776
Normal,0.676224195
Normal,0.67565472
Normal,0.675120015
Normal,0.674918978
Normal,0.674384397
Normal,0.673772181
Normal,0.673652948
Normal,0.672904852
Normal,0.671735618
Normal,0.671341969
Normal,0.671164481
Normal,0.669871275
Normal,0.669575407
Normal,0.668778451
Normal,0.668708463
Normal,0.668553649
Normal,0.668393931
Normal,0.668386641
Normal,0.667943769
Normal,0.66676147
Normal,0.666383697
Normal,0.666229361
Normal,0.665909184
Normal,0.66580184
Normal,0.664646522
Normal,0.664232311
Normal,0.663991671
Normal,0.663399717
Normal,0.662202595
Normal,0.662122889
Normal,0.661087094
Normal,0.661047792
Normal,0.660452575
Normal,0.660386866
Normal,0.659050699
Normal,0.658665005
Normal,0.658106169
Normal,0.657841121
Normal,0.657755798
Normal,0.657554561
Normal,0.656650931
Normal,0.656181707
Normal,0.656124653
Normal,0.655757429
Normal,0.655708679
Normal,0.653959138
Normal,0.652601463
Normal,0.652305774
Normal,0.65183817
Normal,0.651799103
Normal,0.651480561
Normal,0.651388213
Normal,0.649875169
Normal,0.647550102
Normal,0.647545986
Normal,0.647143332
Normal,0.646911034
Normal,0.646770931
Normal,0.646540168
Normal,0.646373776
Normal,0.646270528
Normal,0.645961592
Normal,0.645392585
Outlier,0.645012386
Normal,0.644829502
Normal,0.644826289
Normal,0.644026345
Normal,0.643901132
Normal,0.64389885
Normal,0.643814071
Normal,0.643636805
Normal,0.643395844
Normal,0.643192965
Normal,0.643106533
Normal,0.642886647
Normal,0.642839758
Normal,0.642749789
Normal,0.642323873
Normal,0.642211492
Normal,0.642097536
Normal,0.641778529
Normal,0.641727296
Normal,0.640676436
Normal,0.640550769
Normal,0.640458374
Normal,0.639990604
Normal,0.639491176
Normal,0.639031294
Normal,0.638908793
Normal,0.638221532
Normal,0.63796757
Normal,0.63796682
Normal,0.637154891
Normal,0.636746968
Normal,0.636545661
Normal,0.636245513
Normal,0.635887444
Normal,0.635794225
Normal,0.635644423
Normal,0.634786322
Normal,0.634568051
Normal,0.633744609
Normal,0.633692574
Normal,0.633610989
Normal,0.633222499
Normal,0.632756816
Normal,0.631288145
Normal,0.630782901
Normal,0.630770698
Normal,0.630399628
Normal,0.62969935
Normal,0.62960303
Normal,0.628843048
Normal,0.627803302
Outlier,0.627376614
Normal,0.627291244
Normal,0.627182489
Normal,0.626852923
Normal,0.626670292
Normal,0.626371213
Normal,0.625354841
Normal,0.625227509
Normal,0.624814106
Normal,0.624293737
Normal,0.623735521
Normal,0.623370257
Normal,0.623076187
Normal,0.622975783
Normal,0.622526623
Normal,0.622177535
Normal,0.622165083
Normal,0.621090407
Normal,0.619704016
Normal,0.618679391
Normal,0.617120405
Normal,0.616525641
Outlier,0.616470202
Normal,0.615881885
Normal,0.615558477
Normal,0.614743388
Normal,0.61455744
Normal,0.614002899
Normal,0.613794292
Normal,0.613354984
Normal,0.612134765
Normal,0.611072591
Normal,0.609838725
Normal,0.609391703
Normal,0.608613877
Normal,0.608413218
Normal,0.607948637
Normal,0.607716957
Outlier,0.607345857
Normal,0.607022923
Normal,0.606886619
Normal,0.606810521
Normal,0.606046056
Normal,0.605347094
Normal,0.605290078
Normal,0.604865731
Normal,0.604745953
Normal,0.604513055
Normal,0.603755132
Normal,0.603214844
Normal,0.602369952
Normal,0.602341363
Normal,0.601078263
Normal,0.6008239
Normal,0.600334642
Normal,0.598645776
Normal,0.597683241
Normal,0.596186412
Normal,0.59570702
Normal,0.594426896
Normal,0.593980352
Normal,0.593347058
Normal,0.591499543
Normal,0.59138263
Normal,0.591179616
Normal,0.590543049
Normal,0.589969634
Normal,0.589942523
Normal,0.589032915
Normal,0.588952634
Normal,0.588745778
Normal,0.58819628
Normal,0.587965838
Normal,0.587419086
Normal,0.587194428
Normal,0.586997735
Normal,0.586191144
Normal,0.585565648
Normal,0.585051998
Normal,0.584862619
Normal,0.5846929
Normal,0.583517048
Normal,0.583466941
Normal,0.583442026
Normal,0.583214521
Normal,0.583077907
Normal,0.583073217
Normal,0.582377985
Normal,0.582021912
Normal,0.582020497
Normal,0.581495482
Outlier,0.581321814
Normal,0.580848524
Normal,0.580381075
Normal,0.580120025
Normal,0.578247335
Normal,0.576989989
Normal,0.575156565
Normal,0.574694389
Normal,0.574440653
Normal,0.574283985
Normal,0.57419137
Normal,0.573111581
Normal,0.572870278
Normal,0.572076852
Normal,0.571170388
Normal,0.570977161
Normal,0.570231767
Normal,0.569866721
Normal,0.568752803
Normal,0.568692293
Normal,0.568293381
Normal,0.567603833
Normal,0.567447543
Normal,0.56617685
Normal,0.565656967
Normal,0.565655556
Normal,0.563759692
Normal,0.56375552
Normal,0.563679909
Normal,0.563296954
Normal,0.563197008
Normal,0.563023036
Normal,0.561832928
Normal,0.560838422
Normal,0.560309043
Normal,0.560007357
Normal,0.559901304
Normal,0.559728396
Normal,0.559203597
Normal,0.558466653
Outlier,0.558000344
Normal,0.557806494
Normal,0.557621457
Normal,0.557450892
Normal,0.556951253
Normal,0.556619431
Normal,0.556493768
Normal,0.556088196
Normal,0.555976797
Normal,0.555854861
Normal,0.555792185
Normal,0.555661609
Normal,0.555443869
Normal,0.555155894
Normal,0.553705829
Normal,0.55324309
Normal,0.552830597
Normal,0.552561369
Normal,0.55235444
Normal,0.551303097
Normal,0.551226015
Normal,0.550965269
Normal,0.550915089
Normal,0.550251458
Normal,0.549553524
Normal,0.549297254
Normal,0.547679974
Normal,0.547560989
Normal,0.547323199
Normal,0.547182645
Normal,0.547114377
Normal,0.546116474
Normal,0.545052514
Normal,0.544411407
Normal,0.544368379
Normal,0.544319136
Normal,0.543429182
Normal,0.543221559
Normal,0.542793182
Normal,0.541460066
Normal,0.540596982
Normal,0.540453264
Normal,0.540267279
Normal,0.539038113
Normal,0.538800959
Normal,0.538426298
Normal,0.537149104
Normal,0.537070767
Normal,0.53686515
Normal,0.536819013
Normal,0.536793136
Normal,0.536667768
Normal,0.535338532
Normal,0.534152191
Normal,0.533668891
Normal,0.533551228
Normal,0.533022103
Normal,0.532654198
Normal,0.532488109
Normal,0.532251605
Normal,0.531313892
Normal,0.531152314
Normal,0.530802564
Normal,0.529791663
Normal,0.529765355
Normal,0.529629109
Normal,0.529612848
Normal,0.529367436
Normal,0.528929874
Normal,0.527771611
Normal,0.527211876
Normal,0.526976873
Normal,0.526069404
Normal,0.525044514
Normal,0.52500634
Normal,0.524541034
Normal,0.524377879
Normal,0.524280266
Normal,0.524052176
Normal,0.523580106
Normal,0.523539058
Normal,0.523387344
Normal,0.522707049
Normal,0.522568126
Normal,0.521835043
Normal,0.521713181
Normal,0.521205382
Normal,0.519912614
Normal,0.519410505
Normal,0.51889027
Normal,0.518070091
Normal,0.517921327
Normal,0.517443976
Normal,0.517383933
Normal,0.516965386
Normal,0.51686515
Normal,0.516850052
Normal,0.515447192
Normal,0.51506983
Normal,0.514585716
Normal,0.514437467
Normal,0.512649618
Normal,0.511583679
Normal,0.511148794
Normal,0.510972391
Normal,0.50969926
Normal,0.509658343
Normal,0.508356859
Normal,0.508343168
Normal,0.508258584
Normal,0.506250373
Normal,0.506158389
Normal,0.505709652
Normal,0.505059391
Normal,0.50502708
Normal,0.504941066
Normal,0.504122775
Normal,0.503891811
Normal,0.50383008
Normal,0.502668664
Normal,0.501833105
Normal,0.500806695
Normal,0.500118637
Normal,0.499294205
Normal,0.499040073
Normal,0.497842514
Normal,0.497221498
Normal,0.496007609
Normal,0.495819653
Normal,0.495747055
Normal,0.494885654
Normal,0.494321716
Normal,0.493540477
Normal,0.492610559
Normal,0.492549745
Normal,0.492232807
Normal,0.490706587
Normal,0.490321184
Normal,0.490259158
Normal,0.490248009
Normal,0.489974158
Normal,0.489613664
Normal,0.489455727
Normal,0.488885187
Normal,0.48858441
Normal,0.488275295
Normal,0.487894191
Normal,0.487133828
Normal,0.486694165
Normal,0.486541574
Normal,0.486363492
Normal,0.485569698
Normal,0.485100635
Normal,0.483381439
Normal,0.481872677
Normal,0.480002272
Normal,0.479975047
Normal,0.479206337
Normal,0.479163304
Normal,0.479041855
Normal,0.477723681
Normal,0.477311542
Normal,0.477172203
Normal,0.476689895
Normal,0.475150645
Normal,0.475053366
Normal,0.471602406
Normal,0.471321686
Normal,0.471069587
Normal,0.470889235
Normal,0.470807241
Normal,0.46970664
Normal,0.469703795
Normal,0.469680177
Normal,0.469467382
Normal,0.469416958
Normal,0.469381384
Normal,0.469310165
Normal,0.46924109
Normal,0.469191329
Normal,0.469099006
Normal,0.468763258
Normal,0.468645689
Normal,0.468236078
Normal,0.467469604
Normal,0.467392165
Normal,0.467183044
Normal,0.466770217
Normal,0.466534772
Normal,0.466008087
Normal,0.46598595
Normal,0.465964
Normal,0.465918487
Normal,0.465594035
Normal,0.464733591
Normal,0.464444356
Normal,0.464342249
Normal,0.463893091
Normal,0.462849795
Normal,0.46281847
Normal,0.462040753
Normal,0.460345846
Normal,0.460126306
Normal,0.459573471
Normal,0.458421465
Normal,0.458286662
Normal,0.458202614
Normal,0.457986459
Normal,0.457891651
Normal,0.457629208
Normal,0.457416206
Normal,0.457092339
Normal,0.455128587
Normal,0.454828263
Normal,0.453817442
Normal,0.451926176
Normal,0.451582539
Normal,0.450976295
Normal,0.450850481
Normal,0.450478159
Normal,0.450140716
Normal,0.44979944
Normal,0.449221259
Normal,0.449156754
Normal,0.448687223
Normal,0.448681708
Normal,0.448454697
Normal,0.44825579
Normal,0.446910482
Normal,0.446774339
Normal,0.446277084
Normal,0.446143359
Normal,0.445423347
Normal,0.444361511
Normal,0.444326117
Normal,0.443497543
Normal,0.443207087
Normal,0.441878255
Normal,0.441206444
Normal,0.440900115
Normal,0.439562126
Normal,0.439353751
Normal,0.438694745
Normal,0.437942972
Normal,0.436985983
Normal,0.436696602
Normal,0.436409708
Normal,0.435777061
Normal,0.435224344
Normal,0.435024864
Normal,0.435013011
Normal,0.43474916
Normal,0.43468947
Normal,0.433841608
Normal,0.43331429
Normal,0.433297627
Normal,0.433008998
Normal,0.432393446
Normal,0.432344456
Normal,0.43231716
Normal,0.431186265
Normal,0.429457428
Normal,0.428580295
Normal,0.427616089
Normal,0.427029382
Normal,0.426263618
Normal,0.425107413
Normal,0.423991846
Normal,0.422991285
Normal,0.422400629
Normal,0.421524978
Normal,0.42092557
Normal,0.41929961
Normal,0.418752245
Normal,0.418340166
Outlier,0.416760098
Normal,0.415132374
Normal,0.414962408
Normal,0.414202917
Normal,0.413292802
Normal,0.412818133
Normal,0.412021453
Normal,0.411673744
Normal,0.410954988
Normal,0.410698785
Normal,0.410405044
Normal,0.409437082
Normal,0.407355787
Normal,0.407326965
Normal,0.407116342
Normal,0.406947176
Normal,0.406610383
Normal,0.40629387
Normal,0.406293102
Normal,0.406121447
Normal,0.40557602
Normal,0.405386645
Normal,0.403152178
Normal,0.402254655
Normal,0.400871002
Normal,0.399581158
Normal,0.398465476
Normal,0.398359791
Normal,0.398164725
Normal,0.396130921
Normal,0.395255409
Normal,0.395035501
Normal,0.393795133
Normal,0.392868718
Normal,0.392686222
Normal,0.3926541
Normal,0.390933605
Normal,0.39035507
Normal,0.389810661
Normal,0.389566101
Normal,0.389557158
Normal,0.389305342
Normal,0.389182197
Normal,0.3880182
Normal,0.387981925
Normal,0.384875516
Normal,0.384443724
Normal,0.382138283
Normal,0.381924592
Normal,0.379951082
Normal,0.377640858
Normal,0.374850767
Normal,0.374777466
Normal,0.371177718
Normal,0.370975567
Outlier,0.370382197
Normal,0.369123138
Normal,0.368975207
Normal,0.368410777
Normal,0.368187743
Normal,0.366798308
Normal,0.365939288
Normal,0.365820586
Normal,0.364692056
Normal,0.36167434
Normal,0.361440051
Normal,0.358799335
Normal,0.356277668
Normal,0.355608252
Normal,0.355571549
Normal,0.354151728
Normal,0.352606256
Normal,0.352382807
Normal,0.350798574
Normal,0.349337356
Normal,0.349245881
Normal,0.349142704
Normal,0.348121123
Normal,0.345425302
Normal,0.343116702
Normal,0.342973846
Normal,0.342902785
Normal,0.341393377
Normal,0.340550529
Normal,0.339790419
Normal,0.339515935
Normal,0.338032278
Normal,0.337383844
Normal,0.334871542
Normal,0.333537138
Normal,0.330884865
Normal,0.32859544
Normal,0.327837697
Normal,0.327749014
Normal,0.327059008
Normal,0.32649839
Normal,0.324845335
Normal,0.324727252
Normal,0.323247931
Normal,0.322415071
Normal,0.321909824
Normal,0.319729076
Normal,0.318868592
Normal,0.317591423
Normal,0.315038062
Normal,0.314869294
Normal,0.314473539
Normal,0.312924995
Normal,0.312483072
Normal,0.311740775
Normal,0.309081691
Normal,0.309050055
Normal,0.304156707
Normal,0.300904714
Normal,0.299982715
Normal,0.297136062
Normal,0.296281012
Normal,0.29461474
Normal,0.290548049
Normal,0.289581549
Normal,0.289218417
Normal,0.288935433
Normal,0.288720932
Normal,0.288003826
Normal,0.287532912
Normal,0.287110901
Normal,0.285106058
Normal,0.280525026
Normal,0.279408531
Normal,0.279101068
Normal,0.27826409
Normal,0.275703318
Normal,0.272458155
Normal,0.268437757
Normal,0.267391425
Normal,0.266967531
Normal,0.262210951
Normal,0.261302392
Normal,0.260366665
Normal,0.26035877
Normal,0.258677302
Normal,0.254338604
Normal,0.243613165
Normal,0.243238616
Normal,0.239991131
Normal,0.239336651
Normal,0.235675733
Normal,0.235162043
Normal,0.22940337
Normal,0.227344369
Normal,0.222013826
Normal,0.217206918
Normal,0.216834221
Normal,0.210143799
Normal,0.209076075
Normal,0.206192529
Normal,0.196097334
Normal,0.189930805
Normal,0.188048551
Normal,0.177337578
Normal,0.175825883
Normal,0.173885608
Normal,0.153281719
Normal,0.135810607
Normal,0.13413451
Normal,0.118810076
Normal,0.053742846
Normal,0.036400768
Normal,0
