Outlier,8.774043633
Outlier,7.889800892
Outlier,7.594640648
Outlier,7.510049154
Outlier,6.776972028
Outlier,6.712325719
Outlier,6.398819775
Outlier,6.364626125
Outlier,6.184116062
Outlier,6.11640626
Outlier,6.013466751
Outlier,5.143599741
Outlier,5.119141725
Outlier,4.994679645
Outlier,4.259298858
Normal,4.058580301
Normal,4.039481026
Normal,3.920793785
Normal,3.877292372
Normal,3.821476331
Normal,3.749619232
Normal,3.720189861
Normal,3.680642675
Normal,3.651314591
Normal,3.578756579
Normal,3.574095003
Normal,3.572961716
Normal,3.566587727
Normal,3.552597589
Normal,3.533012637
Normal,3.484635812
Normal,3.410172662
Normal,3.384004226
Normal,3.351714549
Normal,3.33458985
Outlier,3.268679282
Normal,3.256308252
Normal,3.254588221
Normal,3.22689493
Normal,3.190214907
Normal,3.166816499
Outlier,3.156659541
Outlier,3.149220549
Normal,3.148770835
Normal,3.112377238
Outlier,3.110988553
Normal,3.107561605
Normal,3.10463032
Normal,3.073453126
Normal,3.028622215
Normal,3.02377932
Normal,3.004193771
Normal,3.000833874
Normal,2.970213877
Outlier,2.968671732
Normal,2.957352751
Normal,2.952267814
Normal,2.937790462
Normal,2.935132994
Normal,2.933287902
Normal,2.932806752
Normal,2.931371239
Normal,2.920497617
Normal,2.919230502
Normal,2.912423543
Normal,2.895925531
Normal,2.891774927
Outlier,2.884457734
Normal,2.882436638
Normal,2.863652667
Normal,2.839234938
Outlier,2.833169512
Normal,2.826751
Normal,2.82475304
Normal,2.819129033
Normal,2.814418651
Normal,2.804322442
Normal,2.803115061
Normal,2.801071361
Outlier,2.775909392
Normal,2.757089832
Normal,2.743597052
Normal,2.732187891
Normal,2.727986399
Normal,2.726548528
Normal,2.711302485
Outlier,2.706045392
Normal,2.69099126
Normal,2.683256149
Normal,2.654598286
Normal,2.641085942
Normal,2.636168079
Normal,2.634650017
Outlier,2.628714373
Normal,2.627160698
Normal,2.626334874
Normal,2.626248263
Normal,2.625024043
Normal,2.623743915
Normal,2.598111505
Normal,2.596310531
Normal,2.594638635
Normal,2.589665792
Normal,2.576547534
Normal,2.576120722
Normal,2.575963282
Normal,2.57110855
Normal,2.56835735
Normal,2.567342656
Normal,2.554039912
Normal,2.543225013
Normal,2.530485604
Normal,2.512386736
Normal,2.507747036
Normal,2.507018192
Normal,2.506870493
Normal,2.501173864
Normal,2.493306638
Normal,2.490610883
Normal,2.486493235
Normal,2.485817142
Normal,2.476609037
Normal,2.476594646
Normal,2.468171797
Normal,2.459389223
Normal,2.448156384
Outlier,2.44746958
Normal,2.444691284
Outlier,2.442774176
Normal,2.438645308
Normal,2.434490653
Normal,2.433420377
Normal,2.428360445
Normal,2.428296617
Normal,2.421811498
Normal,2.418558906
Normal,2.407928062
Normal,2.407159102
Normal,2.406122239
Normal,2.404309782
Normal,2.40280783
Normal,2.400168836
Normal,2.391531681
Normal,2.390657104
Normal,2.379344725
Normal,2.375496643
Normal,2.375364413
Normal,2.374877611
Normal,2.373907053
Normal,2.372857861
Normal,2.372158058
Normal,2.371218446
Normal,2.369145749
Normal,2.366351781
Normal,2.361552858
Normal,2.361290536
Normal,2.354472708
Normal,2.349563558
Outlier,2.348095448
Normal,2.34792214
Normal,2.346165833
Normal,2.342988266
Normal,2.341244336
Normal,2.340020741
Normal,2.336185255
Normal,2.334966089
Normal,2.33264523
Normal,2.327167427
Normal,2.326708086
Normal,2.324063119
Normal,2.322862736
Normal,2.322412681
Normal,2.318093778
Normal,2.316089883
Normal,2.313963987
Normal,2.312746546
Normal,2.309632017
Normal,2.304069463
Normal,2.294551591
Normal,2.290561924
Normal,2.289097203
Normal,2.28793981
Normal,2.286904927
Normal,2.28679689
Normal,2.285064905
Normal,2.282862911
Normal,2.281890815
Normal,2.2814387
Normal,2.280321769
Normal,2.279680957
Normal,2.276666426
Normal,2.274804271
Normal,2.272261493
Normal,2.268338527
Normal,2.262701857
Normal,2.259970794
Outlier,2.259901779
Normal,2.25986912
Normal,2.257445469
Normal,2.252407756
Normal,2.251646181
Normal,2.251188824
Normal,2.24948959
Normal,2.245503528
Normal,2.241611485
Normal,2.236895082
Normal,2.236138148
Normal,2.235031202
Normal,2.234761441
Normal,2.234048174
Normal,2.226849798
Normal,2.225949205
Normal,2.225414985
Normal,2.223909426
Normal,2.221449655
Normal,2.220625206
Normal,2.215649775
Normal,2.212715612
Normal,2.210340647
Normal,2.192298054
Normal,2.189382252
Normal,2.183179391
Normal,2.181163103
Normal,2.180888228
Normal,2.180462452
Outlier,2.175366811
Normal,2.169339461
Normal,2.169113773
Normal,2.167879739
Normal,2.158633366
Normal,2.157112573
Normal,2.15636765
Normal,2.15241891
Normal,2.150698101
Normal,2.149853014
Normal,2.145249075
Normal,2.144353678
Normal,2.141732354
Normal,2.141708857
Normal,2.140820374
Normal,2.139648563
Normal,2.135080516
Normal,2.134289453
Normal,2.134102434
Normal,2.132295068
Normal,2.131903064
Normal,2.129780135
Normal,2.126798397
Normal,2.126420112
Normal,2.12636123
Normal,2.124772718
Normal,2.122205429
Normal,2.116481982
Normal,2.116419717
Normal,2.116190848
Normal,2.115358888
Normal,2.114938376
Normal,2.111037627
Normal,2.10458099
Normal,2.101224067
Normal,2.097675142
Normal,2.095300866
Normal,2.093767086
Normal,2.092792725
Normal,2.09249322
Normal,2.092210389
Normal,2.090761051
Normal,2.089569341
Normal,2.083809587
Normal,2.083508035
Normal,2.083143475
Normal,2.081907446
Normal,2.081636503
Normal,2.078916749
Normal,2.078114363
Normal,2.077336525
Normal,2.075127989
Normal,2.074500718
Normal,2.072731818
Normal,2.072434562
Normal,2.071656424
Normal,2.070459765
Normal,2.060857609
Normal,2.060251398
Normal,2.05904508
Normal,2.056286342
Normal,2.054977622
Normal,2.052582019
Normal,2.051146996
Outlier,2.045328387
Normal,2.044839597
Normal,2.042667261
Normal,2.041112982
Normal,2.041051963
Normal,2.040511015
Normal,2.039978322
Normal,2.039638006
Normal,2.037414986
Normal,2.033486753
Normal,2.032544843
Normal,2.030536616
Normal,2.027520264
Normal,2.026181952
Normal,2.024230423
Normal,2.023619846
Normal,2.020939373
Normal,2.018363063
Normal,2.014493784
Normal,2.01361329
Normal,2.008110422
Normal,2.007540753
Normal,2.006810952
Normal,2.006770579
Normal,2.006306211
Normal,2.00629764
Normal,2.006276463
Normal,2.00282478
Normal,1.999153803
Normal,1.997148761
Normal,1.996159008
Normal,1.995587227
Normal,1.994878948
Normal,1.994628729
Normal,1.994108039
Normal,1.992101897
Normal,1.991461099
Normal,1.991408644
Normal,1.991392695
Normal,1.988785352
Normal,1.987536764
Normal,1.987199297
Normal,1.986282903
Normal,1.985757671
Normal,1.98542069
Normal,1.983823172
Normal,1.981893205
Normal,1.981437204
Normal,1.980239053
Normal,1.980002794
Normal,1.979600833
Normal,1.979445782
Normal,1.979290942
Normal,1.978247985
Normal,1.977788317
Normal,1.975937737
Normal,1.975650105
Normal,1.975193803
Normal,1.973260189
Normal,1.972869375
Normal,1.971680427
Normal,1.968244144
Normal,1.965935625
Normal,1.96293044
Normal,1.961544058
Normal,1.959691472
Normal,1.958388497
Normal,1.958359087
Normal,1.958223545
Normal,1.958053935
Normal,1.957699933
Normal,1.957332239
Normal,1.956006166
Normal,1.955614535
Normal,1.953968316
Normal,1.952400572
Normal,1.951251431
Normal,1.949865952
Normal,1.94704701
Normal,1.946617881
Normal,1.943980539
Normal,1.942652621
Normal,1.941647278
Normal,1.93809285
Normal,1.935651895
Normal,1.934489544
Normal,1.933486844
Normal,1.932470539
Normal,1.932430252
Normal,1.928308831
Normal,1.924063928
Normal,1.922982642
Normal,1.921454274
Normal,1.920377808
Normal,1.920238597
Normal,1.919750306
Normal,1.918745617
Normal,1.917102213
Normal,1.916198516
Normal,1.914996684
Normal,1.913524916
Normal,1.911256085
Normal,1.91068773
Normal,1.910061358
Normal,1.909029194
Normal,1.908456782
Normal,1.906911853
Normal,1.905917249
Normal,1.905807024
Normal,1.904875634
Normal,1.904754355
Normal,1.903874981
Normal,1.901404104
Normal,1.89986662
Normal,1.897086286
Normal,1.89461089
Normal,1.894079335
Normal,1.892679969
Normal,1.890898033
Normal,1.888472069
Normal,1.887828924
Normal,1.886627551
Normal,1.883813125
Normal,1.88264232
Normal,1.881717609
Normal,1.880558127
Normal,1.879804792
Normal,1.879644228
Normal,1.878472289
Normal,1.87758883
Normal,1.875821113
Normal,1.875251102
Normal,1.874369472
Normal,1.873778298
Normal,1.870624829
Normal,1.87052318
Normal,1.869299283
Normal,1.866601413
Normal,1.86364908
Normal,1.862648036
Normal,1.861155891
Normal,1.859655401
Normal,1.858766588
Normal,1.857409123
Normal,1.856958157
Normal,1.854636472
Normal,1.853967136
Normal,1.853422516
Normal,1.846907934
Normal,1.843798774
Normal,1.839387011
Normal,1.839169436
Normal,1.838350836
Normal,1.838332859
Normal,1.837166373
Normal,1.835647977
Normal,1.833834364
Normal,1.832055867
Normal,1.830646057
Normal,1.829173599
Normal,1.826270054
Normal,1.824593101
Normal,1.823595267
Normal,1.822683053
Normal,1.822343019
Normal,1.821789373
Normal,1.819023621
Normal,1.81859181
Normal,1.815418781
Normal,1.814902294
Normal,1.810285659
Normal,1.810218429
Normal,1.809171149
Normal,1.808523584
Normal,1.807207044
Normal,1.806295398
Normal,1.806187215
Normal,1.803830446
Normal,1.80358287
Normal,1.802037734
Normal,1.801975234
Normal,1.800580578
Normal,1.798523344
Normal,1.797586481
Normal,1.795864637
Normal,1.795004161
Normal,1.794956683
Normal,1.793462881
Normal,1.792328792
Normal,1.791539617
Normal,1.790473313
Normal,1.790192965
Normal,1.789841343
Normal,1.789779435
Normal,1.789011886
Normal,1.78855794
Normal,1.788480572
Normal,1.787746504
Normal,1.786180327
Normal,1.783643445
Normal,1.782850007
Normal,1.782594968
Normal,1.78182951
Normal,1.781150367
Normal,1.780963481
Normal,1.780341152
Normal,1.778922591
Normal,1.778542362
Normal,1.776180729
Normal,1.775947949
Normal,1.775187816
Normal,1.773638894
Normal,1.773606516
Normal,1.772173896
Normal,1.772137777
Normal,1.771863445
Normal,1.771678693
Normal,1.77071997
Normal,1.768549503
Normal,1.767666817
Normal,1.767033558
Normal,1.765556136
Normal,1.765361922
Normal,1.764891511
Normal,1.764644212
Normal,1.763792446
Normal,1.763563033
Normal,1.763504102
Normal,1.760493031
Normal,1.759551363
Normal,1.758625003
Normal,1.758159914
Normal,1.758075022
Normal,1.757767124
Normal,1.757212541
Normal,1.756976146
Normal,1.756171442
Normal,1.754881645
Normal,1.751688241
Normal,1.749664795
Normal,1.749596686
Normal,1.748569569
Normal,1.747358844
Normal,1.747232427
Normal,1.74497495
Normal,1.743318739
Normal,1.74134442
Normal,1.739655352
Normal,1.738695235
Normal,1.73861504
Normal,1.738406521
Normal,1.738160898
Normal,1.737862827
Normal,1.735348102
Normal,1.73312328
Normal,1.733040595
Outlier,1.732468931
Normal,1.729343857
Normal,1.728223737
Normal,1.726989353
Normal,1.726728874
Normal,1.726668729
Normal,1.723469849
Normal,1.722265957
Normal,1.719771269
Normal,1.719707424
Normal,1.719658826
Normal,1.715695753
Normal,1.715207724
Normal,1.713251125
Normal,1.711216127
Normal,1.710853371
Normal,1.710499051
Normal,1.710374955
Normal,1.702935116
Normal,1.702744273
Normal,1.701296799
Normal,1.699421766
Normal,1.697188451
Normal,1.696473842
Normal,1.69625043
Outlier,1.694934426
Normal,1.694340728
Normal,1.69184271
Normal,1.691489001
Normal,1.691037031
Normal,1.690438639
Normal,1.690316771
Normal,1.68973854
Normal,1.689550469
Normal,1.688753316
Normal,1.687350003
Normal,1.686222324
Normal,1.684980703
Normal,1.683370287
Normal,1.682598077
Normal,1.681906721
Normal,1.681249959
Normal,1.681159278
Normal,1.680535735
Normal,1.678927616
Normal,1.678143643
Normal,1.676387343
Normal,1.676179647
Normal,1.675017842
Normal,1.674988368
Normal,1.674693299
Normal,1.674181586
Normal,1.673904849
Normal,1.672250004
Normal,1.672001929
Normal,1.671819042
Normal,1.670148981
Normal,1.66929173
Normal,1.668485992
Normal,1.668452035
Normal,1.667752672
Normal,1.666846013
Normal,1.665592551
Normal,1.665275502
Normal,1.664152336
Normal,1.661647156
Normal,1.661034891
Normal,1.659850703
Normal,1.659585956
Normal,1.659266427
Normal,1.657592908
Normal,1.657152415
Normal,1.656141358
Normal,1.654895763
Normal,1.654770825
Normal,1.652178554
Normal,1.651027948
Normal,1.65036138
Normal,1.650324457
Normal,1.649965548
Normal,1.645853921
Normal,1.64558836
Normal,1.644783749
Normal,1.644577763
Normal,1.644407819
Normal,1.641242631
Normal,1.640976322
Normal,1.638383653
Normal,1.637972976
Normal,1.637790712
Normal,1.637124223
Normal,1.63638453
Normal,1.635012613
Normal,1.634453998
Normal,1.632489099
Normal,1.632031625
Normal,1.630958119
Normal,1.630412541
Normal,1.630337264
Normal,1.630077896
Normal,1.629680868
Normal,1.627790501
Normal,1.626340362
Normal,1.625394158
Normal,1.621718584
Normal,1.620597
Normal,1.620201604
Normal,1.618840899
Normal,1.618628389
Normal,1.618380712
Normal,1.617942144
Normal,1.617828678
Normal,1.617386901
Normal,1.617213698
Normal,1.616667153
Normal,1.615337942
Normal,1.61498057
Normal,1.614974395
Normal,1.614742686
Normal,1.614431492
Normal,1.614139148
Normal,1.613960468
Normal,1.61192038
Normal,1.608572653
Normal,1.608055919
Normal,1.607886727
Normal,1.607841091
Normal,1.607277685
Normal,1.606827413
Normal,1.606409499
Normal,1.606187912
Normal,1.604404582
Normal,1.60218819
Normal,1.602180694
Normal,1.601181886
Normal,1.600462125
Normal,1.600055731
Normal,1.598045033
Normal,1.597628525
Normal,1.59639505
Normal,1.594522669
Normal,1.594175731
Normal,1.594103901
Normal,1.593772633
Normal,1.593592694
Normal,1.592432863
Normal,1.590789571
Normal,1.590787922
Normal,1.585618705
Normal,1.585315106
Normal,1.584866059
Normal,1.583173818
Normal,1.582720854
Normal,1.582672767
Normal,1.581886455
Normal,1.581563774
Normal,1.580156364
Normal,1.579501287
Normal,1.578763878
Normal,1.578157998
Normal,1.575781249
Normal,1.575053595
Normal,1.574560015
Normal,1.573910509
Outlier,1.573765904
Normal,1.572800917
Normal,1.572680233
Outlier,1.572299959
Normal,1.571766376
Normal,1.571718285
Normal,1.570758136
Normal,1.570754582
Normal,1.570284403
Normal,1.569629923
Normal,1.568691883
Normal,1.567952973
Normal,1.566662562
Normal,1.566167894
Normal,1.565368197
Normal,1.563933159
Normal,1.563835616
Normal,1.561717809
Normal,1.561435762
Normal,1.561418351
Normal,1.560503045
Normal,1.559967739
Normal,1.559226742
Normal,1.557931286
Normal,1.557535094
Normal,1.556752356
Normal,1.555600326
Normal,1.554315139
Normal,1.55307226
Normal,1.553071109
Normal,1.552077074
Normal,1.551055345
Normal,1.551006273
Normal,1.549266705
Normal,1.549066443
Normal,1.547578671
Normal,1.547544767
Normal,1.547207897
Normal,1.546253143
Normal,1.546113234
Normal,1.545831411
Normal,1.545492427
Normal,1.544890999
Normal,1.544029282
Normal,1.543784248
Normal,1.542475991
Normal,1.542201264
Normal,1.541989053
Normal,1.541218772
Normal,1.539414759
Normal,1.538164374
Normal,1.536843123
Normal,1.534483888
Normal,1.534328992
Normal,1.533113136
Normal,1.53233816
Normal,1.532098621
Normal,1.53206764
Normal,1.531661466
Normal,1.531353981
Normal,1.530265385
Normal,1.528278686
Normal,1.525907944
Normal,1.525092174
Normal,1.523859903
Normal,1.523616246
Normal,1.52228367
Normal,1.521859361
Normal,1.521731627
Normal,1.521056995
Normal,1.520224936
Normal,1.519591692
Normal,1.519124996
Normal,1.518806626
Normal,1.518424184
Normal,1.51817873
Normal,1.516134677
Normal,1.515737123
Normal,1.515323609
Normal,1.514883107
Normal,1.512770642
Normal,1.512668292
Normal,1.51242384
Normal,1.511362613
Normal,1.510699853
Normal,1.509619114
Normal,1.509537796
Normal,1.509354081
Normal,1.508802019
Normal,1.507316766
Normal,1.505863313
Outlier,1.505774583
Normal,1.505552985
Normal,1.504695429
Normal,1.502643811
Normal,1.502421058
Normal,1.501518378
Normal,1.501490866
Normal,1.500921446
Normal,1.500820578
Normal,1.499768688
Normal,1.499717276
Normal,1.499215382
Normal,1.496625199
Normal,1.496112915
Normal,1.493902476
Normal,1.493646302
Normal,1.490951287
Normal,1.489711436
Normal,1.48886765
Normal,1.488555536
Normal,1.487017691
Normal,1.486919706
Normal,1.483364215
Normal,1.482637659
Normal,1.482161199
Normal,1.481003559
Normal,1.47962971
Normal,1.47907121
Normal,1.478836711
Normal,1.478543021
Normal,1.477726654
Normal,1.476271176
Normal,1.476261619
Normal,1.475919137
Normal,1.474645964
Normal,1.473777097
Normal,1.472540224
Normal,1.471026733
Normal,1.470627305
Normal,1.469173741
Normal,1.46878747
Normal,1.468226781
Normal,1.466529696
Normal,1.466503172
Normal,1.466239089
Normal,1.465419516
Normal,1.462637106
Normal,1.462045881
Normal,1.462011747
Normal,1.461963382
Normal,1.4615282
Normal,1.46132369
Normal,1.460697142
Normal,1.460013743
Normal,1.459464442
Normal,1.459392117
Normal,1.458558737
Normal,1.457139817
Normal,1.456303829
Normal,1.456290762
Normal,1.45599319
Normal,1.454999607
Normal,1.451960526
Normal,1.45169044
Normal,1.448691044
Normal,1.44768449
Normal,1.447488082
Normal,1.445944526
Normal,1.445935741
Normal,1.445247695
Normal,1.444424327
Normal,1.443888554
Normal,1.443600402
Normal,1.443433681
Normal,1.442718033
Normal,1.44255706
Normal,1.442336535
Normal,1.441326143
Normal,1.441234917
Normal,1.441152019
Normal,1.439545379
Normal,1.439482646
Normal,1.439360004
Normal,1.43920356
Normal,1.437350897
Normal,1.43698535
Normal,1.436824249
Normal,1.435841117
Normal,1.434826162
Normal,1.434507948
Normal,1.434366243
Normal,1.433042653
Normal,1.432965631
Normal,1.432956834
Normal,1.43208548
Normal,1.430842057
Normal,1.42956924
Normal,1.428839102
Normal,1.428388051
Normal,1.427553471
Normal,1.425226817
Normal,1.425123198
Normal,1.42441072
Normal,1.423488105
Normal,1.422872229
Normal,1.422818701
Normal,1.422349014
Normal,1.421964781
Normal,1.421263399
Normal,1.420796035
Normal,1.420423756
Normal,1.419682341
Normal,1.419424463
Normal,1.418905974
Normal,1.418795948
Normal,1.416814336
Normal,1.4162706
Normal,1.41569926
Normal,1.415286699
Normal,1.415233504
Normal,1.414316544
Normal,1.413691933
Normal,1.413572128
Normal,1.413562873
Normal,1.412699998
Normal,1.411718865
Normal,1.410060297
Normal,1.409525662
Normal,1.40938502
Normal,1.409235765
Normal,1.408920516
Normal,1.408602304
Normal,1.408021232
Normal,1.407998784
Normal,1.406791351
Normal,1.406756924
Normal,1.405955208
Normal,1.404377642
Normal,1.404280842
Normal,1.404219859
Normal,1.403984118
Normal,1.403229028
Normal,1.403041767
Normal,1.402690851
Normal,1.402613492
Normal,1.402255839
Normal,1.401850448
Normal,1.400872817
Normal,1.400455555
Normal,1.400170113
Normal,1.398832594
Normal,1.398412116
Normal,1.397120118
Normal,1.395637473
Normal,1.394745162
Normal,1.394468599
Normal,1.393913395
Normal,1.393674802
Normal,1.393462664
Normal,1.393199903
Normal,1.392987661
Normal,1.392045261
Normal,1.391987605
Normal,1.391127483
Normal,1.390824494
Normal,1.389796395
Normal,1.389402261
Normal,1.388693349
Normal,1.387961195
Normal,1.38791315
Normal,1.387642656
Normal,1.387598342
Normal,1.387530957
Normal,1.386922976
Normal,1.386800841
Normal,1.385708333
Normal,1.385424353
Normal,1.384513294
Normal,1.383894262
Normal,1.378529111
Normal,1.378284852
Normal,1.378209148
Normal,1.378154539
Normal,1.377917118
Normal,1.377580859
Normal,1.377440752
Normal,1.375593461
Normal,1.373943712
Normal,1.371603559
Normal,1.370358718
Normal,1.36990039
Normal,1.368131525
Normal,1.367734134
Normal,1.367372672
Normal,1.367059201
Normal,1.36683542
Normal,1.366136797
Normal,1.366066386
Normal,1.36539465
Normal,1.362808647
Normal,1.361919687
Normal,1.357651143
Normal,1.357602055
Normal,1.357571368
Normal,1.357408859
Normal,1.357220595
Normal,1.356815418
Normal,1.35673147
Normal,1.356219039
Normal,1.355976131
Normal,1.354879552
Normal,1.353603238
Normal,1.353540002
Normal,1.35332366
Normal,1.352607168
Normal,1.35232573
Normal,1.350771543
Normal,1.350464223
Normal,1.349417615
Normal,1.348796946
Normal,1.348640459
Normal,1.348282539
Normal,1.347957402
Normal,1.347459819
Normal,1.34629355
Normal,1.346130797
Normal,1.345322217
Normal,1.345201122
Normal,1.344986309
Normal,1.344788448
Normal,1.344608794
Normal,1.344263304
Normal,1.344039879
Normal,1.343970171
Normal,1.342180182
Normal,1.341361149
Normal,1.341176122
Normal,1.339122405
Normal,1.339045655
Normal,1.33890311
Normal,1.338794223
Normal,1.338679174
Normal,1.338239759
Normal,1.338086795
Normal,1.3374928
Normal,1.337204006
Normal,1.336522807
Normal,1.336459147
Normal,1.336396735
Normal,1.336140616
Normal,1.336021314
Normal,1.335754005
Normal,1.335253096
Normal,1.335221666
Normal,1.334967156
Normal,1.334670058
Normal,1.334261449
Normal,1.334247609
Normal,1.332808243
Normal,1.331989722
Normal,1.329515996
Normal,1.32924002
Normal,1.328315474
Normal,1.328196677
Normal,1.328171989
Normal,1.32762164
Normal,1.324689405
Normal,1.322844336
Normal,1.322644462
Normal,1.322339493
Normal,1.321627108
Normal,1.321344269
Normal,1.320884454
Normal,1.319709571
Normal,1.319465946
Normal,1.318900957
Normal,1.317977211
Normal,1.317930942
Normal,1.317847161
Normal,1.31765598
Normal,1.317064168
Normal,1.316499329
Normal,1.315877437
Normal,1.315825334
Normal,1.315674349
Normal,1.31561703
Normal,1.315139865
Normal,1.314655125
Normal,1.313068788
Normal,1.312861476
Normal,1.312309105
Normal,1.312256662
Normal,1.312041918
Normal,1.311952401
Normal,1.311735457
Normal,1.311668655
Normal,1.31037886
Normal,1.309958839
Normal,1.309430588
Normal,1.308942548
Normal,1.308786736
Normal,1.308573761
Normal,1.30792749
Normal,1.307014845
Normal,1.306862625
Normal,1.306643563
Normal,1.306548632
Normal,1.306087582
Normal,1.305529263
Normal,1.305338512
Normal,1.30465718
Normal,1.304276796
Normal,1.303996479
Normal,1.3033983
Normal,1.302383299
Normal,1.301657383
Normal,1.300559259
Normal,1.300451945
Normal,1.30024706
Normal,1.29888514
Normal,1.298209968
Normal,1.297926906
Normal,1.297860775
Normal,1.297812042
Normal,1.297486754
Normal,1.296904104
Normal,1.295941498
Normal,1.295409695
Normal,1.295182426
Normal,1.29452228
Normal,1.294214903
Normal,1.293070792
Normal,1.292720378
Normal,1.291164099
Normal,1.290496879
Normal,1.290402667
Normal,1.290182054
Normal,1.289983783
Normal,1.28994503
Normal,1.28847023
Normal,1.288221549
Normal,1.287590604
Normal,1.28708103
Normal,1.286883662
Normal,1.286701415
Normal,1.284681706
Normal,1.284160405
Normal,1.284058857
Normal,1.283409643
Normal,1.282581895
Normal,1.282040897
Normal,1.281341152
Normal,1.28111012
Normal,1.280239564
Normal,1.278996746
Normal,1.278422898
Normal,1.27801263
Normal,1.277572725
Normal,1.27745334
Normal,1.277215875
Normal,1.277187162
Normal,1.275501519
Normal,1.274799388
Normal,1.274138904
Normal,1.27385224
Normal,1.272661562
Normal,1.27252872
Normal,1.271971778
Normal,1.271700623
Normal,1.271130026
Normal,1.270956701
Normal,1.270943022
Normal,1.269983476
Normal,1.269642935
Normal,1.269440871
Normal,1.269251532
Normal,1.268501777
Normal,1.268057189
Normal,1.26802456
Normal,1.267768921
Normal,1.265986494
Normal,1.265655369
Normal,1.265451021
Normal,1.26488542
Normal,1.264453982
Normal,1.263925753
Normal,1.263759878
Normal,1.263639639
Normal,1.262054483
Normal,1.262029987
Normal,1.261571145
Normal,1.261231985
Normal,1.261156645
Normal,1.259628972
Normal,1.259205258
Normal,1.258968362
Normal,1.257989017
Normal,1.257835798
Normal,1.257788789
Normal,1.257324167
Normal,1.256646263
Normal,1.25642407
Normal,1.25614839
Normal,1.255569659
Normal,1.255151033
Normal,1.255122742
Normal,1.254677645
Normal,1.252810957
Normal,1.252342298
Normal,1.252266741
Normal,1.251790924
Normal,1.25120637
Normal,1.250377832
Normal,1.250201834
Normal,1.250194516
Normal,1.250111841
Normal,1.248925702
Normal,1.248328844
Normal,1.247978339
Normal,1.247948039
Normal,1.24777338
Normal,1.246969059
Normal,1.246542379
Normal,1.246435445
Normal,1.24627533
Normal,1.246231497
Normal,1.245304298
Normal,1.244844137
Normal,1.244775481
Normal,1.244299568
Normal,1.243466464
Normal,1.242137037
Normal,1.241768462
Normal,1.241661465
Normal,1.241585927
Normal,1.241104197
Normal,1.240784466
Normal,1.2397663
Normal,1.237711673
Normal,1.236289438
Normal,1.23609678
Normal,1.235959653
Normal,1.235936194
Normal,1.235903992
Normal,1.235732279
Normal,1.235644278
Normal,1.235428042
Normal,1.234625596
Normal,1.234102817
Normal,1.233601778
Normal,1.233593756
Normal,1.233263961
Normal,1.231349792
Normal,1.231244874
Normal,1.229483507
Normal,1.229452656
Normal,1.228862251
Normal,1.228831469
Normal,1.228778979
Normal,1.228429623
Normal,1.227572072
Normal,1.22697581
Normal,1.226766308
Normal,1.226462954
Normal,1.225981104
Normal,1.225888761
Normal,1.225684427
Normal,1.225474866
Normal,1.224086891
Normal,1.223097596
Normal,1.222538084
Normal,1.221217641
Normal,1.220993287
Normal,1.220849474
Normal,1.219928673
Normal,1.219886252
Normal,1.219337432
Normal,1.219091725
Normal,1.21785594
Normal,1.217601276
Normal,1.217292834
Normal,1.215052877
Normal,1.214843652
Normal,1.214391499
Normal,1.213319365
Normal,1.211620285
Normal,1.211505356
Normal,1.211037289
Normal,1.210635113
Normal,1.210019369
Normal,1.209683767
Normal,1.208970224
Normal,1.208286777
Normal,1.207325509
Normal,1.206561565
Normal,1.205890317
Normal,1.20477948
Normal,1.204558407
Normal,1.203720609
Normal,1.203130996
Normal,1.202876911
Normal,1.20287339
Normal,1.202359322
Normal,1.202352465
Normal,1.20209822
Normal,1.201505672
Normal,1.19915529
Normal,1.198357589
Normal,1.197683835
Normal,1.197633726
Normal,1.195382249
Normal,1.194966614
Normal,1.194936117
Normal,1.193533842
Normal,1.193214278
Normal,1.193009351
Normal,1.192964691
Normal,1.192505722
Normal,1.192364454
Normal,1.192351871
Normal,1.192193724
Normal,1.191968847
Normal,1.191680856
Normal,1.191323912
Normal,1.190598659
Normal,1.190437611
Normal,1.188954436
Normal,1.188358859
Normal,1.188044409
Normal,1.186680732
Normal,1.186101383
Normal,1.185236344
Normal,1.184939292
Normal,1.184121655
Normal,1.183441194
Normal,1.182587088
Normal,1.182163825
Normal,1.182052284
Normal,1.181952822
Normal,1.181384142
Normal,1.181347168
Normal,1.18002594
Normal,1.179368757
Normal,1.178256647
Normal,1.177773944
Normal,1.177075992
Normal,1.176981223
Normal,1.176401435
Normal,1.176196656
Normal,1.17521052
Normal,1.175123155
Normal,1.174341276
Normal,1.173909174
Normal,1.173742164
Normal,1.173320841
Normal,1.171860477
Normal,1.171792102
Normal,1.171001043
Normal,1.170533577
Normal,1.170482015
Normal,1.168668726
Normal,1.165848302
Normal,1.165614626
Normal,1.165584584
Normal,1.164569403
Normal,1.16393144
Normal,1.163589469
Normal,1.162890727
Normal,1.162765549
Normal,1.162130222
Normal,1.161953131
Normal,1.16194535
Normal,1.161715587
Normal,1.159746026
Normal,1.158648175
Normal,1.157931058
Normal,1.156856356
Normal,1.156339658
Normal,1.155645418
Normal,1.153390812
Normal,1.152524383
Normal,1.151823495
Normal,1.150079051
Normal,1.148740689
Normal,1.148139738
Normal,1.147387023
Normal,1.146157434
Normal,1.144457096
Normal,1.142554758
Normal,1.142137899
Normal,1.141846738
Normal,1.141301805
Normal,1.139005044
Normal,1.138848513
Normal,1.138620038
Normal,1.138173234
Normal,1.135276227
Normal,1.132300804
Normal,1.132214309
Normal,1.130749278
Normal,1.130542481
Normal,1.13015505
Normal,1.130131354
Normal,1.129713722
Normal,1.128604414
Normal,1.127389865
Normal,1.126725267
Normal,1.126279608
Normal,1.126089151
Normal,1.124106134
Normal,1.123881544
Normal,1.123262899
Normal,1.12305581
Normal,1.122418753
Normal,1.122232796
Normal,1.120717181
Normal,1.119434475
Normal,1.119409861
Normal,1.118648264
Normal,1.117849004
Normal,1.116792817
Normal,1.115982826
Normal,1.115706775
Normal,1.115700813
Normal,1.115693557
Normal,1.114418902
Normal,1.113865592
Normal,1.113153861
Normal,1.112949573
Normal,1.11289669
Normal,1.112602644
Normal,1.111680759
Normal,1.111606416
Normal,1.111050156
Normal,1.110011659
Normal,1.109884321
Normal,1.108625262
Normal,1.107674997
Normal,1.107026768
Normal,1.10613894
Normal,1.105994344
Normal,1.105115292
Normal,1.10363849
Normal,1.10337306
Normal,1.103244185
Normal,1.102808055
Normal,1.102636628
Normal,1.102538276
Normal,1.101619498
Normal,1.100884908
Normal,1.100868918
Normal,1.100671551
Normal,1.098865563
Normal,1.09863037
Normal,1.09846773
Normal,1.097801779
Normal,1.097138936
Normal,1.095111817
Normal,1.093254431
Normal,1.092833406
Normal,1.092272063
Normal,1.09142194
Normal,1.090989343
Normal,1.090946254
Normal,1.088316762
Normal,1.087504806
Normal,1.087295978
Normal,1.087058513
Normal,1.086662492
Normal,1.085338583
Normal,1.084377924
Normal,1.083736564
Normal,1.083665831
Normal,1.083603976
Normal,1.083423826
Normal,1.082893173
Normal,1.081110356
Normal,1.080251789
Normal,1.079049304
Normal,1.077976667
Normal,1.075605467
Normal,1.07542961
Normal,1.075097177
Normal,1.073788258
Normal,1.073773313
Normal,1.073686694
Normal,1.073496125
Normal,1.073210124
Normal,1.072821995
Normal,1.072813298
Normal,1.072778321
Normal,1.072639777
Normal,1.07063149
Normal,1.070538782
Normal,1.069566086
Normal,1.069412987
Normal,1.069151717
Normal,1.068590325
Normal,1.068384968
Normal,1.068194188
Normal,1.067591184
Normal,1.065987093
Normal,1.065225513
Normal,1.0639713
Normal,1.063663039
Normal,1.063618345
Normal,1.063460723
Normal,1.063385494
Normal,1.063372524
Normal,1.063177929
Normal,1.063114581
Normal,1.061806579
Normal,1.061467658
Normal,1.061408719
Normal,1.061150618
Normal,1.061070921
Normal,1.058073497
Normal,1.058065814
Normal,1.05709632
Normal,1.056509963
Normal,1.0560053
Normal,1.055694435
Normal,1.055351162
Normal,1.05470083
Normal,1.054660723
Normal,1.053738319
Normal,1.052856896
Normal,1.052278466
Normal,1.052153336
Normal,1.051686097
Normal,1.050955192
Normal,1.050759585
Outlier,1.050609271
Normal,1.048576027
Normal,1.048478797
Normal,1.047011436
Normal,1.046287853
Normal,1.045160523
Normal,1.044357412
Normal,1.044175056
Normal,1.043804999
Normal,1.043776621
Normal,1.041676287
Normal,1.040481393
Normal,1.039705392
Normal,1.039065761
Normal,1.037060743
Normal,1.035484756
Normal,1.03528479
Normal,1.035040299
Normal,1.034054735
Normal,1.031780888
Normal,1.031698691
Normal,1.031022958
Normal,1.030576663
Normal,1.026605246
Normal,1.026379953
Normal,1.024043782
Normal,1.023946111
Normal,1.023910818
Normal,1.023897692
Normal,1.023674187
Normal,1.02356625
Normal,1.021608935
Normal,1.021097091
Normal,1.020352385
Normal,1.020317139
Normal,1.019868037
Normal,1.019615115
Normal,1.017540485
Normal,1.017303297
Normal,1.016765063
Normal,1.016476195
Normal,1.016306588
Normal,1.015016459
Normal,1.012736659
Normal,1.012500918
Normal,1.012147388
Normal,1.012031523
Normal,1.011713223
Normal,1.011551721
Normal,1.010636023
Normal,1.010630284
Outlier,1.010620526
Normal,1.010480969
Normal,1.010115445
Normal,1.009990452
Normal,1.009923656
Normal,1.009273218
Normal,1.008930379
Normal,1.008185594
Normal,1.007871508
Normal,1.007653266
Normal,1.007346956
Normal,1.004575601
Normal,1.004292216
Normal,1.004249575
Normal,1.003443059
Normal,1.003108248
Normal,1.002774086
Normal,1.002711726
Normal,1.002280465
Normal,1.002024719
Normal,1.0002363
Normal,0.999948756
Normal,0.999586059
Normal,0.999397811
Normal,0.99923237
Normal,0.999043994
Normal,0.999043653
Normal,0.998993648
Normal,0.99824722
Normal,0.99759652
Normal,0.997338275
Normal,0.997039101
Normal,0.996800335
Normal,0.99634949
Normal,0.995998257
Normal,0.995619771
Normal,0.99486188
Normal,0.994584563
Normal,0.993933078
Normal,0.993875247
Normal,0.993861962
Normal,0.993686017
Normal,0.992460564
Normal,0.992322566
Normal,0.99221802
Normal,0.992138469
Normal,0.991883663
Normal,0.9910882
Normal,0.990744464
Normal,0.990394147
Normal,0.989264715
Normal,0.989128422
Normal,0.988666526
Normal,0.988641334
Normal,0.988443296
Normal,0.987414867
Normal,0.987255218
Normal,0.98661379
Normal,0.984995931
Normal,0.984930811
Normal,0.984593691
Normal,0.983726665
Normal,0.983508512
Normal,0.983143597
Normal,0.982335414
Normal,0.982142362
Normal,0.981505342
Normal,0.981279391
Normal,0.980640405
Normal,0.980471965
Normal,0.979988021
Normal,0.979905016
Normal,0.979255534
Normal,0.978120765
Normal,0.977623171
Outlier,0.976950066
Normal,0.976352924
Normal,0.975832468
Normal,0.975693371
Normal,0.974893501
Normal,0.974759732
Normal,0.97426952
Normal,0.973966365
Normal,0.97325682
Normal,0.971283527
Normal,0.970570006
Normal,0.969639402
Normal,0.969441708
Normal,0.969318564
Normal,0.968823569
Normal,0.968541706
Normal,0.968371547
Normal,0.96772711
Normal,0.967197374
Normal,0.966946013
Normal,0.966930736
Normal,0.966055809
Normal,0.96575123
Normal,0.965435779
Normal,0.964307878
Normal,0.963422004
Normal,0.963142916
Normal,0.961824214
Normal,0.961625564
Normal,0.961590489
Normal,0.961455827
Normal,0.960879925
Normal,0.960058808
Normal,0.959943189
Normal,0.959526264
Normal,0.959335919
Normal,0.958469674
Normal,0.95843565
Normal,0.957222695
Normal,0.956993921
Normal,0.956704662
Normal,0.95497262
Normal,0.95447798
Normal,0.953945662
Normal,0.95331837
Normal,0.952243221
Normal,0.95122263
Normal,0.950358034
Normal,0.950249691
Normal,0.950233338
Normal,0.950136252
Normal,0.949774572
Outlier,0.949721522
Normal,0.949112748
Normal,0.949032539
Normal,0.947637709
Normal,0.947603174
Normal,0.947546852
Normal,0.947517821
Normal,0.946299954
Normal,0.943968835
Normal,0.942923518
Normal,0.942438628
Normal,0.941194019
Normal,0.941017904
Normal,0.940479675
Normal,0.940234492
Normal,0.939673503
Normal,0.939072514
Normal,0.938964457
Normal,0.93892127
Normal,0.93871187
Normal,0.938184928
Normal,0.938087845
Normal,0.938071534
Normal,0.937816093
Normal,0.937781535
Normal,0.936626793
Normal,0.93648269
Normal,0.934900456
Normal,0.934246192
Normal,0.934028324
Normal,0.932575265
Normal,0.93255301
Normal,0.931684537
Normal,0.931307225
Normal,0.931007712
Normal,0.930930715
Normal,0.930646302
Normal,0.930478749
Normal,0.930393225
Normal,0.929760302
Normal,0.92956127
Normal,0.928607112
Normal,0.927818818
Normal,0.927712614
Normal,0.927395285
Normal,0.926246244
Normal,0.925287546
Outlier,0.924895007
Normal,0.924857287
Normal,0.924760361
Normal,0.924177536
Normal,0.924024618
Normal,0.923955293
Normal,0.923793776
Normal,0.923676293
Normal,0.923673928
Normal,0.923652728
Normal,0.922995001
Normal,0.922456134
Normal,0.921770873
Normal,0.921322206
Normal,0.920763779
Normal,0.920702402
Normal,0.919672456
Normal,0.919607974
Normal,0.918206538
Normal,0.917223094
Normal,0.91643967
Normal,0.915880075
Normal,0.915467978
Normal,0.91507754
Normal,0.915038757
Normal,0.914779996
Normal,0.914224844
Normal,0.913497511
Normal,0.913154952
Normal,0.912487334
Normal,0.912177945
Normal,0.911980024
Normal,0.910487535
Normal,0.910333203
Normal,0.910007429
Normal,0.908656886
Normal,0.908027565
Normal,0.907163372
Normal,0.906697785
Normal,0.906678258
Normal,0.905811584
Normal,0.905768355
Normal,0.905201764
Normal,0.90402715
Normal,0.902125667
Normal,0.901470408
Normal,0.901396757
Normal,0.900842693
Normal,0.90076317
Normal,0.900736298
Normal,0.900057497
Normal,0.899500608
Normal,0.897985475
Normal,0.897538354
Normal,0.896801393
Normal,0.896392282
Normal,0.896078635
Normal,0.89504166
Normal,0.894815842
Normal,0.894705951
Normal,0.893193412
Normal,0.892863548
Normal,0.891973763
Normal,0.89184981
Normal,0.888921897
Normal,0.888261433
Normal,0.888057441
Normal,0.888040155
Normal,0.887608108
Normal,0.88740381
Normal,0.887272432
Normal,0.887159129
Normal,0.886635895
Normal,0.8865391
Normal,0.886490561
Normal,0.886142297
Normal,0.885667917
Normal,0.885313539
Normal,0.885289682
Normal,0.883961274
Normal,0.883595156
Normal,0.883317022
Normal,0.883207423
Normal,0.881905422
Normal,0.881602774
Normal,0.881557756
Normal,0.881535388
Normal,0.880522505
Normal,0.879753525
Normal,0.879740021
Normal,0.879647953
Normal,0.879226361
Normal,0.878352558
Normal,0.877551147
Normal,0.877062674
Normal,0.877009537
Normal,0.876615672
Normal,0.876366566
Normal,0.875415386
Normal,0.875321045
Normal,0.875180865
Normal,0.875145242
Normal,0.87498118
Normal,0.874951859
Normal,0.874921414
Normal,0.874602322
Normal,0.874452537
Normal,0.874372456
Normal,0.873928914
Normal,0.873818899
Normal,0.873174502
Normal,0.87293917
Normal,0.872867752
Normal,0.872491253
Normal,0.870419022
Normal,0.869677673
Normal,0.869389318
Normal,0.8693145
Normal,0.868338872
Normal,0.866820621
Normal,0.864342081
Normal,0.864213502
Normal,0.86314518
Normal,0.862405743
Normal,0.862391856
Normal,0.862244104
Normal,0.861458735
Normal,0.861173031
Normal,0.861154706
Normal,0.860640589
Normal,0.860515348
Normal,0.860267296
Normal,0.858024083
Normal,0.858022602
Normal,0.858015085
Normal,0.857870819
Normal,0.857730906
Normal,0.857690578
Normal,0.855976091
Normal,0.855670011
Normal,0.854589099
Normal,0.85386473
Normal,0.853162161
Normal,0.852826787
Normal,0.852769637
Normal,0.852420238
Normal,0.851810612
Normal,0.851798284
Normal,0.851745297
Normal,0.851622015
Normal,0.850719379
Normal,0.850463361
Normal,0.850159514
Normal,0.849209263
Normal,0.849041814
Normal,0.848676253
Normal,0.848655134
Normal,0.848108237
Normal,0.846735886
Normal,0.846492546
Normal,0.84567479
Normal,0.845029175
Normal,0.84384825
Normal,0.843504134
Normal,0.842745461
Normal,0.842393256
Normal,0.842296203
Normal,0.842124257
Normal,0.841848826
Normal,0.840527816
Normal,0.840229831
Normal,0.840133347
Normal,0.839809831
Normal,0.83964844
Normal,0.83864437
Normal,0.838620788
Normal,0.837431375
Normal,0.836787554
Normal,0.836627731
Normal,0.836573369
Normal,0.836266672
Normal,0.835857291
Normal,0.835786225
Normal,0.835756015
Normal,0.835593733
Normal,0.834880423
Normal,0.834874359
Normal,0.834431916
Normal,0.834283343
Normal,0.832487659
Normal,0.83168447
Normal,0.831567519
Normal,0.830983042
Normal,0.829726262
Normal,0.829432271
Normal,0.829209487
Normal,0.829200625
Normal,0.829187326
Normal,0.829159562
Normal,0.829054975
Normal,0.828964191
Normal,0.826553423
Normal,0.826242578
Normal,0.826228536
Normal,0.825538635
Normal,0.825344672
Normal,0.824643728
Normal,0.824285564
Normal,0.824123059
Normal,0.823905784
Normal,0.823501868
Normal,0.823462271
Normal,0.823459512
Normal,0.823093286
Normal,0.822509996
Normal,0.821001729
Normal,0.820819814
Normal,0.820201604
Normal,0.819929524
Normal,0.819907084
Normal,0.819676842
Normal,0.819386963
Normal,0.819173151
Normal,0.818453547
Normal,0.818277918
Normal,0.817309928
Normal,0.816493111
Normal,0.815369404
Normal,0.815070901
Normal,0.813457315
Normal,0.813262486
Normal,0.812281826
Normal,0.812110069
Normal,0.811311067
Normal,0.811073479
Normal,0.811057478
Normal,0.811043139
Normal,0.81086478
Normal,0.810418216
Normal,0.810244866
Normal,0.809302844
Normal,0.8085809
Normal,0.808511625
Normal,0.808458141
Normal,0.808454261
Normal,0.808159144
Normal,0.8077143
Normal,0.807348265
Normal,0.807294601
Normal,0.80693285
Normal,0.806028207
Normal,0.805437996
Normal,0.805325322
Normal,0.805299614
Normal,0.80511278
Normal,0.804896353
Normal,0.804032849
Normal,0.803090513
Normal,0.802748172
Normal,0.801989098
Normal,0.80192053
Normal,0.80188914
Normal,0.800755247
Normal,0.799999825
Normal,0.799525137
Normal,0.799350773
Outlier,0.799216533
Normal,0.798001677
Normal,0.797676966
Normal,0.797570986
Normal,0.7973603
Normal,0.797203891
Normal,0.79719633
Normal,0.797179372
Normal,0.796482793
Normal,0.795280583
Normal,0.795085279
Normal,0.79476263
Normal,0.794238569
Normal,0.793549354
Normal,0.793087364
Normal,0.792676566
Normal,0.792601403
Normal,0.789748233
Normal,0.78933553
Normal,0.789175117
Normal,0.788999777
Normal,0.788863614
Normal,0.788267508
Normal,0.788130806
Normal,0.787304636
Normal,0.787028966
Normal,0.786628852
Normal,0.785622819
Normal,0.784295898
Normal,0.784229161
Normal,0.783908446
Normal,0.783791495
Normal,0.783711196
Normal,0.783196924
Normal,0.782302345
Normal,0.782280588
Normal,0.781726492
Normal,0.781347058
Normal,0.781162876
Normal,0.780654396
Normal,0.780208685
Normal,0.780020908
Normal,0.77997425
Normal,0.779619221
Normal,0.779107253
Normal,0.778760621
Normal,0.778331268
Normal,0.778212793
Normal,0.777815897
Normal,0.777356953
Normal,0.776657373
Normal,0.776070385
Normal,0.775378413
Normal,0.773750168
Normal,0.773411556
Normal,0.773021649
Normal,0.77218139
Normal,0.771683791
Normal,0.770532129
Normal,0.769430667
Normal,0.768896423
Normal,0.768647984
Normal,0.768482414
Normal,0.767986365
Normal,0.767622805
Normal,0.767519515
Normal,0.766946553
Normal,0.766160082
Normal,0.765873087
Normal,0.764956764
Normal,0.764595634
Normal,0.764477154
Normal,0.763945316
Normal,0.763904258
Normal,0.763311853
Normal,0.762578049
Normal,0.761543453
Normal,0.761541803
Normal,0.761120089
Normal,0.760635695
Normal,0.760425716
Normal,0.760358653
Normal,0.759487691
Normal,0.75944179
Normal,0.759133835
Normal,0.75912986
Normal,0.757590812
Normal,0.756930991
Normal,0.756527296
Normal,0.756443068
Normal,0.756074299
Normal,0.755666246
Normal,0.754613169
Normal,0.754522657
Normal,0.754412279
Normal,0.754021737
Normal,0.753460736
Normal,0.752135021
Normal,0.752065986
Normal,0.751068083
Normal,0.750342682
Normal,0.748960322
Normal,0.748942214
Normal,0.748616505
Normal,0.748453488
Normal,0.747598746
Normal,0.747179075
Normal,0.746841914
Normal,0.746746991
Normal,0.746732218
Normal,0.745918872
Normal,0.745845527
Normal,0.744766254
Normal,0.744739636
Normal,0.744407234
Normal,0.743746864
Normal,0.743525743
Normal,0.743111762
Normal,0.742852863
Normal,0.741814441
Normal,0.741671864
Normal,0.739363017
Normal,0.739197808
Normal,0.738808389
Normal,0.738453609
Normal,0.738181241
Normal,0.738142583
Normal,0.737166511
Normal,0.736898624
Normal,0.734281445
Normal,0.73403264
Normal,0.733937691
Normal,0.733922988
Normal,0.733617158
Normal,0.733167708
Normal,0.733062188
Normal,0.733014175
Normal,0.732898034
Normal,0.732819721
Normal,0.732583744
Normal,0.73114082
Normal,0.729937519
Normal,0.729888987
Normal,0.729699595
Normal,0.729079807
Normal,0.728095388
Normal,0.727717646
Normal,0.726918523
Normal,0.726880543
Normal,0.725093943
Normal,0.724772586
Normal,0.72352577
Normal,0.72302652
Normal,0.722878844
Normal,0.721301183
Normal,0.720298222
Normal,0.72028524
Normal,0.719150026
Normal,0.719135129
Normal,0.717514862
Normal,0.716831473
Normal,0.716644497
Normal,0.715248264
Normal,0.714938549
Normal,0.714824981
Normal,0.714570958
Normal,0.713800995
Normal,0.71286112
Normal,0.711302854
Normal,0.711263771
Normal,0.709712228
Normal,0.709105234
Normal,0.707222851
Normal,0.707100046
Normal,0.706568926
Normal,0.706516643
Normal,0.70634122
Normal,0.705821353
Normal,0.705098351
Normal,0.70485923
Normal,0.704834386
Normal,0.704646446
Normal,0.703232643
Normal,0.702589534
Normal,0.701694934
Normal,0.701462607
Normal,0.701339142
Normal,0.701307781
Normal,0.700540964
Normal,0.699958292
Normal,0.699403127
Normal,0.698629724
Normal,0.698409632
Normal,0.698212745
Normal,0.698142247
Normal,0.697464147
Normal,0.697463207
Normal,0.697360165
Normal,0.697028223
Normal,0.696787488
Normal,0.696543961
Normal,0.69617235
Normal,0.695986844
Normal,0.695620794
Normal,0.695522946
Normal,0.695254512
Normal,0.695242829
Normal,0.695156334
Normal,0.694354264
Normal,0.694254221
Normal,0.694047304
Normal,0.693847855
Normal,0.693845006
Normal,0.693822817
Normal,0.693673337
Normal,0.693312466
Normal,0.692984276
Normal,0.691758131
Normal,0.691472365
Normal,0.691123024
Normal,0.689714556
Normal,0.689673021
Normal,0.688623047
Normal,0.688033542
Normal,0.688018839
Normal,0.687086031
Normal,0.68691199
Normal,0.686891902
Normal,0.68629034
Normal,0.684853372
Normal,0.684725886
Normal,0.684487633
Normal,0.684160009
Normal,0.68360829
Normal,0.683541155
Normal,0.683527685
Normal,0.683132969
Normal,0.682933975
Normal,0.682017141
Normal,0.681706022
Normal,0.681418785
Normal,0.681154677
Normal,0.680880148
Normal,0.680436602
Normal,0.679368381
Normal,0.679034051
Normal,0.678938733
Normal,0.678914198
Normal,0.678886297
Normal,0.678641917
Normal,0.677995423
Normal,0.677586419
Normal,0.677543979
Normal,0.676840468
Normal,0.676071724
Normal,0.675702174
Normal,0.675682665
Normal,0.675572456
Normal,0.674323512
Normal,0.672832365
Normal,0.672375526
Normal,0.672029486
Normal,0.67120312
Normal,0.67100136
Normal,0.670689692
Normal,0.670364951
Normal,0.667203487
Normal,0.666335233
Normal,0.666240412
Normal,0.666212829
Normal,0.66573096
Normal,0.665392284
Normal,0.664621077
Normal,0.664486707
Normal,0.664392901
Normal,0.664224196
Outlier,0.663989607
Normal,0.663318095
Normal,0.663175212
Normal,0.662649294
Normal,0.662029394
Normal,0.661645834
Normal,0.660936206
Normal,0.659463829
Normal,0.658264901
Normal,0.658135568
Normal,0.657415569
Normal,0.656996385
Normal,0.656918326
Normal,0.655976971
Normal,0.655662437
Normal,0.655540288
Normal,0.655034802
Normal,0.65488976
Normal,0.654868322
Normal,0.654516783
Normal,0.654013283
Normal,0.653993035
Normal,0.653811109
Normal,0.651983978
Normal,0.651789615
Normal,0.651639677
Normal,0.650855042
Normal,0.650665099
Normal,0.650200898
Normal,0.648647697
Normal,0.647795872
Normal,0.647758946
Normal,0.647487339
Normal,0.646676238
Normal,0.646544279
Normal,0.64637337
Normal,0.646372508
Normal,0.646210242
Normal,0.646178644
Normal,0.646155542
Normal,0.644565634
Normal,0.643852254
Normal,0.643201065
Normal,0.643133067
Normal,0.642756804
Normal,0.641688083
Normal,0.641496228
Outlier,0.641136444
Normal,0.640739374
Normal,0.640377055
Normal,0.640287318
Normal,0.639930789
Normal,0.638895493
Normal,0.638462822
Normal,0.637650231
Normal,0.637287089
Normal,0.637063404
Normal,0.636992304
Normal,0.636701985
Normal,0.636097172
Normal,0.635893118
Normal,0.635421305
Normal,0.634607475
Normal,0.634535221
Normal,0.634357416
Normal,0.634120026
Normal,0.63395422
Normal,0.633848263
Normal,0.633647129
Normal,0.633351696
Normal,0.633055036
Normal,0.632959665
Normal,0.632846203
Normal,0.632653871
Normal,0.631901947
Normal,0.63130472
Normal,0.630497057
Normal,0.630404196
Normal,0.62870804
Normal,0.628325213
Normal,0.628168856
Normal,0.626492743
Normal,0.626413513
Normal,0.626347921
Normal,0.626016104
Normal,0.625897376
Normal,0.625638528
Normal,0.625530802
Normal,0.625249027
Normal,0.624878537
Normal,0.622383163
Normal,0.621407
Normal,0.620955168
Normal,0.620599581
Normal,0.620280457
Normal,0.62004436
Normal,0.618716302
Normal,0.617621396
Normal,0.616812334
Normal,0.615999019
Normal,0.615672378
Normal,0.615172962
Normal,0.614437107
Normal,0.614193227
Normal,0.614175734
Normal,0.613479846
Normal,0.613064119
Normal,0.612878051
Normal,0.612710107
Normal,0.611642462
Normal,0.61121967
Normal,0.611203029
Normal,0.610902126
Normal,0.610063455
Outlier,0.609538954
Normal,0.609263604
Normal,0.607943841
Normal,0.60778102
Normal,0.607091513
Normal,0.605553118
Normal,0.60538131
Normal,0.605211587
Normal,0.605040857
Normal,0.604548189
Normal,0.604230437
Normal,0.603156855
Normal,0.602176717
Normal,0.600863032
Normal,0.600525436
Normal,0.600327868
Normal,0.599687364
Normal,0.599145825
Normal,0.598879019
Normal,0.598494182
Normal,0.598452909
Outlier,0.59763507
Normal,0.597250355
Normal,0.596315168
Normal,0.595113966
Normal,0.594222443
Normal,0.593737394
Normal,0.593722072
Normal,0.593018702
Normal,0.592319906
Normal,0.59140528
Normal,0.589794479
Normal,0.589738397
Normal,0.589565484
Normal,0.588616268
Normal,0.588442353
Normal,0.588127239
Normal,0.587747508
Normal,0.587659892
Normal,0.587457204
Normal,0.587399939
Normal,0.586726435
Normal,0.586445505
Normal,0.585257849
Normal,0.585135853
Normal,0.58498925
Normal,0.584884245
Normal,0.584068351
Normal,0.583557984
Normal,0.583410627
Normal,0.583071117
Normal,0.582634708
Normal,0.582002875
Normal,0.581652096
Normal,0.579387498
Normal,0.57818465
Normal,0.577909247
Normal,0.577641657
Normal,0.577270836
Normal,0.576934547
Normal,0.576487687
Normal,0.574995919
Normal,0.57469164
Normal,0.574317402
Outlier,0.573371227
Normal,0.57316289
Normal,0.572787858
Normal,0.572369501
Normal,0.571900533
Normal,0.570061709
Normal,0.569594149
Normal,0.569135172
Normal,0.568035408
Normal,0.567723302
Normal,0.567100203
Normal,0.566734946
Normal,0.566541254
Normal,0.566344772
Normal,0.566136271
Outlier,0.565837334
Normal,0.564675631
Normal,0.563200183
Normal,0.562314082
Normal,0.562285481
Normal,0.562246265
Normal,0.56215346
Normal,0.561820869
Normal,0.56180511
Normal,0.560908486
Normal,0.560146975
Normal,0.559324715
Normal,0.559008343
Normal,0.558991137
Normal,0.558413394
Normal,0.55810971
Normal,0.557906056
Normal,0.556786406
Normal,0.555202683
Normal,0.555153771
Normal,0.555047658
Normal,0.554374701
Normal,0.554259652
Normal,0.55418432
Normal,0.551427364
Normal,0.550937376
Normal,0.550795785
Normal,0.550679052
Normal,0.550038573
Normal,0.549866821
Normal,0.548836067
Normal,0.547925785
Normal,0.547588735
Normal,0.546488077
Normal,0.546344225
Normal,0.545454335
Normal,0.545213701
Normal,0.544264761
Normal,0.544227304
Normal,0.543962143
Normal,0.542455513
Normal,0.541894363
Normal,0.541629483
Normal,0.541586931
Normal,0.541453659
Normal,0.540826589
Normal,0.540697555
Normal,0.539453916
Normal,0.538499646
Normal,0.537864134
Normal,0.536116251
Normal,0.535761631
Normal,0.535440416
Normal,0.534605086
Normal,0.534458359
Outlier,0.533953013
Normal,0.53263465
Normal,0.531852587
Normal,0.531285536
Normal,0.531137884
Outlier,0.530833972
Normal,0.530788218
Normal,0.530314812
Normal,0.53031101
Normal,0.529663963
Normal,0.529093774
Normal,0.528570363
Normal,0.526533312
Normal,0.525689631
Normal,0.52443847
Normal,0.522832476
Normal,0.52261386
Normal,0.521611291
Normal,0.52043063
Normal,0.51998504
Normal,0.519857318
Normal,0.519588865
Normal,0.519454693
Normal,0.518820258
Normal,0.518470115
Normal,0.518443303
Normal,0.516678114
Normal,0.51616463
Normal,0.515777004
Normal,0.514834661
Normal,0.51421217
Normal,0.513970899
Normal,0.512873138
Normal,0.512514943
Normal,0.512348392
Normal,0.512143774
Normal,0.5114924
Normal,0.511260241
Normal,0.511096361
Normal,0.511081074
Normal,0.510412019
Normal,0.509831598
Normal,0.509757957
Normal,0.509302542
Normal,0.508396896
Normal,0.506984053
Normal,0.506506518
Normal,0.506200481
Normal,0.50616123
Normal,0.505557324
Normal,0.503528772
Normal,0.503506722
Normal,0.503166183
Normal,0.503014712
Normal,0.502516116
Normal,0.500187251
Normal,0.500179493
Normal,0.499666492
Normal,0.499394676
Normal,0.497251264
Normal,0.49674745
Normal,0.496431967
Normal,0.4956828
Normal,0.494863354
Normal,0.492360635
Normal,0.49218471
Normal,0.491736128
Normal,0.491106936
Normal,0.490624214
Normal,0.489868255
Normal,0.489627645
Normal,0.488875572
Normal,0.488315968
Normal,0.487929757
Normal,0.487059905
Normal,0.48639999
Normal,0.485220536
Normal,0.483762444
Normal,0.48300091
Normal,0.482046529
Normal,0.481849574
Normal,0.481691598
Normal,0.48040531
Normal,0.478601421
Normal,0.478216386
Normal,0.477959524
Normal,0.477000278
Normal,0.476609274
Normal,0.475928585
Normal,0.473647079
Normal,0.472952872
Normal,0.472297543
Normal,0.472090614
Normal,0.471634121
Normal,0.471075931
Normal,0.470810606
Normal,0.470750501
Normal,0.470096577
Normal,0.469680563
Normal,0.469627687
Normal,0.468838743
Normal,0.468412403
Normal,0.467624971
Normal,0.466678918
Normal,0.465799356
Normal,0.465314082
Normal,0.464234959
Normal,0.462709103
Normal,0.461733749
Normal,0.461007627
Normal,0.460010772
Normal,0.45973887
Normal,0.457707968
Normal,0.456216669
Outlier,0.456193857
Normal,0.455831653
Normal,0.45575576
Normal,0.453064041
Normal,0.45172277
Normal,0.449694508
Normal,0.449411929
Normal,0.4485106
Normal,0.447931045
Normal,0.447650334
Normal,0.445899229
Normal,0.445000069
Normal,0.443592454
Normal,0.442684795
Normal,0.441488164
Normal,0.441011772
Normal,0.440526961
Normal,0.439043549
Normal,0.438580959
Normal,0.438385091
Normal,0.438025023
Normal,0.437880634
Normal,0.434050186
Normal,0.433052603
Normal,0.432803425
Normal,0.432570825
Normal,0.431760306
Normal,0.431710145
Normal,0.431564304
Normal,0.43131652
Normal,0.431107321
Outlier,0.43076073
Normal,0.430415681
Normal,0.430029796
Normal,0.429538815
Outlier,0.429013631
Normal,0.42644402
Normal,0.426202897
Normal,0.424290317
Normal,0.423831125
Normal,0.423593907
Normal,0.423150234
Outlier,0.422869065
Normal,0.422475157
Normal,0.421533261
Normal,0.42129382
Normal,0.420594778
Outlier,0.418307409
Normal,0.417550307
Normal,0.417353602
Normal,0.417163829
Normal,0.414781834
Normal,0.413822033
Normal,0.411216612
Outlier,0.411032651
Normal,0.411016536
Normal,0.410990611
Normal,0.410825688
Normal,0.410715168
Normal,0.409347778
Normal,0.408495303
Normal,0.408238223
Normal,0.408212445
Normal,0.404730831
Normal,0.404391746
Normal,0.403985357
Normal,0.40380047
Normal,0.401691273
Normal,0.399229277
Normal,0.398687546
Normal,0.397713033
Normal,0.397277039
Normal,0.397204567
Normal,0.39693159
Normal,0.39608961
Normal,0.395184398
Normal,0.394592231
Normal,0.394496122
Normal,0.394407728
Normal,0.393998084
Normal,0.393947125
Normal,0.393512413
Normal,0.392841953
Normal,0.391647124
Normal,0.390055637
Normal,0.389977429
Normal,0.389801648
Normal,0.387948375
Normal,0.385966916
Normal,0.385406091
Outlier,0.385223816
Normal,0.385070847
Normal,0.384491429
Normal,0.383783655
Normal,0.383736761
Normal,0.381303343
Normal,0.381017636
Normal,0.380722965
Normal,0.38020392
Normal,0.379356484
Normal,0.378742759
Normal,0.377168365
Normal,0.376439189
Normal,0.376154833
Normal,0.375880258
Normal,0.374797718
Normal,0.373617804
Normal,0.372056375
Normal,0.371900408
Normal,0.371696151
Normal,0.371571063
Normal,0.371256983
Normal,0.370744949
Normal,0.370246355
Normal,0.369628144
Normal,0.368149777
Normal,0.36754678
Normal,0.366721076
Normal,0.365961762
Normal,0.365284865
Normal,0.363177019
Normal,0.361999428
Normal,0.361739466
Normal,0.359591718
Normal,0.359264805
Normal,0.3585332
Normal,0.357418844
Normal,0.354859552
Normal,0.354632189
Normal,0.353224873
Normal,0.352938035
Normal,0.352637357
Normal,0.35104406
Normal,0.350806185
Normal,0.349164678
Normal,0.347617532
Normal,0.347228846
Normal,0.342663448
Normal,0.34228829
Normal,0.341306945
Normal,0.340763819
Normal,0.340192759
Normal,0.339082441
Normal,0.339077013
Normal,0.337545609
Normal,0.336740366
Normal,0.336697223
Normal,0.332976542
Normal,0.332859195
Normal,0.330546883
Normal,0.330257432
Normal,0.329659396
Normal,0.329159547
Normal,0.328976012
Normal,0.327780313
Normal,0.3239089
Normal,0.321924344
Normal,0.319778993
Normal,0.316589298
Normal,0.315975673
Normal,0.31482098
Normal,0.313869928
Normal,0.31144717
Normal,0.310539562
Normal,0.31026036
Normal,0.310048469
Normal,0.308596167
Normal,0.307354504
Normal,0.304669965
Normal,0.303159573
Normal,0.302322935
Normal,0.301837474
Normal,0.300676525
Normal,0.299778486
Normal,0.29954751
Normal,0.298834586
Normal,0.298026352
Normal,0.297966013
Normal,0.297643854
Normal,0.297056043
Normal,0.296161714
Normal,0.294855996
Normal,0.294737616
Normal,0.292559912
Normal,0.291550548
Normal,0.291541281
Normal,0.291075411
Normal,0.290126719
Normal,0.289741259
Normal,0.28878029
Normal,0.288068552
Normal,0.286870827
Normal,0.286404206
Normal,0.286330642
Normal,0.286108732
Normal,0.285839743
Normal,0.285376592
Normal,0.284985009
Normal,0.284535835
Normal,0.284325585
Normal,0.283698304
Normal,0.283067636
Normal,0.282840689
Normal,0.282627152
Normal,0.278935336
Normal,0.278584538
Normal,0.278446209
Normal,0.278076999
Normal,0.276027496
Normal,0.275936801
Normal,0.275784498
Normal,0.275728793
Normal,0.275712429
Normal,0.275037199
Normal,0.273444088
Normal,0.272940303
Normal,0.272636891
Normal,0.271780466
Normal,0.271180646
Normal,0.270385769
Normal,0.269370554
Normal,0.267662725
Normal,0.266847397
Normal,0.266515913
Normal,0.263823446
Normal,0.261631823
Normal,0.260205459
Normal,0.259923525
Normal,0.25854188
Normal,0.258062147
Normal,0.256737569
Normal,0.255295088
Normal,0.254274424
Normal,0.254197017
Normal,0.253868179
Normal,0.253670948
Normal,0.25275188
Normal,0.252289293
Normal,0.250568984
Normal,0.250361075
Normal,0.248720212
Normal,0.247560507
Normal,0.246897186
Normal,0.246774109
Normal,0.246460161
Normal,0.246212044
Outlier,0.245857448
Normal,0.245472306
Normal,0.245007367
Normal,0.244980362
Normal,0.243021968
Normal,0.242899687
Normal,0.242065575
Normal,0.240839679
Normal,0.24042438
Normal,0.240167844
Normal,0.239038973
Normal,0.238939248
Normal,0.238093695
Normal,0.237737037
Normal,0.236664594
Normal,0.23646711
Normal,0.236440171
Normal,0.234751471
Normal,0.234602251
Normal,0.233648736
Normal,0.232232758
Normal,0.23049612
Normal,0.229689422
Normal,0.227778629
Normal,0.225806477
Normal,0.224892035
Normal,0.224782728
Normal,0.224474612
Normal,0.223008224
Normal,0.220534608
Normal,0.219126839
Normal,0.218726789
Normal,0.21809481
Normal,0.216174345
Normal,0.215134268
Normal,0.21373706
Normal,0.212478355
Normal,0.212203955
Normal,0.211701929
Normal,0.209576225
Normal,0.209423611
Normal,0.209366023
Normal,0.208861897
Normal,0.206311386
Normal,0.206135847
Normal,0.206009716
Normal,0.205824556
Normal,0.205175291
Normal,0.204055854
Normal,0.201321688
Normal,0.200789451
Normal,0.199652133
Normal,0.199125122
Normal,0.198865828
Normal,0.198538851
Normal,0.198028249
Normal,0.19765097
Normal,0.197437737
Normal,0.197237837
Normal,0.195700374
Normal,0.194370772
Normal,0.192238669
Normal,0.191829217
Normal,0.190901889
Normal,0.190703242
Normal,0.190615575
Normal,0.189817297
Normal,0.189350123
Normal,0.186065283
Normal,0.184260898
Normal,0.184078964
Normal,0.183506992
Normal,0.182453874
Normal,0.182338893
Normal,0.181729605
Normal,0.180479529
Normal,0.179815405
Normal,0.179699594
Normal,0.179572448
Normal,0.177098669
Normal,0.176799547
Normal,0.176482609
Normal,0.175254223
Normal,0.174729282
Normal,0.174450639
Normal,0.172310954
Normal,0.171740231
Normal,0.169939472
Normal,0.169322144
Normal,0.169301322
Normal,0.168837216
Normal,0.168812613
Normal,0.168634298
Normal,0.167548534
Normal,0.167465726
Normal,0.167068208
Normal,0.16602145
Normal,0.165948382
Normal,0.165593733
Normal,0.164639739
Normal,0.164173146
Normal,0.163688641
Normal,0.16330128
Normal,0.161941215
Normal,0.160494194
Normal,0.159909811
Normal,0.159821413
Normal,0.159523968
Normal,0.158754642
Normal,0.158433246
Normal,0.157079674
Normal,0.156453882
Normal,0.154453425
Normal,0.152824967
Normal,0.151423735
Normal,0.150494692
Normal,0.150184903
Normal,0.149762011
Normal,0.148224415
Normal,0.14814727
Normal,0.145750397
Normal,0.144118393
Normal,0.143968081
Normal,0.143510658
Normal,0.143112726
Normal,0.142845844
Normal,0.140819135
Normal,0.13990559
Normal,0.139323916
Normal,0.138386169
Normal,0.137646543
Normal,0.137235414
Normal,0.137171615
Normal,0.135650454
Normal,0.134181201
Outlier,0.132122235
Normal,0.131938733
Normal,0.131761572
Normal,0.130131256
Normal,0.130129738
Normal,0.129907525
Normal,0.129888127
Normal,0.129273267
Normal,0.128530042
Normal,0.127572791
Normal,0.125525129
Normal,0.12459732
Normal,0.123323628
Normal,0.122617627
Normal,0.12261268
Normal,0.121913919
Normal,0.121617408
Normal,0.120758071
Normal,0.120361975
Normal,0.118234657
Normal,0.117823961
Normal,0.117489749
Normal,0.11730271
Normal,0.116944011
Normal,0.11560376
Normal,0.115076394
Normal,0.114835275
Normal,0.113489791
Normal,0.113334677
Normal,0.112921634
Normal,0.112176366
Normal,0.111858054
Normal,0.11108234
Normal,0.110501809
Normal,0.110248348
Normal,0.109606625
Normal,0.109061521
Normal,0.108484893
Normal,0.108371784
Normal,0.107800143
Normal,0.107204231
Normal,0.106922909
Normal,0.106324035
Normal,0.105030015
Normal,0.104490379
Normal,0.103446437
Normal,0.101951997
Normal,0.101793826
Normal,0.101644696
Normal,0.101038152
Normal,0.100712484
Normal,0.100487851
Normal,0.100050679
Normal,0.099957426
Normal,0.09893914
Normal,0.098637985
Normal,0.096973942
Normal,0.091372002
Normal,0.089918258
Normal,0.088538233
Normal,0.086294434
Normal,0.082968253
Normal,0.082479964
Normal,0.080334385
Normal,0.075303528
Normal,0.074793577
Normal,0.072589254
Normal,0.070493003
Normal,0.070398069
Normal,0.069878172
Normal,0.066497591
Normal,0.066351427
Normal,0.066033848
Normal,0.063735441
Normal,0.062674282
Normal,0.062031044
Normal,0.061950936
Normal,0.060082871
Normal,0.058767069
Normal,0.055550762
Normal,0.05421265
Normal,0.053481448
Normal,0.046401112
Normal,0.043666276
Normal,0.026620182
Normal,0.01944995
Normal,0.003643247
Normal,0
